temperature,humidity,solar_intensity,fan_speed,heater_status,batch_weight,initial_moisture,elapsed_time,temperature_change,humidity_change,remaining_time,drying_stage
34.5,75.2,1.0,40,1,2.2,28.857378719690367,0,-0.16,0.21,215,INITIAL
39.3,73.7,31.0,51,1,2.2,28.857378719690367,5,4.79,-1.99,210,INITIAL
43.5,71.2,100.0,60,1,2.2,28.857378719690367,10,4.53,-2.52,205,ACTIVE_DRYING
47.6,69.9,108.0,85,1,2.2,28.857378719690367,15,3.75,-0.79,200,ACTIVE_DRYING
52.2,68.1,192.0,87,1,2.2,28.857378719690367,20,4.12,-0.46,195,ACTIVE_DRYING
49.9,66.0,263.0,84,0,2.2,28.857378719690367,25,-2.45,-1.28,190,ACTIVE_DRYING
49.0,64.6,271.0,87,0,2.2,28.857378719690367,30,-0.53,-0.67,185,ACTIVE_DRYING
48.7,62.8,321.0,71,0,2.2,28.857378719690367,35,-0.29,-1.8,180,ACTIVE_DRYING
48.9,61.8,396.0,70,0,2.2,28.857378719690367,40,-0.03,-0.06,175,ACTIVE_DRYING
48.7,61.0,488.0,72,0,2.2,28.857378719690367,45,0.08,-1.58,170,ACTIVE_DRYING
48.7,58.6,521.0,68,0,2.2,28.857378719690367,50,0.26,-1.79,165,ACTIVE_DRYING
49.9,57.4,551.0,71,0,2.2,28.857378719690367,55,1.39,-0.9,160,ACTIVE_DRYING
50.7,57.2,617.0,68,0,2.2,28.857378719690367,60,1.27,-0.98,155,ACTIVE_DRYING
51.6,54.3,596.0,72,0,2.2,28.857378719690367,65,0.81,-3.08,150,ACTIVE_DRYING
53.1,52.3,633.0,70,0,2.2,28.857378719690367,70,1.31,-0.92,145,ACTIVE_DRYING
53.8,51.8,700.0,71,0,2.2,28.857378719690367,75,1.0,-0.99,140,ACTIVE_DRYING
55.2,51.0,724.0,68,0,2.2,28.857378719690367,80,1.46,-1.86,135,ACTIVE_DRYING
55.6,49.5,705.0,72,0,2.2,28.857378719690367,85,1.21,-1.63,130,ACTIVE_DRYING
57.5,49.5,743.0,68,0,2.2,28.857378719690367,90,1.89,-1.29,125,ACTIVE_DRYING
57.9,47.1,689.0,68,0,2.2,28.857378719690367,95,0.54,-3.1,120,ACTIVE_DRYING
57.7,46.7,726.0,71,0,2.2,28.857378719690367,100,0.14,-1.0,115,ACTIVE_DRYING
58.0,45.1,774.0,68,0,2.2,28.857378719690367,105,0.13,-2.18,110,ACTIVE_DRYING
58.4,44.5,759.0,55,0,2.2,28.857378719690367,110,0.04,-1.15,105,ACTIVE_DRYING
57.4,44.1,725.0,54,0,2.2,28.857378719690367,115,-0.28,-0.33,100,ACTIVE_DRYING
58.3,42.4,772.0,53,0,2.2,28.857378719690367,120,0.86,-1.24,95,STABILIZING
58.4,41.3,708.0,57,0,2.2,28.857378719690367,125,-0.28,-1.4,90,STABILIZING
57.9,39.9,715.0,53,0,2.2,28.857378719690367,130,-0.23,-1.74,85,STABILIZING
57.4,38.6,697.0,53,0,2.2,28.857378719690367,135,0.38,-1.45,80,STABILIZING
58.4,37.7,579.0,53,0,2.2,28.857378719690367,140,0.84,-0.78,75,STABILIZING
58.0,36.7,605.0,57,0,2.2,28.857378719690367,145,-0.35,-1.06,70,STABILIZING
58.3,36.1,640.0,54,0,2.2,28.857378719690367,150,-0.21,-0.28,65,STABILIZING
58.0,35.4,586.0,57,0,2.2,28.857378719690367,155,-0.11,-0.66,60,NEAR_COMPLETE
58.0,34.3,529.0,57,0,2.2,28.857378719690367,160,0.02,-1.39,55,NEAR_COMPLETE
58.2,34.0,498.0,54,0,2.2,28.857378719690367,165,-0.33,-0.27,50,NEAR_COMPLETE
57.5,33.4,424.0,57,0,2.2,28.857378719690367,170,-0.57,-0.58,45,NEAR_COMPLETE
57.6,32.8,439.0,54,0,2.2,28.857378719690367,175,0.0,-0.54,40,NEAR_COMPLETE
58.3,31.4,378.0,55,0,2.2,28.857378719690367,180,0.52,-1.65,35,NEAR_COMPLETE
57.5,29.7,290.0,53,0,2.2,28.857378719690367,185,-0.72,-1.38,30,NEAR_COMPLETE
56.9,28.5,327.0,54,0,2.2,28.857378719690367,190,-0.41,-0.77,25,NEAR_COMPLETE
56.2,27.9,206.0,57,0,2.2,28.857378719690367,195,-0.45,-0.73,20,COMPLETE
55.4,27.7,229.0,53,0,2.2,28.857378719690367,200,-0.95,-0.4,15,COMPLETE
54.5,25.9,153.0,53,0,2.2,28.857378719690367,205,-0.76,-0.8,10,COMPLETE
53.1,26.4,85.0,53,0,2.2,28.857378719690367,210,-1.24,0.9,5,COMPLETE
51.5,25.4,0.0,53,0,2.2,28.857378719690367,215,-1.74,-0.4,0,COMPLETE
35.9,73.3,0.0,41,1,1.7,32.567590137552806,0,0.0,-0.04,353,INITIAL
39.8,71.7,66.0,52,1,1.7,32.567590137552806,5,4.85,-1.26,348,INITIAL
44.3,69.6,83.0,62,1,1.7,32.567590137552806,10,4.92,-1.04,343,ACTIVE_DRYING
48.6,68.2,108.0,83,1,1.7,32.567590137552806,15,3.79,-1.51,338,ACTIVE_DRYING
47.2,66.7,130.0,86,0,1.7,32.567590137552806,20,-1.67,-1.24,333,ACTIVE_DRYING
51.2,65.7,188.0,86,1,1.7,32.567590137552806,25,3.73,-1.5,328,ACTIVE_DRYING
49.4,64.4,233.0,87,0,1.7,32.567590137552806,30,-1.21,-1.4,323,ACTIVE_DRYING
48.6,62.9,251.0,70,0,1.7,32.567590137552806,35,-0.59,-2.43,318,ACTIVE_DRYING
48.6,61.5,287.0,71,0,1.7,32.567590137552806,40,-0.09,-1.88,313,ACTIVE_DRYING
47.5,58.7,318.0,72,0,1.7,32.567590137552806,45,-0.79,-2.31,308,ACTIVE_DRYING
47.6,57.7,359.0,68,0,1.7,32.567590137552806,50,0.26,-1.17,303,ACTIVE_DRYING
47.3,56.2,329.0,71,0,1.7,32.567590137552806,55,-0.57,-1.82,298,ACTIVE_DRYING
47.5,54.6,394.0,70,0,1.7,32.567590137552806,60,0.07,-1.01,293,ACTIVE_DRYING
47.2,52.9,453.0,70,0,1.7,32.567590137552806,65,0.13,-1.11,288,ACTIVE_DRYING
48.2,52.7,468.0,72,0,1.7,32.567590137552806,70,0.86,0.28,283,ACTIVE_DRYING
48.2,51.8,475.0,70,0,1.7,32.567590137552806,75,0.11,-0.86,278,ACTIVE_DRYING
48.6,49.5,474.0,69,0,1.7,32.567590137552806,80,0.51,-1.73,273,ACTIVE_DRYING
49.2,49.3,475.0,70,0,1.7,32.567590137552806,85,0.25,-0.84,268,ACTIVE_DRYING
49.0,48.5,522.0,71,0,1.7,32.567590137552806,90,-0.1,-1.17,263,ACTIVE_DRYING
49.7,47.2,620.0,71,0,1.7,32.567590137552806,95,0.78,-1.4,258,ACTIVE_DRYING
50.5,46.2,596.0,70,0,1.7,32.567590137552806,100,0.52,-2.03,253,ACTIVE_DRYING
51.8,44.8,684.0,72,0,1.7,32.567590137552806,105,0.86,-2.02,248,ACTIVE_DRYING
52.2,43.2,601.0,54,0,1.7,32.567590137552806,110,0.52,-1.32,243,ACTIVE_DRYING
53.7,42.2,627.0,54,0,1.7,32.567590137552806,115,0.94,-1.23,238,ACTIVE_DRYING
54.6,42.0,655.0,53,0,1.7,32.567590137552806,120,0.86,-0.92,233,ACTIVE_DRYING
55.3,39.9,632.0,53,0,1.7,32.567590137552806,125,0.57,-2.15,228,ACTIVE_DRYING
56.9,39.0,749.0,54,0,1.7,32.567590137552806,130,1.75,-1.09,223,ACTIVE_DRYING
58.4,39.1,695.0,56,0,1.7,32.567590137552806,135,1.23,-0.22,218,ACTIVE_DRYING
58.0,37.2,738.0,53,0,1.7,32.567590137552806,140,-0.66,-1.38,213,ACTIVE_DRYING
58.5,36.0,679.0,55,0,1.7,32.567590137552806,145,0.01,-0.98,208,ACTIVE_DRYING
58.5,35.1,707.0,56,0,1.7,32.567590137552806,150,-0.62,-1.25,203,NEAR_COMPLETE
58.0,33.6,735.0,56,0,1.7,32.567590137552806,155,-0.58,-1.43,198,NEAR_COMPLETE
57.6,31.9,729.0,55,0,1.7,32.567590137552806,160,0.01,-1.66,193,NEAR_COMPLETE
58.1,30.9,726.0,53,0,1.7,32.567590137552806,165,0.37,-1.09,188,NEAR_COMPLETE
58.1,30.0,694.0,55,0,1.7,32.567590137552806,170,-0.16,0.52,183,NEAR_COMPLETE
58.1,29.9,746.0,57,0,1.7,32.567590137552806,175,-0.34,0.24,178,NEAR_COMPLETE
58.3,29.3,750.0,55,0,1.7,32.567590137552806,180,-0.01,-1.08,173,NEAR_COMPLETE
57.8,27.6,695.0,53,0,1.7,32.567590137552806,185,-0.4,-1.45,168,COMPLETE
58.0,27.6,745.0,56,0,1.7,32.567590137552806,190,0.13,-0.08,163,COMPLETE
58.2,25.7,751.0,56,0,1.7,32.567590137552806,195,0.08,-1.28,158,COMPLETE
58.2,24.5,714.0,55,0,1.7,32.567590137552806,200,-0.09,-0.26,153,COMPLETE
57.6,25.1,742.0,57,0,1.7,32.567590137552806,205,-0.29,0.66,148,COMPLETE
58.4,24.4,734.0,53,0,1.7,32.567590137552806,210,0.54,-0.24,143,COMPLETE
57.5,23.8,752.0,56,0,1.7,32.567590137552806,215,-0.51,-0.22,138,COMPLETE
57.4,23.1,729.0,54,0,1.7,32.567590137552806,220,0.73,-0.67,133,COMPLETE
57.8,22.3,652.0,53,0,1.7,32.567590137552806,225,0.47,-1.23,128,COMPLETE
58.1,20.1,621.0,54,0,1.7,32.567590137552806,230,0.59,-1.51,123,COMPLETE
57.4,19.6,695.0,54,0,1.7,32.567590137552806,235,-0.51,-0.13,118,COMPLETE
58.0,21.2,657.0,56,0,1.7,32.567590137552806,240,1.05,0.05,113,COMPLETE
58.3,19.5,564.0,56,0,1.7,32.567590137552806,245,-0.18,-1.67,108,COMPLETE
57.9,17.9,622.0,54,0,1.7,32.567590137552806,250,-0.29,-0.7,103,COMPLETE
57.7,19.2,592.0,54,0,1.7,32.567590137552806,255,-0.06,0.17,98,COMPLETE
57.5,19.2,553.0,53,0,1.7,32.567590137552806,260,0.24,-0.82,93,COMPLETE
58.2,17.4,525.0,53,0,1.7,32.567590137552806,265,0.34,-1.33,88,COMPLETE
58.4,17.6,551.0,55,0,1.7,32.567590137552806,270,0.06,1.09,83,COMPLETE
57.1,17.8,458.0,57,0,1.7,32.567590137552806,275,-0.54,0.32,78,COMPLETE
58.6,18.0,473.0,55,0,1.7,32.567590137552806,280,1.36,0.2,73,COMPLETE
57.8,17.9,387.0,54,0,1.7,32.567590137552806,285,-0.54,0.27,68,COMPLETE
57.8,18.2,388.0,54,0,1.7,32.567590137552806,290,0.41,-0.07,63,COMPLETE
57.7,18.0,336.0,54,0,1.7,32.567590137552806,295,-0.16,0.05,58,COMPLETE
57.9,17.4,367.0,56,0,1.7,32.567590137552806,300,0.12,-0.25,53,COMPLETE
57.0,17.7,319.0,54,0,1.7,32.567590137552806,305,-0.41,0.47,48,COMPLETE
56.3,17.9,262.0,53,0,1.7,32.567590137552806,310,-0.51,0.35,43,COMPLETE
56.3,18.9,314.0,57,0,1.7,32.567590137552806,315,0.3,0.07,38,COMPLETE
56.0,18.1,211.0,56,0,1.7,32.567590137552806,320,-0.85,-1.14,33,COMPLETE
55.1,17.8,163.0,53,0,1.7,32.567590137552806,325,-1.5,-0.2,28,COMPLETE
53.5,18.1,196.0,55,0,1.7,32.567590137552806,330,-1.27,0.46,23,COMPLETE
52.7,18.6,137.0,55,0,1.7,32.567590137552806,335,-0.96,0.08,18,COMPLETE
51.2,17.5,115.0,57,0,1.7,32.567590137552806,340,-0.81,-0.27,13,COMPLETE
50.0,18.4,49.0,53,0,1.7,32.567590137552806,345,-1.13,0.36,8,COMPLETE
48.9,18.1,28.0,57,0,1.7,32.567590137552806,350,-0.97,-0.61,3,COMPLETE
34.1,72.5,0.0,40,1,2.1,34.62460860864802,0,0.1,0.57,258,INITIAL
39.4,71.7,36.0,49,1,2.1,34.62460860864802,5,4.79,-0.88,253,INITIAL
43.6,70.5,71.0,59,1,2.1,34.62460860864802,10,4.33,-1.09,248,ACTIVE_DRYING
47.9,68.4,115.0,83,1,2.1,34.62460860864802,15,3.72,-1.6,243,ACTIVE_DRYING
50.6,67.8,166.0,85,1,2.1,34.62460860864802,20,3.02,-1.26,238,ACTIVE_DRYING
50.2,65.6,269.0,86,0,2.1,34.62460860864802,25,-0.19,-2.14,233,ACTIVE_DRYING
49.7,63.3,204.0,86,0,2.1,34.62460860864802,30,-1.24,-2.1,228,ACTIVE_DRYING
49.5,62.4,319.0,71,0,2.1,34.62460860864802,35,-0.92,-1.41,223,ACTIVE_DRYING
48.4,60.5,282.0,70,0,2.1,34.62460860864802,40,-0.85,-2.3,218,ACTIVE_DRYING
48.8,59.1,413.0,69,0,2.1,34.62460860864802,45,0.09,-1.36,213,ACTIVE_DRYING
47.9,57.0,399.0,70,0,2.1,34.62460860864802,50,-0.3,-1.04,208,ACTIVE_DRYING
48.7,56.0,486.0,70,0,2.1,34.62460860864802,55,0.75,-0.65,203,ACTIVE_DRYING
48.7,55.1,489.0,72,0,2.1,34.62460860864802,60,-0.2,0.33,198,ACTIVE_DRYING
49.6,55.3,513.0,68,0,2.1,34.62460860864802,65,0.43,0.18,193,ACTIVE_DRYING
50.1,54.1,576.0,71,0,2.1,34.62460860864802,70,0.31,-0.98,188,ACTIVE_DRYING
50.5,52.3,602.0,68,0,2.1,34.62460860864802,75,0.29,-1.19,183,ACTIVE_DRYING
50.6,51.5,656.0,71,0,2.1,34.62460860864802,80,0.47,-1.47,178,ACTIVE_DRYING
51.4,49.6,669.0,68,0,2.1,34.62460860864802,85,1.07,-1.84,173,ACTIVE_DRYING
52.0,49.0,650.0,70,0,2.1,34.62460860864802,90,0.7,-1.06,168,ACTIVE_DRYING
52.8,47.5,618.0,69,0,2.1,34.62460860864802,95,0.9,-1.73,163,ACTIVE_DRYING
54.1,46.7,699.0,72,0,2.1,34.62460860864802,100,1.6,-0.84,158,ACTIVE_DRYING
55.0,45.9,696.0,68,0,2.1,34.62460860864802,105,0.74,-0.89,153,ACTIVE_DRYING
55.9,45.0,764.0,69,0,2.1,34.62460860864802,110,1.14,-1.49,148,ACTIVE_DRYING
56.9,42.9,785.0,57,0,2.1,34.62460860864802,115,1.27,-1.69,143,ACTIVE_DRYING
58.2,42.7,751.0,54,0,2.1,34.62460860864802,120,1.01,-1.37,138,ACTIVE_DRYING
58.0,40.9,692.0,53,0,2.1,34.62460860864802,125,-0.48,-2.33,133,ACTIVE_DRYING
57.7,40.4,770.0,56,0,2.1,34.62460860864802,130,-0.16,-1.57,128,ACTIVE_DRYING
58.0,39.8,764.0,57,0,2.1,34.62460860864802,135,0.08,-1.6,123,ACTIVE_DRYING
57.8,38.3,770.0,57,0,2.1,34.62460860864802,140,-0.24,-1.28,118,ACTIVE_DRYING
58.2,37.9,704.0,54,0,2.1,34.62460860864802,145,0.19,-0.69,113,STABILIZING
58.4,35.5,722.0,54,0,2.1,34.62460860864802,150,-0.3,-1.1,108,STABILIZING
57.9,35.8,750.0,54,0,2.1,34.62460860864802,155,-0.2,0.72,103,STABILIZING
58.0,34.6,742.0,57,0,2.1,34.62460860864802,160,0.01,-1.48,98,NEAR_COMPLETE
58.4,33.5,628.0,56,0,2.1,34.62460860864802,165,0.15,-1.37,93,NEAR_COMPLETE
58.2,32.6,677.0,53,0,2.1,34.62460860864802,170,-0.37,-1.04,88,NEAR_COMPLETE
58.0,32.6,628.0,56,0,2.1,34.62460860864802,175,-0.49,-0.88,83,NEAR_COMPLETE
58.2,30.5,619.0,55,0,2.1,34.62460860864802,180,0.26,-1.49,78,NEAR_COMPLETE
58.0,30.5,525.0,54,0,2.1,34.62460860864802,185,-0.23,-0.79,73,NEAR_COMPLETE
57.9,29.4,587.0,56,0,2.1,34.62460860864802,190,-0.01,-1.54,68,NEAR_COMPLETE
58.1,28.0,521.0,53,0,2.1,34.62460860864802,195,0.02,-1.23,63,NEAR_COMPLETE
58.3,28.4,450.0,55,0,2.1,34.62460860864802,200,-0.31,0.36,58,COMPLETE
58.1,26.4,430.0,54,0,2.1,34.62460860864802,205,-0.49,-2.39,53,COMPLETE
57.7,27.1,387.0,53,0,2.1,34.62460860864802,210,-0.45,-0.73,48,COMPLETE
57.6,26.0,337.0,56,0,2.1,34.62460860864802,215,0.4,-1.46,43,COMPLETE
57.3,25.2,324.0,57,0,2.1,34.62460860864802,220,-0.41,-2.43,38,COMPLETE
57.0,24.6,241.0,57,0,2.1,34.62460860864802,225,-0.51,-1.12,33,COMPLETE
56.4,23.8,278.0,56,0,2.1,34.62460860864802,230,-0.77,-0.7,28,COMPLETE
55.2,22.0,207.0,56,0,2.1,34.62460860864802,235,-0.96,-0.57,23,COMPLETE
55.1,23.0,188.0,55,0,2.1,34.62460860864802,240,-0.67,0.08,18,COMPLETE
53.4,21.8,95.0,55,0,2.1,34.62460860864802,245,-1.23,-2.01,13,COMPLETE
52.4,21.4,36.0,53,0,2.1,34.62460860864802,250,-0.98,-0.84,8,COMPLETE
50.7,19.8,0.0,54,0,2.1,34.62460860864802,255,-1.92,-1.95,3,COMPLETE
36.0,74.6,0.0,38,1,1.3,28.710048717023774,0,0.24,-0.66,313,INITIAL
39.6,72.7,0.0,52,1,1.3,28.710048717023774,5,3.91,-2.23,308,INITIAL
44.2,70.3,87.0,62,1,1.3,28.710048717023774,10,4.32,-2.27,303,ACTIVE_DRYING
47.3,68.6,97.0,83,1,1.3,28.710048717023774,15,3.09,-1.79,298,ACTIVE_DRYING
50.7,67.1,183.0,86,1,1.3,28.710048717023774,20,4.44,-2.36,293,ACTIVE_DRYING
50.2,65.7,190.0,86,0,1.3,28.710048717023774,25,-0.5,-1.43,288,ACTIVE_DRYING
49.1,63.1,260.0,85,0,1.3,28.710048717023774,30,-0.82,-2.05,283,ACTIVE_DRYING
48.9,61.9,265.0,72,0,1.3,28.710048717023774,35,-0.42,-0.44,278,ACTIVE_DRYING
48.1,60.2,295.0,68,0,1.3,28.710048717023774,40,-0.39,-0.52,273,ACTIVE_DRYING
48.5,59.6,283.0,72,0,1.3,28.710048717023774,45,-0.25,-0.68,268,ACTIVE_DRYING
46.9,58.5,360.0,71,0,1.3,28.710048717023774,50,-1.67,-1.5,263,ACTIVE_DRYING
47.2,57.7,344.0,69,0,1.3,28.710048717023774,55,0.16,-0.59,258,ACTIVE_DRYING
47.1,56.8,386.0,69,0,1.3,28.710048717023774,60,-0.14,-0.67,253,ACTIVE_DRYING
46.9,56.2,389.0,68,0,1.3,28.710048717023774,65,-0.04,-1.0,248,ACTIVE_DRYING
47.8,53.0,482.0,69,0,1.3,28.710048717023774,70,0.49,-1.5,243,ACTIVE_DRYING
47.3,54.1,470.0,70,0,1.3,28.710048717023774,75,-0.35,1.16,238,ACTIVE_DRYING
48.8,52.9,517.0,72,0,1.3,28.710048717023774,80,1.2,-1.81,233,ACTIVE_DRYING
49.2,50.8,576.0,72,0,1.3,28.710048717023774,85,0.67,-1.29,228,ACTIVE_DRYING
49.7,49.5,592.0,68,0,1.3,28.710048717023774,90,0.89,-0.92,223,ACTIVE_DRYING
50.3,49.1,577.0,69,0,1.3,28.710048717023774,95,1.03,-0.51,218,ACTIVE_DRYING
50.9,48.4,617.0,68,0,1.3,28.710048717023774,100,1.18,-1.5,213,ACTIVE_DRYING
52.2,47.1,669.0,71,0,1.3,28.710048717023774,105,1.07,-1.53,208,ACTIVE_DRYING
52.8,46.4,710.0,69,0,1.3,28.710048717023774,110,0.58,-0.8,203,ACTIVE_DRYING
54.2,45.3,683.0,72,0,1.3,28.710048717023774,115,0.72,-1.2,198,ACTIVE_DRYING
55.4,45.0,741.0,72,0,1.3,28.710048717023774,120,0.92,-0.68,193,ACTIVE_DRYING
55.9,43.2,716.0,57,0,1.3,28.710048717023774,125,0.57,-1.52,188,ACTIVE_DRYING
57.3,42.6,733.0,55,0,1.3,28.710048717023774,130,1.85,-1.38,183,ACTIVE_DRYING
58.4,40.9,740.0,56,0,1.3,28.710048717023774,135,0.81,-1.35,178,NEAR_COMPLETE
57.9,39.7,760.0,55,0,1.3,28.710048717023774,140,-0.46,-1.7,173,NEAR_COMPLETE
58.2,38.2,691.0,55,0,1.3,28.710048717023774,145,0.32,-1.95,168,NEAR_COMPLETE
58.4,38.4,777.0,53,0,1.3,28.710048717023774,150,0.24,-1.17,163,NEAR_COMPLETE
58.0,36.5,738.0,54,0,1.3,28.710048717023774,155,-0.8,-2.19,158,NEAR_COMPLETE
58.0,34.1,747.0,55,0,1.3,28.710048717023774,160,0.0,-1.93,153,NEAR_COMPLETE
57.9,34.1,712.0,53,0,1.3,28.710048717023774,165,0.38,-0.17,148,NEAR_COMPLETE
58.6,32.5,704.0,54,0,1.3,28.710048717023774,170,0.17,-1.54,143,COMPLETE
58.7,32.3,756.0,53,0,1.3,28.710048717023774,175,-0.7,0.09,138,COMPLETE
57.7,32.3,800.0,55,0,1.3,28.710048717023774,180,-0.96,0.08,133,COMPLETE
58.3,32.2,692.0,54,0,1.3,28.710048717023774,185,0.55,-0.84,128,COMPLETE
58.0,30.9,705.0,55,0,1.3,28.710048717023774,190,-0.1,-1.09,123,COMPLETE
57.5,29.1,685.0,53,0,1.3,28.710048717023774,195,0.48,-1.43,118,COMPLETE
57.6,29.3,688.0,54,0,1.3,28.710048717023774,200,0.52,0.27,113,COMPLETE
57.5,27.5,630.0,56,0,1.3,28.710048717023774,205,0.41,-0.24,108,COMPLETE
57.7,28.2,643.0,54,0,1.3,28.710048717023774,210,0.49,0.89,103,COMPLETE
57.9,27.6,595.0,57,0,1.3,28.710048717023774,215,0.24,-0.88,98,COMPLETE
57.4,26.6,587.0,54,0,1.3,28.710048717023774,220,0.39,-0.97,93,COMPLETE
58.2,25.2,554.0,53,0,1.3,28.710048717023774,225,0.54,-0.45,88,COMPLETE
58.0,24.8,567.0,56,0,1.3,28.710048717023774,230,0.03,-0.1,83,COMPLETE
58.1,23.5,540.0,56,0,1.3,28.710048717023774,235,-0.06,-0.99,78,COMPLETE
58.4,22.6,494.0,57,0,1.3,28.710048717023774,240,-0.09,-0.7,73,COMPLETE
57.9,22.3,464.0,54,0,1.3,28.710048717023774,245,-0.56,-0.57,68,COMPLETE
57.5,21.0,458.0,56,0,1.3,28.710048717023774,250,0.09,-0.0,63,COMPLETE
57.8,19.8,397.0,57,0,1.3,28.710048717023774,255,-0.16,-0.07,58,COMPLETE
56.6,20.8,357.0,53,0,1.3,28.710048717023774,260,-0.44,1.69,53,COMPLETE
56.8,18.9,379.0,57,0,1.3,28.710048717023774,265,-0.01,-0.55,48,COMPLETE
56.4,19.1,272.0,56,0,1.3,28.710048717023774,270,-0.97,-0.21,43,COMPLETE
55.8,17.6,297.0,54,0,1.3,28.710048717023774,275,-0.56,-0.65,38,COMPLETE
54.9,18.7,205.0,55,0,1.3,28.710048717023774,280,-0.56,0.58,33,COMPLETE
54.6,17.9,196.0,53,0,1.3,28.710048717023774,285,-0.22,-0.07,28,COMPLETE
54.3,17.9,202.0,56,0,1.3,28.710048717023774,290,-0.45,0.02,23,COMPLETE
53.2,18.7,157.0,55,0,1.3,28.710048717023774,295,-1.09,0.19,18,COMPLETE
51.5,17.7,102.0,54,0,1.3,28.710048717023774,300,-1.62,-0.8,13,COMPLETE
49.9,17.6,55.0,53,0,1.3,28.710048717023774,305,-1.1,0.74,8,COMPLETE
48.5,18.5,56.0,54,0,1.3,28.710048717023774,310,-0.97,0.81,3,COMPLETE
33.3,74.3,0.0,42,1,2.4,33.73687866496044,0,-0.11,0.25,212,INITIAL
37.9,73.7,92.0,48,1,2.4,33.73687866496044,5,4.31,-0.79,207,INITIAL
42.0,71.8,89.0,59,1,2.4,33.73687866496044,10,3.94,-2.24,202,ACTIVE_DRYING
46.3,70.4,199.0,83,1,2.4,33.73687866496044,15,3.85,-1.67,197,ACTIVE_DRYING
50.3,67.8,184.0,87,1,2.4,33.73687866496044,20,3.54,-2.44,192,ACTIVE_DRYING
49.0,66.4,311.0,84,0,2.4,33.73687866496044,25,-1.33,-0.83,187,ACTIVE_DRYING
47.7,66.2,271.0,85,0,2.4,33.73687866496044,30,-1.36,-0.27,182,ACTIVE_DRYING
52.7,64.6,372.0,85,1,2.4,33.73687866496044,35,4.84,-2.02,177,ACTIVE_DRYING
52.5,63.3,393.0,70,0,2.4,33.73687866496044,40,-0.06,-1.24,172,ACTIVE_DRYING
52.6,61.2,481.0,68,0,2.4,33.73687866496044,45,0.45,-1.93,167,ACTIVE_DRYING
53.2,61.3,559.0,72,0,2.4,33.73687866496044,50,0.87,-0.11,162,ACTIVE_DRYING
53.6,60.7,543.0,69,0,2.4,33.73687866496044,55,0.67,-2.15,157,ACTIVE_DRYING
54.4,58.0,575.0,69,0,2.4,33.73687866496044,60,0.55,-2.4,152,ACTIVE_DRYING
54.6,57.3,558.0,70,0,2.4,33.73687866496044,65,0.82,-0.25,147,ACTIVE_DRYING
55.2,55.6,659.0,68,0,2.4,33.73687866496044,70,0.78,-1.94,142,ACTIVE_DRYING
56.1,53.6,690.0,70,0,2.4,33.73687866496044,75,1.06,-0.52,137,ACTIVE_DRYING
57.3,54.4,681.0,69,0,2.4,33.73687866496044,80,0.99,1.5,132,ACTIVE_DRYING
58.6,52.1,750.0,69,0,2.4,33.73687866496044,85,0.93,-2.31,127,ACTIVE_DRYING
58.3,50.9,678.0,68,0,2.4,33.73687866496044,90,-0.93,-1.77,122,ACTIVE_DRYING
57.9,47.8,748.0,68,0,2.4,33.73687866496044,95,-0.22,-2.01,117,ACTIVE_DRYING
58.1,47.6,766.0,68,0,2.4,33.73687866496044,100,-0.15,-0.26,112,ACTIVE_DRYING
57.7,46.2,752.0,69,0,2.4,33.73687866496044,105,-0.06,-1.33,107,ACTIVE_DRYING
57.1,44.9,736.0,71,0,2.4,33.73687866496044,110,0.25,-1.42,102,ACTIVE_DRYING
57.6,43.4,773.0,70,0,2.4,33.73687866496044,115,1.03,-1.14,97,ACTIVE_DRYING
58.5,42.7,699.0,57,0,2.4,33.73687866496044,120,0.21,-1.39,92,STABILIZING
57.9,41.6,745.0,56,0,2.4,33.73687866496044,125,-0.63,-0.99,87,STABILIZING
58.2,39.7,681.0,54,0,2.4,33.73687866496044,130,0.51,-1.66,82,STABILIZING
57.9,38.7,635.0,56,0,2.4,33.73687866496044,135,-0.2,-1.64,77,STABILIZING
58.1,37.3,594.0,56,0,2.4,33.73687866496044,140,-0.06,-0.97,72,NEAR_COMPLETE
58.0,36.8,594.0,57,0,2.4,33.73687866496044,145,-0.27,0.17,67,NEAR_COMPLETE
58.4,36.1,544.0,56,0,2.4,33.73687866496044,150,0.23,-0.5,62,NEAR_COMPLETE
58.2,34.1,583.0,57,0,2.4,33.73687866496044,155,-0.35,-0.95,57,NEAR_COMPLETE
58.4,33.9,510.0,53,0,2.4,33.73687866496044,160,-0.54,-0.17,52,NEAR_COMPLETE
57.9,32.9,514.0,53,0,2.4,33.73687866496044,165,-0.13,-0.75,47,NEAR_COMPLETE
57.5,31.4,443.0,56,0,2.4,33.73687866496044,170,-0.32,-1.42,42,COMPLETE
58.0,31.6,379.0,53,0,2.4,33.73687866496044,175,0.12,-0.28,37,COMPLETE
57.1,30.5,318.0,57,0,2.4,33.73687866496044,180,-0.86,-1.08,32,COMPLETE
57.1,28.2,271.0,55,0,2.4,33.73687866496044,185,-0.7,-1.04,27,COMPLETE
55.3,28.5,233.0,56,0,2.4,33.73687866496044,190,-1.86,0.28,22,COMPLETE
54.7,27.7,260.0,53,0,2.4,33.73687866496044,195,-0.93,-0.36,17,COMPLETE
53.8,27.0,123.0,56,0,2.4,33.73687866496044,200,-0.93,-1.15,12,COMPLETE
51.7,26.7,60.0,56,0,2.4,33.73687866496044,205,-1.57,-0.35,7,COMPLETE
50.3,24.9,8.0,56,0,2.4,33.73687866496044,210,-0.95,-1.1,2,COMPLETE
36.3,72.5,12.0,38,1,1.7,36.269605507025744,0,-0.09,-0.35,354,INITIAL
40.6,71.1,71.0,52,1,1.7,36.269605507025744,5,4.52,-1.5,349,INITIAL
44.5,71.4,26.0,60,1,1.7,36.269605507025744,10,3.97,-0.76,344,ACTIVE_DRYING
48.4,67.7,108.0,86,1,1.7,36.269605507025744,15,3.12,-3.64,339,ACTIVE_DRYING
47.2,67.4,140.0,83,0,1.7,36.269605507025744,20,-1.4,-0.32,334,ACTIVE_DRYING
50.1,66.1,182.0,85,1,1.7,36.269605507025744,25,3.27,-1.91,329,ACTIVE_DRYING
48.7,65.0,187.0,83,0,1.7,36.269605507025744,30,-0.77,-0.82,324,ACTIVE_DRYING
47.3,64.0,224.0,87,0,1.7,36.269605507025744,35,-0.52,-1.25,319,ACTIVE_DRYING
46.9,61.5,257.0,68,0,1.7,36.269605507025744,40,-0.17,-1.35,314,ACTIVE_DRYING
51.7,61.0,298.0,70,1,1.7,36.269605507025744,45,4.99,0.05,309,ACTIVE_DRYING
51.4,58.9,324.0,71,0,1.7,36.269605507025744,50,-0.22,-1.41,304,ACTIVE_DRYING
50.8,59.9,302.0,72,0,1.7,36.269605507025744,55,-0.5,0.24,299,ACTIVE_DRYING
50.2,56.8,377.0,69,0,1.7,36.269605507025744,60,0.04,-2.55,294,ACTIVE_DRYING
50.0,56.0,358.0,71,0,1.7,36.269605507025744,65,0.05,-0.85,289,ACTIVE_DRYING
50.6,54.3,486.0,70,0,1.7,36.269605507025744,70,0.86,-1.61,284,ACTIVE_DRYING
50.8,53.5,422.0,71,0,1.7,36.269605507025744,75,0.11,-1.08,279,ACTIVE_DRYING
51.5,52.4,522.0,72,0,1.7,36.269605507025744,80,0.68,-0.96,274,ACTIVE_DRYING
52.0,50.4,513.0,70,0,1.7,36.269605507025744,85,0.2,-2.14,269,ACTIVE_DRYING
53.1,48.5,523.0,71,0,1.7,36.269605507025744,90,0.6,-0.73,264,ACTIVE_DRYING
53.6,48.2,549.0,71,0,1.7,36.269605507025744,95,0.23,0.1,259,ACTIVE_DRYING
53.9,47.8,550.0,72,0,1.7,36.269605507025744,100,-0.18,-1.71,254,ACTIVE_DRYING
53.8,47.4,673.0,72,0,1.7,36.269605507025744,105,0.5,-1.01,249,ACTIVE_DRYING
54.9,45.6,588.0,71,0,1.7,36.269605507025744,110,1.07,-1.46,244,ACTIVE_DRYING
55.0,44.4,631.0,72,0,1.7,36.269605507025744,115,0.19,-1.81,239,ACTIVE_DRYING
55.6,43.6,678.0,53,0,1.7,36.269605507025744,120,1.19,-0.23,234,ACTIVE_DRYING
57.5,42.9,708.0,54,0,1.7,36.269605507025744,125,1.74,-0.84,229,ACTIVE_DRYING
58.1,42.0,684.0,55,0,1.7,36.269605507025744,130,0.32,-0.68,224,ACTIVE_DRYING
57.5,42.1,710.0,57,0,1.7,36.269605507025744,135,-0.13,0.01,219,ACTIVE_DRYING
58.1,40.2,692.0,53,0,1.7,36.269605507025744,140,0.67,-1.33,214,ACTIVE_DRYING
58.1,39.5,668.0,56,0,1.7,36.269605507025744,145,-0.13,-0.15,209,ACTIVE_DRYING
58.1,38.6,707.0,57,0,1.7,36.269605507025744,150,0.15,-0.6,204,ACTIVE_DRYING
58.5,37.0,808.0,55,0,1.7,36.269605507025744,155,-0.17,-2.05,199,ACTIVE_DRYING
58.1,34.7,714.0,57,0,1.7,36.269605507025744,160,-0.47,-1.57,194,ACTIVE_DRYING
57.9,34.7,786.0,57,0,1.7,36.269605507025744,165,-0.21,-0.1,189,NEAR_COMPLETE
58.2,33.7,788.0,56,0,1.7,36.269605507025744,170,-0.17,-0.49,184,NEAR_COMPLETE
58.0,32.8,770.0,56,0,1.7,36.269605507025744,175,-0.15,-0.29,179,NEAR_COMPLETE
57.9,32.2,762.0,57,0,1.7,36.269605507025744,180,0.13,-0.39,174,NEAR_COMPLETE
58.0,31.1,706.0,54,0,1.7,36.269605507025744,185,0.16,-0.98,169,NEAR_COMPLETE
57.5,30.6,741.0,54,0,1.7,36.269605507025744,190,-0.13,-1.42,164,NEAR_COMPLETE
58.3,28.4,724.0,56,0,1.7,36.269605507025744,195,0.31,-2.68,159,NEAR_COMPLETE
57.9,28.2,704.0,57,0,1.7,36.269605507025744,200,-0.21,0.04,154,COMPLETE
57.9,27.1,721.0,56,0,1.7,36.269605507025744,205,-0.11,-0.91,149,COMPLETE
58.2,26.6,719.0,57,0,1.7,36.269605507025744,210,0.07,-0.84,144,COMPLETE
58.4,26.0,728.0,54,0,1.7,36.269605507025744,215,-0.25,-0.94,139,COMPLETE
58.0,24.6,668.0,53,0,1.7,36.269605507025744,220,-0.52,-0.97,134,COMPLETE
57.5,23.1,698.0,53,0,1.7,36.269605507025744,225,0.49,-0.64,129,COMPLETE
58.0,22.2,722.0,53,0,1.7,36.269605507025744,230,0.56,-0.23,124,COMPLETE
57.7,23.3,722.0,53,0,1.7,36.269605507025744,235,0.31,0.92,119,COMPLETE
58.0,21.9,645.0,57,0,1.7,36.269605507025744,240,0.48,-1.16,114,COMPLETE
57.5,19.9,627.0,56,0,1.7,36.269605507025744,245,-0.16,-1.53,109,COMPLETE
58.0,20.5,630.0,56,0,1.7,36.269605507025744,250,0.33,0.33,104,COMPLETE
57.7,19.5,549.0,57,0,1.7,36.269605507025744,255,0.04,-1.47,99,COMPLETE
57.9,18.7,557.0,54,0,1.7,36.269605507025744,260,0.16,-1.05,94,COMPLETE
58.0,17.7,536.0,54,0,1.7,36.269605507025744,265,0.24,-0.18,89,COMPLETE
57.8,17.5,449.0,54,0,1.7,36.269605507025744,270,-0.15,0.48,84,COMPLETE
57.9,18.3,450.0,54,0,1.7,36.269605507025744,275,0.17,0.64,79,COMPLETE
58.0,17.7,434.0,57,0,1.7,36.269605507025744,280,-0.02,-0.44,74,COMPLETE
57.6,17.9,429.0,57,0,1.7,36.269605507025744,285,-0.05,0.23,69,COMPLETE
58.2,17.6,409.0,53,0,1.7,36.269605507025744,290,-0.17,0.1,64,COMPLETE
57.0,18.3,385.0,55,0,1.7,36.269605507025744,295,-1.14,0.4,59,COMPLETE
55.8,17.6,354.0,56,0,1.7,36.269605507025744,300,-0.12,-0.08,54,COMPLETE
56.6,18.5,288.0,53,0,1.7,36.269605507025744,305,0.67,0.37,49,COMPLETE
56.2,18.7,245.0,56,0,1.7,36.269605507025744,310,-1.15,-0.23,44,COMPLETE
55.5,17.4,349.0,53,0,1.7,36.269605507025744,315,-0.94,-0.67,39,COMPLETE
54.3,17.7,171.0,57,0,1.7,36.269605507025744,320,-0.81,0.57,34,COMPLETE
53.9,18.9,175.0,57,0,1.7,36.269605507025744,325,-0.57,0.25,29,COMPLETE
52.9,17.7,181.0,55,0,1.7,36.269605507025744,330,-0.95,-0.69,24,COMPLETE
52.3,17.1,120.0,53,0,1.7,36.269605507025744,335,-0.77,-0.24,19,COMPLETE
51.0,17.8,132.0,55,0,1.7,36.269605507025744,340,-1.21,1.22,14,COMPLETE
49.8,17.5,55.0,54,0,1.7,36.269605507025744,345,-1.08,0.26,9,COMPLETE
48.1,17.9,0.0,55,0,1.7,36.269605507025744,350,-1.97,0.59,4,COMPLETE
36.2,72.7,51.0,42,1,1.8,36.783144613314064,0,-0.04,-0.16,319,INITIAL
40.9,69.9,20.0,52,1,1.8,36.783144613314064,5,4.82,-2.63,314,INITIAL
44.7,69.0,104.0,62,1,1.8,36.783144613314064,10,3.99,-0.14,309,ACTIVE_DRYING
48.6,67.4,147.0,84,1,1.8,36.783144613314064,15,3.54,-0.96,304,ACTIVE_DRYING
46.9,67.5,102.0,86,0,1.8,36.783144613314064,20,-1.26,-0.79,299,ACTIVE_DRYING
51.5,65.1,183.0,84,1,1.8,36.783144613314064,25,4.18,-1.53,294,ACTIVE_DRYING
49.6,65.1,225.0,83,0,1.8,36.783144613314064,30,-1.06,-0.87,289,ACTIVE_DRYING
48.7,63.1,268.0,68,0,1.8,36.783144613314064,35,-0.59,-1.79,284,ACTIVE_DRYING
49.4,61.3,309.0,70,0,1.8,36.783144613314064,40,-0.12,-0.9,279,ACTIVE_DRYING
48.2,60.5,330.0,69,0,1.8,36.783144613314064,45,-1.08,-0.51,274,ACTIVE_DRYING
48.1,58.9,278.0,71,0,1.8,36.783144613314064,50,-0.58,-0.79,269,ACTIVE_DRYING
48.1,57.8,367.0,70,0,1.8,36.783144613314064,55,-0.45,-1.05,264,ACTIVE_DRYING
48.3,58.1,417.0,68,0,1.8,36.783144613314064,60,0.45,-0.74,259,ACTIVE_DRYING
48.6,56.7,477.0,71,0,1.8,36.783144613314064,65,0.53,-1.56,254,ACTIVE_DRYING
48.8,56.0,513.0,68,0,1.8,36.783144613314064,70,0.18,-0.72,249,ACTIVE_DRYING
49.1,53.6,514.0,71,0,1.8,36.783144613314064,75,0.57,-1.81,244,ACTIVE_DRYING
49.2,53.9,511.0,68,0,1.8,36.783144613314064,80,0.35,-0.52,239,ACTIVE_DRYING
49.9,51.5,569.0,68,0,1.8,36.783144613314064,85,0.97,-1.57,234,ACTIVE_DRYING
51.0,51.3,608.0,68,0,1.8,36.783144613314064,90,0.78,-0.62,229,ACTIVE_DRYING
51.3,51.4,646.0,69,0,1.8,36.783144613314064,95,0.47,-0.25,224,ACTIVE_DRYING
52.2,49.2,644.0,72,0,1.8,36.783144613314064,100,0.52,-2.39,219,ACTIVE_DRYING
52.7,48.2,606.0,71,0,1.8,36.783144613314064,105,0.17,-0.23,214,ACTIVE_DRYING
53.3,49.0,665.0,70,0,1.8,36.783144613314064,110,0.49,0.36,209,ACTIVE_DRYING
54.4,47.3,682.0,72,0,1.8,36.783144613314064,115,0.93,-1.72,204,ACTIVE_DRYING
55.5,46.6,692.0,72,0,1.8,36.783144613314064,120,0.91,-0.86,199,ACTIVE_DRYING
55.9,44.8,761.0,70,0,1.8,36.783144613314064,125,0.48,-1.29,194,ACTIVE_DRYING
57.4,43.5,737.0,69,0,1.8,36.783144613314064,130,1.25,-1.17,189,ACTIVE_DRYING
57.9,43.2,760.0,54,0,1.8,36.783144613314064,135,0.52,-0.37,184,ACTIVE_DRYING
57.6,42.4,705.0,55,0,1.8,36.783144613314064,140,0.32,-1.57,179,ACTIVE_DRYING
58.1,41.3,719.0,57,0,1.8,36.783144613314064,145,0.38,-0.55,174,ACTIVE_DRYING
58.2,41.0,732.0,57,0,1.8,36.783144613314064,150,-0.19,0.55,169,ACTIVE_DRYING
58.5,40.1,721.0,56,0,1.8,36.783144613314064,155,-0.06,-1.39,164,ACTIVE_DRYING
57.6,38.4,758.0,56,0,1.8,36.783144613314064,160,-0.71,-1.2,159,ACTIVE_DRYING
58.1,39.0,759.0,56,0,1.8,36.783144613314064,165,0.48,-0.32,154,ACTIVE_DRYING
57.9,37.7,706.0,57,0,1.8,36.783144613314064,170,-0.17,-0.88,149,ACTIVE_DRYING
57.6,37.4,726.0,54,0,1.8,36.783144613314064,175,0.03,-1.09,144,ACTIVE_DRYING
58.3,37.4,765.0,57,0,1.8,36.783144613314064,180,0.08,-0.58,139,STABILIZING
57.5,36.2,726.0,55,0,1.8,36.783144613314064,185,-0.36,-1.58,134,STABILIZING
58.7,35.7,676.0,57,0,1.8,36.783144613314064,190,0.25,-1.59,129,NEAR_COMPLETE
58.5,34.3,686.0,54,0,1.8,36.783144613314064,195,-0.43,-1.1,124,NEAR_COMPLETE
58.2,34.7,694.0,54,0,1.8,36.783144613314064,200,-0.7,-0.93,119,NEAR_COMPLETE
57.7,31.2,665.0,56,0,1.8,36.783144613314064,205,-0.68,-2.3,114,NEAR_COMPLETE
58.3,31.2,630.0,55,0,1.8,36.783144613314064,210,0.43,-0.16,109,NEAR_COMPLETE
58.1,30.9,631.0,53,0,1.8,36.783144613314064,215,-0.38,-1.38,104,NEAR_COMPLETE
57.8,28.9,655.0,55,0,1.8,36.783144613314064,220,-0.1,-0.84,99,NEAR_COMPLETE
57.8,28.6,589.0,56,0,1.8,36.783144613314064,225,0.38,-0.54,94,NEAR_COMPLETE
57.8,27.1,600.0,57,0,1.8,36.783144613314064,230,0.21,-2.33,89,COMPLETE
58.3,24.5,532.0,55,0,1.8,36.783144613314064,235,0.36,-1.22,84,COMPLETE
57.4,24.9,495.0,56,0,1.8,36.783144613314064,240,-0.23,0.96,79,COMPLETE
57.9,25.3,477.0,57,0,1.8,36.783144613314064,245,0.82,0.19,74,COMPLETE
57.9,24.1,483.0,57,0,1.8,36.783144613314064,250,0.25,-1.28,69,COMPLETE
57.5,22.8,419.0,56,0,1.8,36.783144613314064,255,-0.25,-0.64,64,COMPLETE
57.2,21.9,426.0,57,0,1.8,36.783144613314064,260,0.31,-0.53,59,COMPLETE
57.7,22.6,344.0,56,0,1.8,36.783144613314064,265,0.22,0.43,54,COMPLETE
57.4,21.0,399.0,53,0,1.8,36.783144613314064,270,-0.71,-0.86,49,COMPLETE
57.1,20.5,349.0,53,0,1.8,36.783144613314064,275,-0.57,-0.05,44,COMPLETE
57.2,20.5,278.0,53,0,1.8,36.783144613314064,280,-0.38,0.02,39,COMPLETE
56.6,19.6,241.0,54,0,1.8,36.783144613314064,285,-0.49,-0.43,34,COMPLETE
55.9,19.6,200.0,55,0,1.8,36.783144613314064,290,-0.76,-1.64,29,COMPLETE
55.2,17.3,202.0,56,0,1.8,36.783144613314064,295,-1.0,-1.82,24,COMPLETE
54.0,18.8,73.0,57,0,1.8,36.783144613314064,300,-1.13,0.82,19,COMPLETE
52.5,18.1,81.0,54,0,1.8,36.783144613314064,305,-1.27,-0.43,14,COMPLETE
51.6,17.9,87.0,53,0,1.8,36.783144613314064,310,-0.82,0.29,9,COMPLETE
50.7,17.5,9.0,53,0,1.8,36.783144613314064,315,-1.42,0.25,4,COMPLETE
33.2,73.8,5.0,38,1,2.6,39.22530632940139,0,-0.34,-0.9,198,INITIAL
38.6,73.4,10.0,50,1,2.6,39.22530632940139,5,5.29,-0.39,193,INITIAL
43.3,71.7,136.0,60,1,2.6,39.22530632940139,10,4.4,-1.74,188,ACTIVE_DRYING
46.8,69.8,153.0,85,1,2.6,39.22530632940139,15,3.33,-1.21,183,ACTIVE_DRYING
50.6,68.2,200.0,85,1,2.6,39.22530632940139,20,4.1,-1.07,178,ACTIVE_DRYING
50.2,67.8,237.0,83,0,2.6,39.22530632940139,25,-0.88,-0.85,173,ACTIVE_DRYING
49.5,67.4,351.0,85,0,2.6,39.22530632940139,30,-0.94,-1.04,168,ACTIVE_DRYING
49.3,64.9,363.0,85,0,2.6,39.22530632940139,35,-0.7,-2.07,163,ACTIVE_DRYING
48.5,63.3,457.0,83,0,2.6,39.22530632940139,40,-0.75,-1.19,158,ACTIVE_DRYING
48.8,62.4,505.0,69,0,2.6,39.22530632940139,45,0.51,-1.06,153,ACTIVE_DRYING
49.2,60.3,512.0,69,0,2.6,39.22530632940139,50,0.76,-2.0,148,ACTIVE_DRYING
50.0,59.2,589.0,72,0,2.6,39.22530632940139,55,0.93,-1.93,143,ACTIVE_DRYING
50.7,57.4,647.0,72,0,2.6,39.22530632940139,60,0.83,-1.69,138,ACTIVE_DRYING
52.4,57.0,640.0,71,0,2.6,39.22530632940139,65,0.88,0.1,133,ACTIVE_DRYING
53.3,55.3,710.0,71,0,2.6,39.22530632940139,70,0.62,-0.88,128,ACTIVE_DRYING
53.8,55.1,672.0,69,0,2.6,39.22530632940139,75,0.32,0.02,123,ACTIVE_DRYING
54.9,54.0,747.0,68,0,2.6,39.22530632940139,80,0.79,-0.99,118,ACTIVE_DRYING
56.2,52.8,724.0,71,0,2.6,39.22530632940139,85,0.7,-0.95,113,ACTIVE_DRYING
56.9,50.3,759.0,70,0,2.6,39.22530632940139,90,0.79,-2.02,108,ACTIVE_DRYING
57.7,48.9,736.0,70,0,2.6,39.22530632940139,95,1.09,-1.52,103,ACTIVE_DRYING
57.9,49.5,751.0,68,0,2.6,39.22530632940139,100,0.22,-0.82,98,ACTIVE_DRYING
58.4,47.0,681.0,70,0,2.6,39.22530632940139,105,0.31,-2.23,93,ACTIVE_DRYING
58.0,46.7,729.0,68,0,2.6,39.22530632940139,110,-0.47,0.13,88,STABILIZING
58.4,45.5,735.0,70,0,2.6,39.22530632940139,115,0.2,-1.3,83,STABILIZING
58.1,43.7,694.0,69,0,2.6,39.22530632940139,120,-0.6,-1.55,78,STABILIZING
57.7,43.3,720.0,56,0,2.6,39.22530632940139,125,-0.28,-1.12,73,STABILIZING
58.5,41.5,636.0,54,0,2.6,39.22530632940139,130,0.14,-1.69,68,STABILIZING
58.0,40.1,634.0,57,0,2.6,39.22530632940139,135,-0.76,-1.06,63,STABILIZING
57.7,39.6,597.0,57,0,2.6,39.22530632940139,140,-0.08,-0.75,58,STABILIZING
58.3,38.2,575.0,54,0,2.6,39.22530632940139,145,0.13,-1.19,53,STABILIZING
58.2,37.4,484.0,56,0,2.6,39.22530632940139,150,-0.76,-1.65,48,STABILIZING
57.9,36.6,501.0,55,0,2.6,39.22530632940139,155,-0.3,-1.72,43,NEAR_COMPLETE
58.0,34.6,442.0,53,0,2.6,39.22530632940139,160,-0.22,-1.64,38,NEAR_COMPLETE
58.0,33.6,287.0,56,0,2.6,39.22530632940139,165,-0.13,-1.89,33,NEAR_COMPLETE
57.6,33.2,344.0,56,0,2.6,39.22530632940139,170,-0.29,-0.25,28,NEAR_COMPLETE
56.5,31.6,239.0,53,0,2.6,39.22530632940139,175,-0.75,-1.33,23,NEAR_COMPLETE
56.1,30.0,274.0,53,0,2.6,39.22530632940139,180,-0.18,-0.83,18,NEAR_COMPLETE
54.8,29.5,180.0,53,0,2.6,39.22530632940139,185,-1.69,-0.42,13,COMPLETE
53.2,29.2,16.0,57,0,2.6,39.22530632940139,190,-1.85,-0.77,8,COMPLETE
51.8,27.5,51.0,57,0,2.6,39.22530632940139,195,-1.6,-2.06,3,COMPLETE
34.8,74.0,0.0,39,1,2.8,25.403200979883255,0,-0.02,0.43,300,INITIAL
39.3,73.1,84.0,52,1,2.8,25.403200979883255,5,4.87,-1.77,295,INITIAL
43.9,71.2,86.0,61,1,2.8,25.403200979883255,10,4.5,-2.69,290,ACTIVE_DRYING
47.3,68.3,121.0,87,1,2.8,25.403200979883255,15,3.8,-2.43,285,ACTIVE_DRYING
51.2,66.8,87.0,86,1,2.8,25.403200979883255,20,3.69,-1.03,280,ACTIVE_DRYING
49.2,65.2,191.0,87,0,2.8,25.403200979883255,25,-1.19,-1.8,275,ACTIVE_DRYING
48.9,63.0,189.0,87,0,2.8,25.403200979883255,30,-0.72,-2.78,270,ACTIVE_DRYING
48.7,62.0,312.0,70,0,2.8,25.403200979883255,35,0.27,-1.06,265,ACTIVE_DRYING
48.0,60.0,285.0,68,0,2.8,25.403200979883255,40,0.0,-1.79,260,ACTIVE_DRYING
48.5,58.9,351.0,71,0,2.8,25.403200979883255,45,0.2,-0.91,255,ACTIVE_DRYING
47.9,57.5,331.0,69,0,2.8,25.403200979883255,50,-0.38,-0.94,250,ACTIVE_DRYING
47.7,56.6,398.0,70,0,2.8,25.403200979883255,55,0.04,-0.16,245,ACTIVE_DRYING
48.3,55.6,451.0,69,0,2.8,25.403200979883255,60,0.49,-1.85,240,ACTIVE_DRYING
47.7,53.5,476.0,69,0,2.8,25.403200979883255,65,-1.04,-2.0,235,ACTIVE_DRYING
48.6,51.8,470.0,70,0,2.8,25.403200979883255,70,0.89,-1.46,230,ACTIVE_DRYING
49.2,50.6,540.0,70,0,2.8,25.403200979883255,75,0.4,-0.54,225,ACTIVE_DRYING
50.0,49.8,598.0,72,0,2.8,25.403200979883255,80,0.44,-0.77,220,ACTIVE_DRYING
50.1,48.2,567.0,71,0,2.8,25.403200979883255,85,0.26,-1.62,215,ACTIVE_DRYING
51.1,47.1,592.0,72,0,2.8,25.403200979883255,90,1.04,-0.38,210,ACTIVE_DRYING
52.1,45.8,603.0,68,0,2.8,25.403200979883255,95,1.33,-1.65,205,ACTIVE_DRYING
53.9,44.4,700.0,71,0,2.8,25.403200979883255,100,0.82,-1.78,200,ACTIVE_DRYING
54.6,42.8,659.0,53,0,2.8,25.403200979883255,105,0.51,-0.45,195,ACTIVE_DRYING
55.2,42.0,650.0,56,0,2.8,25.403200979883255,110,0.67,-0.56,190,NEAR_COMPLETE
56.4,41.7,716.0,53,0,2.8,25.403200979883255,115,1.38,-0.51,185,NEAR_COMPLETE
58.3,40.7,713.0,53,0,2.8,25.403200979883255,120,1.33,-1.37,180,NEAR_COMPLETE
58.4,39.6,708.0,57,0,2.8,25.403200979883255,125,-0.33,-1.27,175,NEAR_COMPLETE
58.2,38.6,749.0,57,0,2.8,25.403200979883255,130,-0.24,-0.9,170,NEAR_COMPLETE
57.9,36.5,722.0,55,0,2.8,25.403200979883255,135,-0.19,-1.67,165,NEAR_COMPLETE
58.4,37.0,709.0,57,0,2.8,25.403200979883255,140,-0.04,-0.35,160,NEAR_COMPLETE
57.6,34.2,752.0,53,0,2.8,25.403200979883255,145,-0.6,-2.8,155,COMPLETE
57.9,34.3,704.0,53,0,2.8,25.403200979883255,150,0.43,-1.4,150,COMPLETE
57.5,31.5,750.0,54,0,2.8,25.403200979883255,155,-0.03,-2.18,145,COMPLETE
58.2,30.2,758.0,55,0,2.8,25.403200979883255,160,0.52,-1.08,140,COMPLETE
58.0,30.5,696.0,53,0,2.8,25.403200979883255,165,-0.32,-0.28,135,COMPLETE
58.2,29.3,762.0,54,0,2.8,25.403200979883255,170,0.08,-1.62,130,COMPLETE
57.8,28.1,686.0,54,0,2.8,25.403200979883255,175,-0.06,-0.69,125,COMPLETE
58.0,26.6,699.0,57,0,2.8,25.403200979883255,180,0.26,-0.92,120,COMPLETE
57.6,25.6,717.0,54,0,2.8,25.403200979883255,185,0.02,-0.86,115,COMPLETE
57.7,25.2,711.0,53,0,2.8,25.403200979883255,190,0.37,-0.29,110,COMPLETE
58.0,23.8,635.0,53,0,2.8,25.403200979883255,195,0.14,-1.26,105,COMPLETE
58.2,23.7,633.0,57,0,2.8,25.403200979883255,200,0.06,-0.81,100,COMPLETE
58.3,21.8,577.0,54,0,2.8,25.403200979883255,205,0.06,-2.06,95,COMPLETE
57.7,22.2,566.0,54,0,2.8,25.403200979883255,210,-0.48,0.02,90,COMPLETE
57.7,20.7,524.0,54,0,2.8,25.403200979883255,215,0.15,-1.41,85,COMPLETE
58.2,20.2,556.0,54,0,2.8,25.403200979883255,220,-0.06,-0.79,80,COMPLETE
57.6,19.4,557.0,57,0,2.8,25.403200979883255,225,-0.11,-1.45,75,COMPLETE
57.9,18.0,446.0,56,0,2.8,25.403200979883255,230,0.01,-1.08,70,COMPLETE
58.3,17.6,444.0,53,0,2.8,25.403200979883255,235,0.03,0.35,65,COMPLETE
57.8,19.0,415.0,57,0,2.8,25.403200979883255,240,-0.23,0.12,60,COMPLETE
57.7,18.1,461.0,54,0,2.8,25.403200979883255,245,0.07,-1.14,55,COMPLETE
57.7,18.4,391.0,53,0,2.8,25.403200979883255,250,0.07,-0.22,50,COMPLETE
57.4,18.4,400.0,55,0,2.8,25.403200979883255,255,0.05,-0.1,45,COMPLETE
57.6,18.7,329.0,56,0,2.8,25.403200979883255,260,-0.11,-0.69,40,COMPLETE
56.2,18.0,285.0,55,0,2.8,25.403200979883255,265,-1.18,-0.47,35,COMPLETE
55.5,17.8,215.0,57,0,2.8,25.403200979883255,270,-0.75,-0.01,30,COMPLETE
54.3,18.3,178.0,55,0,2.8,25.403200979883255,275,-0.73,-0.09,25,COMPLETE
54.0,18.0,154.0,55,0,2.8,25.403200979883255,280,-0.19,-0.64,20,COMPLETE
52.2,18.0,83.0,54,0,2.8,25.403200979883255,285,-1.75,0.51,15,COMPLETE
51.5,17.8,100.0,56,0,2.8,25.403200979883255,290,-0.7,-0.49,10,COMPLETE
50.6,17.9,1.0,55,0,2.8,25.403200979883255,295,-1.66,0.23,5,COMPLETE
49.0,17.7,11.0,57,0,2.8,25.403200979883255,300,-2.12,0.27,0,COMPLETE
36.2,76.5,69.0,40,1,1.5,28.731280587676196,0,-0.3,-0.27,185,INITIAL
40.0,74.0,32.0,51,1,1.5,28.731280587676196,5,3.42,-2.81,180,INITIAL
44.5,72.4,108.0,58,1,1.5,28.731280587676196,10,4.15,-2.33,175,ACTIVE_DRYING
47.8,69.5,188.0,84,1,1.5,28.731280587676196,15,3.45,-3.36,170,ACTIVE_DRYING
47.8,67.0,272.0,87,0,1.5,28.731280587676196,20,0.17,-2.56,165,ACTIVE_DRYING
52.0,65.3,363.0,86,1,1.5,28.731280587676196,25,4.12,-1.74,160,ACTIVE_DRYING
51.7,63.2,377.0,84,0,1.5,28.731280587676196,30,-0.84,-1.44,155,ACTIVE_DRYING
51.5,62.7,444.0,72,0,1.5,28.731280587676196,35,-0.9,-1.12,150,ACTIVE_DRYING
51.4,61.6,471.0,71,0,1.5,28.731280587676196,40,0.1,-2.04,145,ACTIVE_DRYING
51.5,58.4,541.0,68,0,1.5,28.731280587676196,45,0.29,-2.36,140,ACTIVE_DRYING
51.3,56.4,572.0,69,0,1.5,28.731280587676196,50,0.61,-1.74,135,ACTIVE_DRYING
52.2,55.7,606.0,71,0,1.5,28.731280587676196,55,1.16,-0.17,130,ACTIVE_DRYING
53.0,53.4,622.0,72,0,1.5,28.731280587676196,60,0.63,-0.93,125,ACTIVE_DRYING
53.7,52.7,673.0,72,0,1.5,28.731280587676196,65,0.46,-1.04,120,ACTIVE_DRYING
54.5,50.4,715.0,68,0,1.5,28.731280587676196,70,0.95,-1.64,115,ACTIVE_DRYING
55.1,50.5,750.0,71,0,1.5,28.731280587676196,75,0.72,-1.48,110,ACTIVE_DRYING
55.6,49.0,720.0,71,0,1.5,28.731280587676196,80,1.17,-1.78,105,ACTIVE_DRYING
57.8,47.5,797.0,68,0,1.5,28.731280587676196,85,2.3,-1.58,100,ACTIVE_DRYING
57.9,46.6,737.0,70,0,1.5,28.731280587676196,90,0.44,-0.92,95,ACTIVE_DRYING
57.8,44.8,737.0,68,0,1.5,28.731280587676196,95,-0.01,-2.22,90,ACTIVE_DRYING
58.1,43.2,768.0,57,0,1.5,28.731280587676196,100,0.32,-1.12,85,ACTIVE_DRYING
58.2,43.0,763.0,56,0,1.5,28.731280587676196,105,0.14,-0.94,80,STABILIZING
58.3,41.7,710.0,53,0,1.5,28.731280587676196,110,0.01,-1.1,75,STABILIZING
57.9,41.0,640.0,53,0,1.5,28.731280587676196,115,-0.49,-0.84,70,STABILIZING
58.0,40.0,669.0,54,0,1.5,28.731280587676196,120,0.11,-1.92,65,STABILIZING
58.1,37.7,654.0,55,0,1.5,28.731280587676196,125,0.28,-1.52,60,NEAR_COMPLETE
57.8,37.5,628.0,54,0,1.5,28.731280587676196,130,-0.02,-0.1,55,NEAR_COMPLETE
58.2,36.9,515.0,54,0,1.5,28.731280587676196,135,-0.25,-0.36,50,NEAR_COMPLETE
57.6,35.6,496.0,54,0,1.5,28.731280587676196,140,-0.08,-0.79,45,NEAR_COMPLETE
57.8,36.0,527.0,54,0,1.5,28.731280587676196,145,0.66,-0.29,40,NEAR_COMPLETE
58.0,35.0,462.0,54,0,1.5,28.731280587676196,150,0.5,-0.97,35,NEAR_COMPLETE
57.9,33.4,409.0,54,0,1.5,28.731280587676196,155,0.15,-1.93,30,NEAR_COMPLETE
57.3,34.1,237.0,53,0,1.5,28.731280587676196,160,-0.43,-0.3,25,COMPLETE
57.4,31.6,307.0,56,0,1.5,28.731280587676196,165,-0.54,-1.64,20,COMPLETE
55.8,31.2,143.0,57,0,1.5,28.731280587676196,170,-1.42,-0.57,15,COMPLETE
55.4,29.5,151.0,55,0,1.5,28.731280587676196,175,-0.79,-1.83,10,COMPLETE
54.6,30.0,93.0,55,0,1.5,28.731280587676196,180,-1.04,0.24,5,COMPLETE
52.1,27.8,0.0,53,0,1.5,28.731280587676196,185,-2.27,-1.44,0,COMPLETE
34.0,71.6,20.0,39,1,1.8,35.521358861728416,0,-0.15,0.38,271,INITIAL
38.7,71.0,33.0,48,1,1.8,35.521358861728416,5,4.41,-1.3,266,INITIAL
43.2,69.4,65.0,61,1,1.8,35.521358861728416,10,4.52,-1.55,261,ACTIVE_DRYING
47.4,68.9,222.0,86,1,1.8,35.521358861728416,15,4.53,-0.43,256,ACTIVE_DRYING
51.7,67.4,182.0,87,1,1.8,35.521358861728416,20,4.31,-1.09,251,ACTIVE_DRYING
50.0,66.5,159.0,85,0,1.8,35.521358861728416,25,-1.4,-0.37,246,ACTIVE_DRYING
49.4,65.5,239.0,86,0,1.8,35.521358861728416,30,-0.45,-0.94,241,ACTIVE_DRYING
49.1,63.8,296.0,86,0,1.8,35.521358861728416,35,-0.23,-0.9,236,ACTIVE_DRYING
48.4,63.3,353.0,72,0,1.8,35.521358861728416,40,-1.21,-0.66,231,ACTIVE_DRYING
47.8,60.6,378.0,69,0,1.8,35.521358861728416,45,-0.66,-2.7,226,ACTIVE_DRYING
52.9,60.0,365.0,69,1,1.8,35.521358861728416,50,5.09,-1.05,221,ACTIVE_DRYING
52.8,58.8,395.0,69,0,1.8,35.521358861728416,55,-0.2,-1.23,216,ACTIVE_DRYING
52.8,58.8,482.0,69,0,1.8,35.521358861728416,60,-0.74,-0.25,211,ACTIVE_DRYING
52.7,57.8,461.0,72,0,1.8,35.521358861728416,65,-0.02,-1.26,206,ACTIVE_DRYING
53.8,56.6,582.0,68,0,1.8,35.521358861728416,70,0.71,-1.34,201,ACTIVE_DRYING
53.5,55.5,527.0,68,0,1.8,35.521358861728416,75,-0.47,-1.79,196,ACTIVE_DRYING
54.4,54.5,581.0,69,0,1.8,35.521358861728416,80,0.95,-1.95,191,ACTIVE_DRYING
54.7,54.0,635.0,69,0,1.8,35.521358861728416,85,0.52,-1.0,186,ACTIVE_DRYING
55.8,52.3,629.0,70,0,1.8,35.521358861728416,90,1.0,-2.12,181,ACTIVE_DRYING
56.5,50.3,715.0,68,0,1.8,35.521358861728416,95,0.47,-1.77,176,ACTIVE_DRYING
57.9,48.7,709.0,68,0,1.8,35.521358861728416,100,0.92,-0.89,171,ACTIVE_DRYING
57.7,48.7,685.0,70,0,1.8,35.521358861728416,105,-0.18,0.26,166,ACTIVE_DRYING
58.2,48.1,724.0,70,0,1.8,35.521358861728416,110,0.25,-0.5,161,ACTIVE_DRYING
58.1,46.8,745.0,70,0,1.8,35.521358861728416,115,-0.11,-0.83,156,ACTIVE_DRYING
58.0,46.7,681.0,72,0,1.8,35.521358861728416,120,-0.11,-0.52,151,ACTIVE_DRYING
58.4,44.8,797.0,70,0,1.8,35.521358861728416,125,-0.22,-1.74,146,ACTIVE_DRYING
57.8,44.0,752.0,71,0,1.8,35.521358861728416,130,-0.36,-1.03,141,ACTIVE_DRYING
58.2,44.1,774.0,57,0,1.8,35.521358861728416,135,-0.02,-0.87,136,ACTIVE_DRYING
58.0,41.7,766.0,56,0,1.8,35.521358861728416,140,-0.76,-2.41,131,ACTIVE_DRYING
58.1,41.0,715.0,55,0,1.8,35.521358861728416,145,0.12,-1.23,126,ACTIVE_DRYING
57.8,39.3,773.0,54,0,1.8,35.521358861728416,150,-0.21,-1.21,121,STABILIZING
58.1,38.3,705.0,53,0,1.8,35.521358861728416,155,-0.04,-0.48,116,NEAR_COMPLETE
58.0,38.1,700.0,55,0,1.8,35.521358861728416,160,-0.27,-0.45,111,NEAR_COMPLETE
57.6,37.5,716.0,53,0,1.8,35.521358861728416,165,0.14,-0.72,106,NEAR_COMPLETE
58.1,35.1,667.0,57,0,1.8,35.521358861728416,170,0.39,-0.81,101,NEAR_COMPLETE
57.5,34.7,651.0,57,0,1.8,35.521358861728416,175,-0.35,0.06,96,NEAR_COMPLETE
57.4,33.8,643.0,53,0,1.8,35.521358861728416,180,0.95,0.03,91,NEAR_COMPLETE
57.6,33.8,616.0,53,0,1.8,35.521358861728416,185,0.54,0.5,86,COMPLETE
58.2,33.1,637.0,57,0,1.8,35.521358861728416,190,0.6,-0.95,81,COMPLETE
58.0,31.6,601.0,53,0,1.8,35.521358861728416,195,-0.45,-2.17,76,COMPLETE
58.1,30.7,497.0,54,0,1.8,35.521358861728416,200,-0.24,-1.06,71,COMPLETE
58.0,29.3,539.0,55,0,1.8,35.521358861728416,205,0.08,-0.86,66,COMPLETE
57.0,30.0,513.0,54,0,1.8,35.521358861728416,210,0.14,-0.22,61,COMPLETE
58.1,29.6,419.0,54,0,1.8,35.521358861728416,215,0.89,-1.01,56,COMPLETE
58.2,28.7,407.0,53,0,1.8,35.521358861728416,220,0.32,-2.3,51,COMPLETE
58.5,26.8,409.0,54,0,1.8,35.521358861728416,225,-0.15,-1.28,46,COMPLETE
58.3,27.5,337.0,56,0,1.8,35.521358861728416,230,0.16,-0.03,41,COMPLETE
56.5,24.8,273.0,53,0,1.8,35.521358861728416,235,-1.48,-2.55,36,COMPLETE
56.6,24.3,280.0,57,0,1.8,35.521358861728416,240,0.14,-0.1,31,COMPLETE
56.4,24.2,212.0,54,0,1.8,35.521358861728416,245,-0.45,-0.6,26,COMPLETE
54.8,23.1,214.0,56,0,1.8,35.521358861728416,250,-0.99,-1.27,21,COMPLETE
55.3,22.5,156.0,56,0,1.8,35.521358861728416,255,-0.2,-0.81,16,COMPLETE
53.5,20.9,78.0,57,0,1.8,35.521358861728416,260,-1.7,-0.23,11,COMPLETE
51.9,21.3,45.0,53,0,1.8,35.521358861728416,265,-1.44,0.48,6,COMPLETE
50.8,21.1,0.0,57,0,1.8,35.521358861728416,270,-1.39,-0.69,1,COMPLETE
33.8,72.2,32.0,41,1,1.1,35.22843042060458,0,-0.12,0.09,337,INITIAL
38.3,72.1,45.0,50,1,1.1,35.22843042060458,5,5.16,-1.0,332,INITIAL
43.4,70.1,109.0,61,1,1.1,35.22843042060458,10,4.9,-2.4,327,ACTIVE_DRYING
47.3,68.4,156.0,83,1,1.1,35.22843042060458,15,3.71,-1.92,322,ACTIVE_DRYING
50.7,66.6,144.0,84,1,1.1,35.22843042060458,20,3.39,-2.04,317,ACTIVE_DRYING
49.1,64.9,214.0,84,0,1.1,35.22843042060458,25,-1.49,-1.96,312,ACTIVE_DRYING
48.8,62.9,199.0,70,0,1.1,35.22843042060458,30,-0.17,-1.7,307,ACTIVE_DRYING
47.3,61.0,239.0,72,0,1.1,35.22843042060458,35,-1.04,-1.39,302,ACTIVE_DRYING
52.0,58.5,296.0,69,1,1.1,35.22843042060458,40,4.82,-2.09,297,ACTIVE_DRYING
51.8,56.3,389.0,69,0,1.1,35.22843042060458,45,-0.23,-0.91,292,ACTIVE_DRYING
50.8,55.9,302.0,69,0,1.1,35.22843042060458,50,-0.83,-0.4,287,ACTIVE_DRYING
50.7,55.1,388.0,69,0,1.1,35.22843042060458,55,-0.19,-1.29,282,ACTIVE_DRYING
49.9,53.4,440.0,69,0,1.1,35.22843042060458,60,-0.68,-2.02,277,ACTIVE_DRYING
49.7,52.7,435.0,69,0,1.1,35.22843042060458,65,0.15,-0.98,272,ACTIVE_DRYING
49.7,51.3,462.0,72,0,1.1,35.22843042060458,70,-0.37,-1.93,267,ACTIVE_DRYING
49.6,50.2,528.0,69,0,1.1,35.22843042060458,75,0.06,-2.04,262,ACTIVE_DRYING
50.4,48.7,506.0,69,0,1.1,35.22843042060458,80,0.25,-1.5,257,ACTIVE_DRYING
49.5,48.1,534.0,69,0,1.1,35.22843042060458,85,-0.8,-1.0,252,ACTIVE_DRYING
50.1,46.8,568.0,71,0,1.1,35.22843042060458,90,0.62,-1.18,247,ACTIVE_DRYING
50.2,47.0,638.0,72,0,1.1,35.22843042060458,95,0.43,-0.53,242,ACTIVE_DRYING
51.2,45.0,588.0,70,0,1.1,35.22843042060458,100,0.95,-2.26,237,ACTIVE_DRYING
52.3,43.9,644.0,56,0,1.1,35.22843042060458,105,0.61,-0.87,232,ACTIVE_DRYING
53.4,43.3,646.0,56,0,1.1,35.22843042060458,110,1.22,-0.92,227,ACTIVE_DRYING
54.4,42.4,641.0,53,0,1.1,35.22843042060458,115,1.02,-2.01,222,ACTIVE_DRYING
55.5,41.8,716.0,55,0,1.1,35.22843042060458,120,1.26,-1.7,217,ACTIVE_DRYING
57.0,40.8,687.0,55,0,1.1,35.22843042060458,125,1.55,-1.18,212,ACTIVE_DRYING
57.7,40.3,730.0,53,0,1.1,35.22843042060458,130,0.39,-1.01,207,ACTIVE_DRYING
57.9,38.2,686.0,56,0,1.1,35.22843042060458,135,0.1,-2.44,202,ACTIVE_DRYING
57.9,36.6,770.0,55,0,1.1,35.22843042060458,140,-0.04,-0.21,197,ACTIVE_DRYING
58.0,37.6,739.0,55,0,1.1,35.22843042060458,145,0.15,0.41,192,ACTIVE_DRYING
58.1,36.1,742.0,56,0,1.1,35.22843042060458,150,-0.08,-1.07,187,ACTIVE_DRYING
58.0,34.9,760.0,54,0,1.1,35.22843042060458,155,-0.45,0.11,182,ACTIVE_DRYING
58.5,36.3,721.0,55,0,1.1,35.22843042060458,160,0.03,0.16,177,ACTIVE_DRYING
57.8,34.4,689.0,55,0,1.1,35.22843042060458,165,-0.34,-1.81,172,ACTIVE_DRYING
58.0,33.3,737.0,56,0,1.1,35.22843042060458,170,0.1,-1.17,167,ACTIVE_DRYING
58.2,32.7,737.0,57,0,1.1,35.22843042060458,175,-0.31,-0.73,162,ACTIVE_DRYING
57.8,30.6,760.0,53,0,1.1,35.22843042060458,180,-0.21,-0.34,157,ACTIVE_DRYING
58.3,31.3,741.0,56,0,1.1,35.22843042060458,185,0.05,0.82,152,ACTIVE_DRYING
58.3,30.0,745.0,55,0,1.1,35.22843042060458,190,-0.45,-0.02,147,STABILIZING
57.9,30.5,710.0,54,0,1.1,35.22843042060458,195,-0.41,0.7,142,STABILIZING
57.9,29.5,707.0,57,0,1.1,35.22843042060458,200,0.32,-0.37,137,NEAR_COMPLETE
57.8,28.3,743.0,55,0,1.1,35.22843042060458,205,0.37,-0.63,132,NEAR_COMPLETE
58.2,27.4,670.0,56,0,1.1,35.22843042060458,210,0.19,-0.75,127,NEAR_COMPLETE
57.9,26.5,663.0,53,0,1.1,35.22843042060458,215,-0.03,-0.45,122,NEAR_COMPLETE
58.0,25.3,723.0,56,0,1.1,35.22843042060458,220,-0.29,-0.21,117,NEAR_COMPLETE
57.7,24.9,669.0,57,0,1.1,35.22843042060458,225,-0.07,-0.16,112,NEAR_COMPLETE
58.2,24.4,619.0,55,0,1.1,35.22843042060458,230,0.5,-0.57,107,NEAR_COMPLETE
58.2,23.0,584.0,53,0,1.1,35.22843042060458,235,-0.17,-0.59,102,NEAR_COMPLETE
57.3,23.3,628.0,54,0,1.1,35.22843042060458,240,-0.17,-0.34,97,NEAR_COMPLETE
58.1,23.5,517.0,53,0,1.1,35.22843042060458,245,0.65,-0.74,92,COMPLETE
58.0,21.8,551.0,53,0,1.1,35.22843042060458,250,-0.38,-1.85,87,COMPLETE
58.0,20.6,486.0,54,0,1.1,35.22843042060458,255,0.17,-0.4,82,COMPLETE
57.8,20.8,482.0,57,0,1.1,35.22843042060458,260,-0.08,-0.22,77,COMPLETE
57.9,21.0,483.0,57,0,1.1,35.22843042060458,265,0.25,-0.96,72,COMPLETE
57.9,19.1,472.0,54,0,1.1,35.22843042060458,270,0.15,-1.77,67,COMPLETE
57.5,18.6,395.0,54,0,1.1,35.22843042060458,275,-0.44,-0.32,62,COMPLETE
56.5,19.4,382.0,57,0,1.1,35.22843042060458,280,-0.94,-1.02,57,COMPLETE
56.1,18.5,307.0,54,0,1.1,35.22843042060458,285,-0.53,-1.53,52,COMPLETE
56.0,18.5,295.0,57,0,1.1,35.22843042060458,290,-0.09,-0.29,47,COMPLETE
55.1,17.4,289.0,53,0,1.1,35.22843042060458,295,-0.73,0.03,42,COMPLETE
54.6,17.0,269.0,57,0,1.1,35.22843042060458,300,-0.71,0.8,37,COMPLETE
53.5,18.5,203.0,53,0,1.1,35.22843042060458,305,-0.91,1.04,32,COMPLETE
52.7,18.8,139.0,53,0,1.1,35.22843042060458,310,-0.53,-0.34,27,COMPLETE
51.6,18.7,198.0,57,0,1.1,35.22843042060458,315,-0.21,-1.12,22,COMPLETE
51.1,18.9,156.0,55,0,1.1,35.22843042060458,320,-0.44,-0.49,17,COMPLETE
49.6,18.7,100.0,55,0,1.1,35.22843042060458,325,-1.11,-0.31,12,COMPLETE
48.9,18.0,52.0,56,0,1.1,35.22843042060458,330,-1.44,-1.28,7,COMPLETE
47.3,18.2,0.0,53,0,1.1,35.22843042060458,335,-1.68,-0.33,2,COMPLETE
33.4,73.9,0.0,40,1,1.9,30.977979782364145,0,-0.02,0.22,355,INITIAL
39.2,71.8,80.0,48,1,1.9,30.977979782364145,5,5.62,-2.15,350,INITIAL
42.3,71.2,60.0,59,1,1.9,30.977979782364145,10,2.9,-1.32,345,ACTIVE_DRYING
46.2,68.9,104.0,87,1,1.9,30.977979782364145,15,3.8,-3.1,340,ACTIVE_DRYING
49.6,67.1,98.0,83,1,1.9,30.977979782364145,20,3.38,-1.32,335,ACTIVE_DRYING
48.3,66.6,188.0,86,0,1.9,30.977979782364145,25,-1.26,-1.09,330,ACTIVE_DRYING
47.4,65.4,189.0,85,0,1.9,30.977979782364145,30,-0.74,-1.68,325,ACTIVE_DRYING
51.2,64.1,194.0,68,1,1.9,30.977979782364145,35,4.24,-1.47,320,ACTIVE_DRYING
50.4,62.1,271.0,72,0,1.9,30.977979782364145,40,-0.23,-1.72,315,ACTIVE_DRYING
50.7,61.8,325.0,69,0,1.9,30.977979782364145,45,-0.17,-0.43,310,ACTIVE_DRYING
49.4,60.0,335.0,68,0,1.9,30.977979782364145,50,-1.06,-1.57,305,ACTIVE_DRYING
50.0,58.5,385.0,70,0,1.9,30.977979782364145,55,0.34,-1.59,300,ACTIVE_DRYING
50.0,57.8,404.0,70,0,1.9,30.977979782364145,60,-0.68,-1.22,295,ACTIVE_DRYING
49.3,56.4,398.0,69,0,1.9,30.977979782364145,65,-0.66,-1.36,290,ACTIVE_DRYING
49.1,54.1,443.0,70,0,1.9,30.977979782364145,70,0.38,-1.77,285,ACTIVE_DRYING
49.6,52.8,438.0,70,0,1.9,30.977979782364145,75,0.32,-0.09,280,ACTIVE_DRYING
50.0,51.6,467.0,69,0,1.9,30.977979782364145,80,0.64,-1.29,275,ACTIVE_DRYING
50.4,49.8,471.0,69,0,1.9,30.977979782364145,85,0.37,-1.25,270,ACTIVE_DRYING
50.6,49.9,534.0,70,0,1.9,30.977979782364145,90,0.33,-0.67,265,ACTIVE_DRYING
50.2,48.7,540.0,72,0,1.9,30.977979782364145,95,0.38,-1.07,260,ACTIVE_DRYING
51.2,47.6,639.0,72,0,1.9,30.977979782364145,100,1.1,-0.87,255,ACTIVE_DRYING
51.7,47.7,653.0,71,0,1.9,30.977979782364145,105,0.47,-0.96,250,ACTIVE_DRYING
51.8,46.1,641.0,71,0,1.9,30.977979782364145,110,0.56,-2.72,245,ACTIVE_DRYING
53.0,44.0,643.0,54,0,1.9,30.977979782364145,115,1.08,-2.76,240,ACTIVE_DRYING
54.0,42.2,640.0,55,0,1.9,30.977979782364145,120,1.01,-1.06,235,ACTIVE_DRYING
55.0,42.3,673.0,56,0,1.9,30.977979782364145,125,1.0,-0.5,230,ACTIVE_DRYING
56.4,40.8,672.0,57,0,1.9,30.977979782364145,130,0.91,-1.27,225,ACTIVE_DRYING
57.1,38.9,722.0,55,0,1.9,30.977979782364145,135,1.31,-2.04,220,ACTIVE_DRYING
57.5,37.1,731.0,55,0,1.9,30.977979782364145,140,1.31,-0.69,215,NEAR_COMPLETE
58.2,36.5,737.0,53,0,1.9,30.977979782364145,145,0.44,-0.49,210,NEAR_COMPLETE
58.1,36.4,712.0,54,0,1.9,30.977979782364145,150,-0.5,-0.71,205,NEAR_COMPLETE
57.9,35.5,754.0,56,0,1.9,30.977979782364145,155,0.26,-1.46,200,NEAR_COMPLETE
58.3,34.5,721.0,54,0,1.9,30.977979782364145,160,0.14,-1.12,195,NEAR_COMPLETE
58.0,32.5,772.0,56,0,1.9,30.977979782364145,165,-0.83,-1.9,190,NEAR_COMPLETE
58.6,32.4,790.0,55,0,1.9,30.977979782364145,170,-0.18,-0.87,185,NEAR_COMPLETE
58.3,30.4,764.0,57,0,1.9,30.977979782364145,175,-0.69,-2.03,180,COMPLETE
58.3,29.3,747.0,56,0,1.9,30.977979782364145,180,-0.08,-1.26,175,COMPLETE
58.3,28.4,754.0,56,0,1.9,30.977979782364145,185,-0.26,-0.92,170,COMPLETE
57.5,28.4,718.0,54,0,1.9,30.977979782364145,190,-0.14,0.68,165,COMPLETE
58.2,26.6,771.0,53,0,1.9,30.977979782364145,195,0.81,-1.95,160,COMPLETE
58.1,26.1,779.0,53,0,1.9,30.977979782364145,200,0.0,0.36,155,COMPLETE
58.2,26.1,735.0,54,0,1.9,30.977979782364145,205,-0.19,-0.4,150,COMPLETE
57.4,25.8,740.0,57,0,1.9,30.977979782364145,210,-0.47,-0.77,145,COMPLETE
58.0,24.2,694.0,57,0,1.9,30.977979782364145,215,0.66,-1.42,140,COMPLETE
58.0,23.8,747.0,53,0,1.9,30.977979782364145,220,-0.1,-1.39,135,COMPLETE
58.1,22.8,716.0,53,0,1.9,30.977979782364145,225,-0.18,-1.39,130,COMPLETE
57.7,22.6,692.0,53,0,1.9,30.977979782364145,230,-0.27,-0.56,125,COMPLETE
58.0,21.6,663.0,53,0,1.9,30.977979782364145,235,0.25,-0.73,120,COMPLETE
58.3,20.6,588.0,54,0,1.9,30.977979782364145,240,-0.1,-1.6,115,COMPLETE
57.5,18.7,634.0,53,0,1.9,30.977979782364145,245,-0.51,-1.8,110,COMPLETE
57.5,18.8,625.0,56,0,1.9,30.977979782364145,250,0.83,0.0,105,COMPLETE
58.0,18.5,567.0,57,0,1.9,30.977979782364145,255,0.45,-0.42,100,COMPLETE
57.9,17.8,570.0,55,0,1.9,30.977979782364145,260,0.48,-0.56,95,COMPLETE
58.3,18.4,582.0,54,0,1.9,30.977979782364145,265,-0.13,0.09,90,COMPLETE
57.7,18.2,555.0,56,0,1.9,30.977979782364145,270,-0.05,0.1,85,COMPLETE
57.6,17.4,525.0,56,0,1.9,30.977979782364145,275,0.53,-0.46,80,COMPLETE
58.3,18.2,422.0,55,0,1.9,30.977979782364145,280,0.62,0.47,75,COMPLETE
57.9,18.3,378.0,53,0,1.9,30.977979782364145,285,-0.39,-0.38,70,COMPLETE
58.1,17.3,456.0,53,0,1.9,30.977979782364145,290,-0.4,-0.56,65,COMPLETE
57.9,17.7,387.0,57,0,1.9,30.977979782364145,295,-0.08,0.46,60,COMPLETE
57.6,18.2,368.0,54,0,1.9,30.977979782364145,300,0.2,0.83,55,COMPLETE
57.6,17.7,291.0,57,0,1.9,30.977979782364145,305,-0.26,-0.49,50,COMPLETE
57.6,19.1,263.0,57,0,1.9,30.977979782364145,310,-0.74,0.33,45,COMPLETE
57.7,17.7,322.0,57,0,1.9,30.977979782364145,315,-0.5,-0.99,40,COMPLETE
56.5,18.1,266.0,54,0,1.9,30.977979782364145,320,-1.07,0.08,35,COMPLETE
56.4,18.1,234.0,56,0,1.9,30.977979782364145,325,-0.66,-0.67,30,COMPLETE
55.0,18.3,229.0,53,0,1.9,30.977979782364145,330,-1.13,-0.07,25,COMPLETE
53.3,18.5,154.0,57,0,1.9,30.977979782364145,335,-1.31,-0.53,20,COMPLETE
52.4,18.8,72.0,57,0,1.9,30.977979782364145,340,-0.81,-0.2,15,COMPLETE
51.0,18.8,86.0,56,0,1.9,30.977979782364145,345,-1.14,-0.67,10,COMPLETE
50.2,17.6,4.0,56,0,1.9,30.977979782364145,350,-1.04,-0.89,5,COMPLETE
48.7,17.8,50.0,57,0,1.9,30.977979782364145,355,-1.28,0.7,0,COMPLETE
35.7,71.2,0.0,42,1,2.4,37.2088163681063,0,0.04,0.13,282,INITIAL
39.9,69.4,6.0,49,1,2.4,37.2088163681063,5,4.26,-1.51,277,INITIAL
43.2,68.1,130.0,58,1,2.4,37.2088163681063,10,3.8,-1.65,272,ACTIVE_DRYING
48.6,66.9,121.0,83,1,2.4,37.2088163681063,15,4.8,-1.56,267,ACTIVE_DRYING
46.7,65.3,191.0,83,0,2.4,37.2088163681063,20,-2.13,-1.82,262,ACTIVE_DRYING
50.4,63.1,189.0,86,1,2.4,37.2088163681063,25,3.15,-1.8,257,ACTIVE_DRYING
49.8,61.9,220.0,68,0,2.4,37.2088163681063,30,-0.62,-0.56,252,ACTIVE_DRYING
48.9,60.1,263.0,69,0,2.4,37.2088163681063,35,-0.97,-1.07,247,ACTIVE_DRYING
48.7,59.3,337.0,72,0,2.4,37.2088163681063,40,-0.25,-0.36,242,ACTIVE_DRYING
48.3,59.4,348.0,70,0,2.4,37.2088163681063,45,-0.3,-0.07,237,ACTIVE_DRYING
48.6,57.7,373.0,72,0,2.4,37.2088163681063,50,0.25,-1.25,232,ACTIVE_DRYING
48.1,56.7,368.0,69,0,2.4,37.2088163681063,55,-0.39,-1.47,227,ACTIVE_DRYING
48.2,54.7,495.0,69,0,2.4,37.2088163681063,60,0.61,-0.96,222,ACTIVE_DRYING
49.4,54.6,530.0,72,0,2.4,37.2088163681063,65,1.06,-0.32,217,ACTIVE_DRYING
49.5,52.8,496.0,71,0,2.4,37.2088163681063,70,0.01,-1.77,212,ACTIVE_DRYING
49.4,52.5,568.0,70,0,2.4,37.2088163681063,75,0.33,-0.86,207,ACTIVE_DRYING
51.1,50.5,591.0,68,0,2.4,37.2088163681063,80,1.21,-1.39,202,ACTIVE_DRYING
51.5,50.0,640.0,70,0,2.4,37.2088163681063,85,0.76,-0.87,197,ACTIVE_DRYING
52.5,49.1,628.0,71,0,2.4,37.2088163681063,90,1.12,-1.01,192,ACTIVE_DRYING
53.3,49.4,664.0,68,0,2.4,37.2088163681063,95,0.7,-0.84,187,ACTIVE_DRYING
54.1,48.1,650.0,71,0,2.4,37.2088163681063,100,0.72,-2.58,182,ACTIVE_DRYING
54.9,46.6,766.0,70,0,2.4,37.2088163681063,105,0.89,-1.81,177,ACTIVE_DRYING
56.1,45.0,722.0,69,0,2.4,37.2088163681063,110,0.61,-1.12,172,ACTIVE_DRYING
56.4,43.7,697.0,70,0,2.4,37.2088163681063,115,0.34,-1.11,167,ACTIVE_DRYING
58.4,42.8,758.0,55,0,2.4,37.2088163681063,120,1.7,-0.74,162,ACTIVE_DRYING
58.3,42.3,719.0,55,0,2.4,37.2088163681063,125,-0.31,0.19,157,ACTIVE_DRYING
57.4,40.8,742.0,55,0,2.4,37.2088163681063,130,-0.42,-1.29,152,ACTIVE_DRYING
58.3,40.5,717.0,55,0,2.4,37.2088163681063,135,0.92,-0.11,147,ACTIVE_DRYING
58.5,39.8,772.0,55,0,2.4,37.2088163681063,140,-0.49,-1.34,142,ACTIVE_DRYING
58.1,39.2,730.0,56,0,2.4,37.2088163681063,145,-0.57,-0.34,137,ACTIVE_DRYING
57.9,37.6,702.0,53,0,2.4,37.2088163681063,150,-0.17,-0.82,132,NEAR_COMPLETE
57.7,38.0,723.0,55,0,2.4,37.2088163681063,155,-0.01,0.18,127,NEAR_COMPLETE
58.3,35.8,794.0,57,0,2.4,37.2088163681063,160,0.31,-2.14,122,NEAR_COMPLETE
58.7,35.3,732.0,56,0,2.4,37.2088163681063,165,-0.55,-1.34,117,NEAR_COMPLETE
58.2,34.2,720.0,55,0,2.4,37.2088163681063,170,-0.74,-1.41,112,NEAR_COMPLETE
57.8,33.2,707.0,54,0,2.4,37.2088163681063,175,-0.4,-1.1,107,NEAR_COMPLETE
57.7,32.1,722.0,53,0,2.4,37.2088163681063,180,0.37,0.05,102,NEAR_COMPLETE
57.7,31.2,641.0,54,0,2.4,37.2088163681063,185,0.34,-0.61,97,COMPLETE
57.7,29.8,631.0,55,0,2.4,37.2088163681063,190,0.67,-0.94,92,COMPLETE
57.8,29.5,626.0,54,0,2.4,37.2088163681063,195,0.08,-0.15,87,COMPLETE
58.1,28.0,538.0,57,0,2.4,37.2088163681063,200,0.09,-0.8,82,COMPLETE
57.7,28.0,550.0,57,0,2.4,37.2088163681063,205,-0.53,0.01,77,COMPLETE
57.5,27.1,528.0,57,0,2.4,37.2088163681063,210,0.22,-0.54,72,COMPLETE
58.1,26.7,500.0,54,0,2.4,37.2088163681063,215,0.77,-0.07,67,COMPLETE
58.1,26.7,489.0,53,0,2.4,37.2088163681063,220,-0.17,-0.41,62,COMPLETE
57.9,25.8,409.0,53,0,2.4,37.2088163681063,225,-0.61,-0.78,57,COMPLETE
57.7,24.2,406.0,53,0,2.4,37.2088163681063,230,-0.11,-1.11,52,COMPLETE
57.9,23.7,382.0,57,0,2.4,37.2088163681063,235,0.21,-0.41,47,COMPLETE
57.5,21.9,350.0,54,0,2.4,37.2088163681063,240,-0.59,-1.02,42,COMPLETE
56.6,22.7,287.0,54,0,2.4,37.2088163681063,245,-0.76,0.31,37,COMPLETE
55.9,21.1,259.0,57,0,2.4,37.2088163681063,250,-0.19,-1.42,32,COMPLETE
55.3,20.9,217.0,57,0,2.4,37.2088163681063,255,-0.35,-0.22,27,COMPLETE
54.8,20.1,189.0,55,0,2.4,37.2088163681063,260,-0.49,-0.5,22,COMPLETE
53.2,19.1,186.0,55,0,2.4,37.2088163681063,265,-1.0,-1.03,17,COMPLETE
52.5,18.7,50.0,55,0,2.4,37.2088163681063,270,-0.84,0.3,12,COMPLETE
51.1,17.5,13.0,53,0,2.4,37.2088163681063,275,-1.41,-0.42,7,COMPLETE
50.6,17.8,32.0,54,0,2.4,37.2088163681063,280,-0.6,0.24,2,COMPLETE
34.1,71.4,0.0,38,1,1.6,28.050627532917904,0,-0.31,-0.3,200,INITIAL
38.2,68.4,79.0,49,1,1.6,28.050627532917904,5,4.46,-2.66,195,INITIAL
43.4,67.3,179.0,61,1,1.6,28.050627532917904,10,5.22,-1.2,190,ACTIVE_DRYING
47.2,66.6,196.0,87,1,1.6,28.050627532917904,15,3.73,-1.22,185,ACTIVE_DRYING
50.6,64.5,190.0,87,1,1.6,28.050627532917904,20,3.72,-2.21,180,ACTIVE_DRYING
50.1,62.2,242.0,70,0,1.6,28.050627532917904,25,-0.83,-1.44,175,ACTIVE_DRYING
49.8,60.8,311.0,68,0,1.6,28.050627532917904,30,-0.77,-1.27,170,ACTIVE_DRYING
49.8,59.5,362.0,71,0,1.6,28.050627532917904,35,-0.42,-0.69,165,ACTIVE_DRYING
49.3,57.3,533.0,72,0,1.6,28.050627532917904,40,0.09,-2.11,160,ACTIVE_DRYING
50.1,57.2,525.0,70,0,1.6,28.050627532917904,45,1.04,-1.03,155,ACTIVE_DRYING
50.7,54.2,543.0,68,0,1.6,28.050627532917904,50,0.93,-3.16,150,ACTIVE_DRYING
51.4,52.2,544.0,72,0,1.6,28.050627532917904,55,0.49,-1.25,145,ACTIVE_DRYING
52.2,51.0,571.0,72,0,1.6,28.050627532917904,60,0.45,-0.7,140,ACTIVE_DRYING
52.5,49.8,635.0,69,0,1.6,28.050627532917904,65,0.33,-1.54,135,ACTIVE_DRYING
53.9,49.0,656.0,72,0,1.6,28.050627532917904,70,0.6,-1.17,130,ACTIVE_DRYING
54.2,47.9,702.0,72,0,1.6,28.050627532917904,75,0.33,-1.29,125,ACTIVE_DRYING
54.9,45.9,761.0,68,0,1.6,28.050627532917904,80,0.51,-1.96,120,ACTIVE_DRYING
56.1,45.6,728.0,68,0,1.6,28.050627532917904,85,1.36,-1.36,115,ACTIVE_DRYING
57.4,43.0,701.0,53,0,1.6,28.050627532917904,90,1.38,-2.5,110,ACTIVE_DRYING
58.7,41.3,752.0,55,0,1.6,28.050627532917904,95,0.67,-1.56,105,ACTIVE_DRYING
57.6,40.7,800.0,54,0,1.6,28.050627532917904,100,-0.85,-0.29,100,NEAR_COMPLETE
58.7,40.3,755.0,54,0,1.6,28.050627532917904,105,0.41,-0.85,95,NEAR_COMPLETE
58.1,38.2,739.0,56,0,1.6,28.050627532917904,110,-0.55,-2.44,90,NEAR_COMPLETE
57.7,38.3,764.0,55,0,1.6,28.050627532917904,115,-0.24,0.23,85,NEAR_COMPLETE
58.0,35.7,724.0,55,0,1.6,28.050627532917904,120,0.41,-1.93,80,NEAR_COMPLETE
58.3,35.5,675.0,55,0,1.6,28.050627532917904,125,-0.03,0.06,75,NEAR_COMPLETE
58.1,34.5,665.0,54,0,1.6,28.050627532917904,130,-0.44,-1.17,70,COMPLETE
58.3,33.5,628.0,57,0,1.6,28.050627532917904,135,-0.35,-0.88,65,COMPLETE
57.9,32.9,578.0,56,0,1.6,28.050627532917904,140,-0.46,-0.49,60,COMPLETE
57.5,32.0,523.0,56,0,1.6,28.050627532917904,145,-0.16,-1.36,55,COMPLETE
57.7,30.9,552.0,55,0,1.6,28.050627532917904,150,0.13,-1.54,50,COMPLETE
58.4,30.2,505.0,56,0,1.6,28.050627532917904,155,0.19,-0.44,45,COMPLETE
57.7,29.1,481.0,53,0,1.6,28.050627532917904,160,-0.42,-0.72,40,COMPLETE
57.6,27.9,386.0,57,0,1.6,28.050627532917904,165,0.01,-1.26,35,COMPLETE
57.4,27.2,383.0,56,0,1.6,28.050627532917904,170,-0.17,-0.39,30,COMPLETE
56.7,26.2,270.0,57,0,1.6,28.050627532917904,175,-0.84,-1.2,25,COMPLETE
56.0,24.9,273.0,54,0,1.6,28.050627532917904,180,-0.66,-1.37,20,COMPLETE
55.2,24.4,174.0,57,0,1.6,28.050627532917904,185,-0.13,-0.32,15,COMPLETE
54.8,23.0,138.0,56,0,1.6,28.050627532917904,190,-0.59,-1.2,10,COMPLETE
53.4,23.0,24.0,57,0,1.6,28.050627532917904,195,-1.59,-0.5,5,COMPLETE
51.9,22.8,0.0,57,0,1.6,28.050627532917904,200,-1.21,-0.4,0,COMPLETE
35.9,70.4,1.0,41,1,2.6,30.53017067244444,0,0.2,0.54,324,INITIAL
40.5,68.2,65.0,48,1,2.6,30.53017067244444,5,3.87,-2.06,319,INITIAL
44.2,67.3,82.0,61,1,2.6,30.53017067244444,10,3.96,-1.5,314,ACTIVE_DRYING
48.1,65.2,147.0,87,1,2.6,30.53017067244444,15,3.69,-2.71,309,ACTIVE_DRYING
46.9,63.5,173.0,69,0,2.6,30.53017067244444,20,-1.03,-1.63,304,ACTIVE_DRYING
50.8,62.1,203.0,70,1,2.6,30.53017067244444,25,3.96,-1.87,299,ACTIVE_DRYING
50.1,60.9,212.0,68,0,2.6,30.53017067244444,30,-0.11,-1.06,294,ACTIVE_DRYING
50.0,59.6,281.0,68,0,2.6,30.53017067244444,35,-0.3,-1.44,289,ACTIVE_DRYING
49.6,57.0,272.0,69,0,2.6,30.53017067244444,40,-0.84,-2.56,284,ACTIVE_DRYING
49.6,56.3,334.0,72,0,2.6,30.53017067244444,45,-0.48,-0.76,279,ACTIVE_DRYING
49.2,55.9,379.0,69,0,2.6,30.53017067244444,50,-0.53,-0.86,274,ACTIVE_DRYING
48.7,52.2,359.0,70,0,2.6,30.53017067244444,55,-0.29,-2.83,269,ACTIVE_DRYING
48.7,52.2,453.0,72,0,2.6,30.53017067244444,60,-0.16,-0.21,264,ACTIVE_DRYING
47.8,50.9,431.0,69,0,2.6,30.53017067244444,65,-0.43,-1.29,259,ACTIVE_DRYING
48.4,49.4,468.0,72,0,2.6,30.53017067244444,70,0.42,-1.26,254,ACTIVE_DRYING
48.4,48.8,487.0,70,0,2.6,30.53017067244444,75,-0.04,-0.34,249,ACTIVE_DRYING
48.5,48.1,505.0,69,0,2.6,30.53017067244444,80,0.74,-0.85,244,ACTIVE_DRYING
49.3,48.0,544.0,68,0,2.6,30.53017067244444,85,0.71,-0.32,239,ACTIVE_DRYING
50.0,46.9,583.0,71,0,2.6,30.53017067244444,90,0.44,-1.7,234,ACTIVE_DRYING
50.7,44.9,557.0,69,0,2.6,30.53017067244444,95,0.89,-1.54,229,ACTIVE_DRYING
51.1,44.1,651.0,69,0,2.6,30.53017067244444,100,0.32,-0.63,224,ACTIVE_DRYING
52.1,41.2,683.0,57,0,2.6,30.53017067244444,105,1.16,-1.7,219,ACTIVE_DRYING
53.0,40.5,630.0,57,0,2.6,30.53017067244444,110,0.86,-0.99,214,ACTIVE_DRYING
53.6,39.1,670.0,55,0,2.6,30.53017067244444,115,1.16,-0.13,209,ACTIVE_DRYING
55.9,38.1,607.0,56,0,2.6,30.53017067244444,120,2.04,-0.29,204,ACTIVE_DRYING
56.4,37.9,659.0,56,0,2.6,30.53017067244444,125,0.59,-0.4,199,ACTIVE_DRYING
57.5,37.1,706.0,53,0,2.6,30.53017067244444,130,0.74,-1.34,194,ACTIVE_DRYING
58.4,36.3,697.0,53,0,2.6,30.53017067244444,135,0.5,-1.08,189,ACTIVE_DRYING
58.4,35.4,783.0,57,0,2.6,30.53017067244444,140,-0.16,-1.25,184,ACTIVE_DRYING
57.8,35.4,747.0,57,0,2.6,30.53017067244444,145,-0.35,-0.49,179,ACTIVE_DRYING
57.6,34.9,733.0,53,0,2.6,30.53017067244444,150,0.12,-0.97,174,ACTIVE_DRYING
58.3,33.5,741.0,55,0,2.6,30.53017067244444,155,0.22,-0.74,169,ACTIVE_DRYING
58.4,32.3,795.0,53,0,2.6,30.53017067244444,160,-0.64,-0.66,164,ACTIVE_DRYING
58.0,31.8,683.0,57,0,2.6,30.53017067244444,165,-0.57,0.39,159,ACTIVE_DRYING
58.7,31.8,758.0,53,0,2.6,30.53017067244444,170,0.17,0.48,154,ACTIVE_DRYING
57.4,30.5,768.0,56,0,2.6,30.53017067244444,175,-0.6,-0.7,149,ACTIVE_DRYING
58.9,30.2,705.0,56,0,2.6,30.53017067244444,180,0.68,-0.53,144,NEAR_COMPLETE
58.2,29.7,720.0,53,0,2.6,30.53017067244444,185,-0.98,-0.59,139,NEAR_COMPLETE
57.8,29.3,680.0,53,0,2.6,30.53017067244444,190,-0.27,-0.55,134,NEAR_COMPLETE
57.6,28.8,617.0,56,0,2.6,30.53017067244444,195,-0.03,-0.65,129,NEAR_COMPLETE
58.0,27.5,694.0,53,0,2.6,30.53017067244444,200,0.16,-1.17,124,NEAR_COMPLETE
57.6,26.2,658.0,57,0,2.6,30.53017067244444,205,-0.37,-0.68,119,NEAR_COMPLETE
58.9,26.5,706.0,55,0,2.6,30.53017067244444,210,0.86,0.31,114,NEAR_COMPLETE
58.0,27.1,682.0,56,0,2.6,30.53017067244444,215,-0.71,-0.4,109,NEAR_COMPLETE
58.2,25.6,637.0,55,0,2.6,30.53017067244444,220,0.02,-1.75,104,NEAR_COMPLETE
57.8,24.8,594.0,53,0,2.6,30.53017067244444,225,-0.21,-0.38,99,NEAR_COMPLETE
58.1,24.5,581.0,53,0,2.6,30.53017067244444,230,0.36,-0.24,94,COMPLETE
58.2,23.7,556.0,53,0,2.6,30.53017067244444,235,-0.13,-1.28,89,COMPLETE
57.8,21.8,605.0,55,0,2.6,30.53017067244444,240,-0.19,-1.44,84,COMPLETE
58.1,21.4,522.0,57,0,2.6,30.53017067244444,245,0.24,-0.19,79,COMPLETE
57.4,20.8,451.0,56,0,2.6,30.53017067244444,250,-0.65,-0.69,74,COMPLETE
58.0,18.8,502.0,53,0,2.6,30.53017067244444,255,0.6,-1.17,69,COMPLETE
57.7,19.2,433.0,55,0,2.6,30.53017067244444,260,0.35,0.13,64,COMPLETE
57.9,18.2,426.0,55,0,2.6,30.53017067244444,265,0.45,-0.82,59,COMPLETE
57.4,18.4,341.0,56,0,2.6,30.53017067244444,270,-0.22,-0.3,54,COMPLETE
56.6,17.4,373.0,57,0,2.6,30.53017067244444,275,-0.12,-0.61,49,COMPLETE
56.2,17.7,309.0,55,0,2.6,30.53017067244444,280,0.02,1.1,44,COMPLETE
55.4,17.5,290.0,53,0,2.6,30.53017067244444,285,-0.0,0.6,39,COMPLETE
55.6,18.3,258.0,54,0,2.6,30.53017067244444,290,-0.12,0.44,34,COMPLETE
54.2,17.5,195.0,55,0,2.6,30.53017067244444,295,-1.47,-0.26,29,COMPLETE
53.4,18.2,146.0,53,0,2.6,30.53017067244444,300,-0.9,1.33,24,COMPLETE
52.4,17.9,124.0,56,0,2.6,30.53017067244444,305,-0.92,-0.32,19,COMPLETE
51.3,17.5,70.0,56,0,2.6,30.53017067244444,310,-1.35,0.13,14,COMPLETE
50.5,18.2,62.0,53,0,2.6,30.53017067244444,315,-1.19,0.83,9,COMPLETE
49.4,17.6,53.0,55,0,2.6,30.53017067244444,320,-1.29,-0.29,4,COMPLETE
32.5,75.1,0.0,40,1,2.1,36.027824061334435,0,0.16,0.5,302,INITIAL
37.0,73.2,97.0,50,1,2.1,36.027824061334435,5,4.58,-2.05,297,INITIAL
41.8,71.4,87.0,59,1,2.1,36.027824061334435,10,4.59,-2.61,292,ACTIVE_DRYING
45.8,69.4,170.0,84,1,2.1,36.027824061334435,15,4.2,-2.17,287,ACTIVE_DRYING
50.3,67.0,178.0,87,1,2.1,36.027824061334435,20,4.67,-1.41,282,ACTIVE_DRYING
48.6,65.2,179.0,86,0,2.1,36.027824061334435,25,-1.21,-0.71,277,ACTIVE_DRYING
48.0,64.1,239.0,86,0,2.1,36.027824061334435,30,-0.92,0.18,272,ACTIVE_DRYING
52.7,63.8,239.0,84,1,2.1,36.027824061334435,35,4.13,-0.87,267,ACTIVE_DRYING
51.6,62.0,345.0,69,0,2.1,36.027824061334435,40,-1.02,-2.59,262,ACTIVE_DRYING
50.6,60.4,280.0,68,0,2.1,36.027824061334435,45,-1.01,-0.55,257,ACTIVE_DRYING
50.3,60.9,332.0,68,0,2.1,36.027824061334435,50,-0.45,-0.98,252,ACTIVE_DRYING
49.6,59.4,433.0,68,0,2.1,36.027824061334435,55,-0.05,-2.1,247,ACTIVE_DRYING
49.7,56.8,384.0,69,0,2.1,36.027824061334435,60,-0.02,-1.59,242,ACTIVE_DRYING
49.8,55.3,443.0,68,0,2.1,36.027824061334435,65,0.59,-1.4,237,ACTIVE_DRYING
50.1,52.2,472.0,68,0,2.1,36.027824061334435,70,0.35,-1.66,232,ACTIVE_DRYING
50.7,52.5,548.0,68,0,2.1,36.027824061334435,75,1.03,0.18,227,ACTIVE_DRYING
50.3,49.4,549.0,68,0,2.1,36.027824061334435,80,0.01,-1.1,222,ACTIVE_DRYING
52.6,49.6,590.0,68,0,2.1,36.027824061334435,85,1.31,0.65,217,ACTIVE_DRYING
52.4,48.2,663.0,70,0,2.1,36.027824061334435,90,-0.36,-1.28,212,ACTIVE_DRYING
53.6,47.8,669.0,68,0,2.1,36.027824061334435,95,0.61,-1.42,207,ACTIVE_DRYING
54.4,46.9,657.0,68,0,2.1,36.027824061334435,100,0.46,-2.12,202,ACTIVE_DRYING
54.7,43.5,654.0,70,0,2.1,36.027824061334435,105,0.72,-2.29,197,ACTIVE_DRYING
56.4,43.4,695.0,54,0,2.1,36.027824061334435,110,1.43,-0.33,192,ACTIVE_DRYING
57.8,42.6,710.0,56,0,2.1,36.027824061334435,115,1.21,-0.95,187,ACTIVE_DRYING
58.6,42.6,722.0,54,0,2.1,36.027824061334435,120,0.06,-0.1,182,ACTIVE_DRYING
58.2,40.7,718.0,55,0,2.1,36.027824061334435,125,-0.55,-1.78,177,ACTIVE_DRYING
57.9,40.6,705.0,54,0,2.1,36.027824061334435,130,-0.15,-0.16,172,ACTIVE_DRYING
57.8,38.5,801.0,57,0,2.1,36.027824061334435,135,0.16,-1.76,167,ACTIVE_DRYING
58.1,37.3,696.0,53,0,2.1,36.027824061334435,140,0.29,-0.86,162,ACTIVE_DRYING
58.0,38.0,765.0,57,0,2.1,36.027824061334435,145,-0.35,0.78,157,ACTIVE_DRYING
58.0,36.9,733.0,54,0,2.1,36.027824061334435,150,-0.01,-1.15,152,ACTIVE_DRYING
58.2,36.5,733.0,57,0,2.1,36.027824061334435,155,-0.11,-0.46,147,NEAR_COMPLETE
57.8,35.7,705.0,53,0,2.1,36.027824061334435,160,-0.05,-1.15,142,NEAR_COMPLETE
57.9,34.1,789.0,54,0,2.1,36.027824061334435,165,0.59,-1.89,137,NEAR_COMPLETE
57.7,32.8,728.0,54,0,2.1,36.027824061334435,170,-0.07,-1.11,132,NEAR_COMPLETE
57.9,32.7,787.0,53,0,2.1,36.027824061334435,175,0.18,-0.91,127,NEAR_COMPLETE
58.2,30.6,768.0,54,0,2.1,36.027824061334435,180,0.12,-0.61,122,NEAR_COMPLETE
58.1,29.9,736.0,57,0,2.1,36.027824061334435,185,-0.05,-0.81,117,NEAR_COMPLETE
58.3,29.4,708.0,56,0,2.1,36.027824061334435,190,-0.28,-0.72,112,COMPLETE
58.0,29.5,698.0,53,0,2.1,36.027824061334435,195,-0.23,-1.01,107,COMPLETE
57.2,28.1,633.0,55,0,2.1,36.027824061334435,200,-0.18,-0.65,102,COMPLETE
57.7,27.6,685.0,55,0,2.1,36.027824061334435,205,0.69,-0.68,97,COMPLETE
58.3,26.8,637.0,55,0,2.1,36.027824061334435,210,0.18,-0.64,92,COMPLETE
57.3,25.9,593.0,57,0,2.1,36.027824061334435,215,-0.32,-1.25,87,COMPLETE
58.5,24.0,589.0,57,0,2.1,36.027824061334435,220,0.63,-1.5,82,COMPLETE
58.3,23.7,474.0,56,0,2.1,36.027824061334435,225,-0.6,-0.64,77,COMPLETE
58.2,21.3,510.0,54,0,2.1,36.027824061334435,230,-0.18,-1.69,72,COMPLETE
58.2,20.5,485.0,54,0,2.1,36.027824061334435,235,-0.15,-0.04,67,COMPLETE
57.4,20.1,506.0,56,0,2.1,36.027824061334435,240,-0.45,0.0,62,COMPLETE
57.6,19.2,423.0,54,0,2.1,36.027824061334435,245,0.6,-1.15,57,COMPLETE
57.6,18.8,370.0,56,0,2.1,36.027824061334435,250,-0.23,-0.42,52,COMPLETE
57.0,18.2,357.0,57,0,2.1,36.027824061334435,255,-0.62,-0.8,47,COMPLETE
56.4,18.1,296.0,55,0,2.1,36.027824061334435,260,0.04,-0.79,42,COMPLETE
56.5,17.6,270.0,55,0,2.1,36.027824061334435,265,0.42,0.14,37,COMPLETE
55.9,17.3,285.0,53,0,2.1,36.027824061334435,270,-0.49,0.69,32,COMPLETE
56.4,17.6,214.0,55,0,2.1,36.027824061334435,275,-0.12,0.83,27,COMPLETE
55.0,18.2,187.0,55,0,2.1,36.027824061334435,280,-1.65,0.22,22,COMPLETE
53.4,18.2,103.0,57,0,2.1,36.027824061334435,285,-1.18,-0.39,17,COMPLETE
52.3,17.0,104.0,55,0,2.1,36.027824061334435,290,-0.88,0.15,12,COMPLETE
51.0,18.3,18.0,53,0,2.1,36.027824061334435,295,-0.92,0.65,7,COMPLETE
49.8,17.4,52.0,57,0,2.1,36.027824061334435,300,-1.68,-0.74,2,COMPLETE
32.9,73.6,49.0,40,1,1.5,25.57935519584229,0,0.11,-0.36,286,INITIAL
37.2,71.8,9.0,51,1,1.5,25.57935519584229,5,4.48,-1.52,281,INITIAL
42.0,70.6,104.0,58,1,1.5,25.57935519584229,10,4.89,-1.24,276,ACTIVE_DRYING
45.4,69.0,84.0,86,1,1.5,25.57935519584229,15,3.77,-1.31,271,ACTIVE_DRYING
50.1,66.7,175.0,86,1,1.5,25.57935519584229,20,4.25,-2.76,266,ACTIVE_DRYING
48.3,65.1,165.0,85,0,1.5,25.57935519584229,25,-2.03,-1.46,261,ACTIVE_DRYING
47.4,63.4,215.0,85,0,1.5,25.57935519584229,30,-1.31,-1.99,256,ACTIVE_DRYING
51.8,61.8,287.0,68,1,1.5,25.57935519584229,35,4.77,-1.49,251,ACTIVE_DRYING
51.4,61.2,280.0,71,0,1.5,25.57935519584229,40,-0.64,-1.76,246,ACTIVE_DRYING
50.6,59.0,352.0,71,0,1.5,25.57935519584229,45,-0.31,-2.55,241,ACTIVE_DRYING
50.7,56.8,367.0,72,0,1.5,25.57935519584229,50,0.36,-2.05,236,ACTIVE_DRYING
50.9,54.8,425.0,69,0,1.5,25.57935519584229,55,0.3,-1.36,231,ACTIVE_DRYING
51.0,54.4,461.0,70,0,1.5,25.57935519584229,60,0.18,-0.95,226,ACTIVE_DRYING
51.9,53.1,514.0,70,0,1.5,25.57935519584229,65,0.44,-1.99,221,ACTIVE_DRYING
51.9,51.5,496.0,69,0,1.5,25.57935519584229,70,-0.16,-1.63,216,ACTIVE_DRYING
52.0,50.3,522.0,71,0,1.5,25.57935519584229,75,0.02,-0.94,211,ACTIVE_DRYING
52.0,49.1,527.0,71,0,1.5,25.57935519584229,80,0.53,-0.9,206,ACTIVE_DRYING
52.9,47.3,629.0,71,0,1.5,25.57935519584229,85,0.36,-1.81,201,ACTIVE_DRYING
53.7,48.0,604.0,72,0,1.5,25.57935519584229,90,0.22,-0.28,196,ACTIVE_DRYING
53.7,44.6,637.0,68,0,1.5,25.57935519584229,95,-0.01,-3.95,191,ACTIVE_DRYING
54.5,43.6,653.0,56,0,1.5,25.57935519584229,100,0.57,-0.19,186,ACTIVE_DRYING
56.1,43.0,676.0,54,0,1.5,25.57935519584229,105,1.05,-1.19,181,NEAR_COMPLETE
56.4,40.8,736.0,55,0,1.5,25.57935519584229,110,0.36,-1.99,176,NEAR_COMPLETE
58.4,40.7,679.0,53,0,1.5,25.57935519584229,115,1.63,-0.44,171,NEAR_COMPLETE
57.5,39.7,753.0,54,0,1.5,25.57935519584229,120,-0.64,-1.72,166,NEAR_COMPLETE
58.0,38.5,781.0,53,0,1.5,25.57935519584229,125,0.23,-0.72,161,NEAR_COMPLETE
58.2,37.5,707.0,55,0,1.5,25.57935519584229,130,-0.21,-1.09,156,NEAR_COMPLETE
57.9,36.6,791.0,55,0,1.5,25.57935519584229,135,-0.29,-0.96,151,COMPLETE
57.8,35.9,791.0,57,0,1.5,25.57935519584229,140,-0.14,-0.98,146,COMPLETE
57.9,34.8,803.0,54,0,1.5,25.57935519584229,145,0.03,-1.51,141,COMPLETE
57.8,32.6,713.0,54,0,1.5,25.57935519584229,150,-0.02,-2.5,136,COMPLETE
58.1,31.8,784.0,57,0,1.5,25.57935519584229,155,0.37,-1.29,131,COMPLETE
57.7,31.0,748.0,53,0,1.5,25.57935519584229,160,-0.08,-1.03,126,COMPLETE
58.4,29.0,707.0,56,0,1.5,25.57935519584229,165,0.63,-2.06,121,COMPLETE
58.2,29.3,697.0,57,0,1.5,25.57935519584229,170,-0.43,-0.31,116,COMPLETE
58.3,26.6,715.0,53,0,1.5,25.57935519584229,175,-0.25,-2.69,111,COMPLETE
58.0,26.9,710.0,53,0,1.5,25.57935519584229,180,-0.45,-0.1,106,COMPLETE
57.9,25.4,664.0,53,0,1.5,25.57935519584229,185,0.01,-0.91,101,COMPLETE
57.9,25.0,627.0,53,0,1.5,25.57935519584229,190,0.02,0.24,96,COMPLETE
58.2,24.4,662.0,56,0,1.5,25.57935519584229,195,0.09,-0.28,91,COMPLETE
57.5,24.3,618.0,53,0,1.5,25.57935519584229,200,-0.71,-1.16,86,COMPLETE
57.9,23.4,551.0,55,0,1.5,25.57935519584229,205,0.38,-0.92,81,COMPLETE
57.9,23.5,474.0,57,0,1.5,25.57935519584229,210,0.01,-0.74,76,COMPLETE
57.6,22.0,514.0,54,0,1.5,25.57935519584229,215,0.26,-1.94,71,COMPLETE
58.1,20.9,470.0,54,0,1.5,25.57935519584229,220,0.3,-2.18,66,COMPLETE
57.9,19.9,488.0,54,0,1.5,25.57935519584229,225,-0.08,-1.12,61,COMPLETE
58.4,19.0,446.0,53,0,1.5,25.57935519584229,230,0.23,-0.55,56,COMPLETE
57.8,18.6,413.0,55,0,1.5,25.57935519584229,235,-0.85,-0.98,51,COMPLETE
57.7,17.9,428.0,54,0,1.5,25.57935519584229,240,0.49,0.03,46,COMPLETE
56.4,18.1,304.0,54,0,1.5,25.57935519584229,245,-0.77,0.29,41,COMPLETE
56.7,17.9,267.0,55,0,1.5,25.57935519584229,250,0.36,-0.15,36,COMPLETE
55.9,18.5,187.0,54,0,1.5,25.57935519584229,255,-0.41,-0.21,31,COMPLETE
55.0,19.0,193.0,55,0,1.5,25.57935519584229,260,-0.32,-0.73,26,COMPLETE
54.9,18.8,136.0,56,0,1.5,25.57935519584229,265,-0.34,-1.13,21,COMPLETE
53.3,18.5,117.0,53,0,1.5,25.57935519584229,270,-1.45,-0.93,16,COMPLETE
52.7,18.1,62.0,54,0,1.5,25.57935519584229,275,-1.25,-0.37,11,COMPLETE
50.8,18.3,54.0,55,0,1.5,25.57935519584229,280,-2.51,-0.46,6,COMPLETE
48.9,17.2,35.0,55,0,1.5,25.57935519584229,285,-2.27,-0.53,1,COMPLETE
34.7,74.2,0.0,40,1,1.1,37.59010399701562,0,0.05,0.48,285,INITIAL
38.7,72.8,21.0,50,1,1.1,37.59010399701562,5,4.12,-1.12,280,INITIAL
43.9,71.2,167.0,62,1,1.1,37.59010399701562,10,5.05,-1.77,275,ACTIVE_DRYING
47.5,70.3,195.0,85,1,1.1,37.59010399701562,15,3.48,-0.76,270,ACTIVE_DRYING
51.2,69.2,166.0,84,1,1.1,37.59010399701562,20,3.79,-1.1,265,ACTIVE_DRYING
50.8,67.3,200.0,84,0,1.1,37.59010399701562,25,-0.8,-1.42,260,ACTIVE_DRYING
49.3,66.3,251.0,85,0,1.1,37.59010399701562,30,-1.31,-0.74,255,ACTIVE_DRYING
48.9,62.7,294.0,87,0,1.1,37.59010399701562,35,0.0,-2.98,250,ACTIVE_DRYING
48.9,61.4,367.0,70,0,1.1,37.59010399701562,40,-0.32,-0.83,245,ACTIVE_DRYING
48.6,60.0,342.0,71,0,1.1,37.59010399701562,45,0.05,-2.16,240,ACTIVE_DRYING
48.1,59.4,372.0,69,0,1.1,37.59010399701562,50,-0.46,-1.75,235,ACTIVE_DRYING
47.6,56.4,427.0,69,0,1.1,37.59010399701562,55,0.43,-1.7,230,ACTIVE_DRYING
47.7,57.2,456.0,70,0,1.1,37.59010399701562,60,0.52,-0.21,225,ACTIVE_DRYING
48.3,54.4,480.0,71,0,1.1,37.59010399701562,65,0.92,-3.38,220,ACTIVE_DRYING
47.9,52.5,553.0,70,0,1.1,37.59010399701562,70,0.05,-0.64,215,ACTIVE_DRYING
48.6,51.9,540.0,70,0,1.1,37.59010399701562,75,1.06,-0.7,210,ACTIVE_DRYING
50.2,51.0,632.0,70,0,1.1,37.59010399701562,80,1.43,-0.87,205,ACTIVE_DRYING
50.7,49.4,662.0,69,0,1.1,37.59010399701562,85,-0.1,-1.44,200,ACTIVE_DRYING
51.3,48.5,629.0,71,0,1.1,37.59010399701562,90,0.83,-0.66,195,ACTIVE_DRYING
52.3,46.7,585.0,70,0,1.1,37.59010399701562,95,1.14,-2.21,190,ACTIVE_DRYING
52.7,45.5,653.0,68,0,1.1,37.59010399701562,100,0.69,-0.9,185,ACTIVE_DRYING
54.3,45.9,678.0,70,0,1.1,37.59010399701562,105,1.18,-0.71,180,ACTIVE_DRYING
54.7,44.3,691.0,72,0,1.1,37.59010399701562,110,0.61,-1.92,175,ACTIVE_DRYING
55.7,42.7,710.0,54,0,1.1,37.59010399701562,115,1.38,-1.57,170,ACTIVE_DRYING
56.7,41.1,706.0,57,0,1.1,37.59010399701562,120,1.43,-0.2,165,ACTIVE_DRYING
57.5,41.7,738.0,55,0,1.1,37.59010399701562,125,1.56,0.97,160,ACTIVE_DRYING
57.6,41.0,776.0,54,0,1.1,37.59010399701562,130,0.53,-0.28,155,ACTIVE_DRYING
57.9,39.8,746.0,53,0,1.1,37.59010399701562,135,0.39,-0.85,150,ACTIVE_DRYING
58.3,39.2,747.0,57,0,1.1,37.59010399701562,140,-0.17,-0.93,145,ACTIVE_DRYING
57.7,39.3,759.0,53,0,1.1,37.59010399701562,145,-0.2,-1.22,140,ACTIVE_DRYING
57.5,38.0,745.0,57,0,1.1,37.59010399701562,150,0.04,-1.37,135,ACTIVE_DRYING
58.0,37.0,709.0,55,0,1.1,37.59010399701562,155,0.43,-0.83,130,ACTIVE_DRYING
58.2,37.5,743.0,56,0,1.1,37.59010399701562,160,-0.08,0.01,125,STABILIZING
57.9,35.2,752.0,53,0,1.1,37.59010399701562,165,-0.13,-2.24,120,STABILIZING
58.0,34.7,690.0,53,0,1.1,37.59010399701562,170,0.06,-1.18,115,STABILIZING
58.4,33.4,691.0,55,0,1.1,37.59010399701562,175,-0.22,-2.05,110,STABILIZING
58.3,32.4,690.0,54,0,1.1,37.59010399701562,180,-0.4,-1.27,105,STABILIZING
58.2,30.9,710.0,56,0,1.1,37.59010399701562,185,-0.38,-1.69,100,STABILIZING
57.8,29.1,653.0,53,0,1.1,37.59010399701562,190,-0.35,-1.6,95,STABILIZING
58.2,28.4,595.0,54,0,1.1,37.59010399701562,195,0.19,-0.77,90,NEAR_COMPLETE
58.0,28.6,591.0,54,0,1.1,37.59010399701562,200,-0.18,-0.23,85,NEAR_COMPLETE
58.4,24.9,558.0,57,0,1.1,37.59010399701562,205,0.45,-3.34,80,NEAR_COMPLETE
58.3,25.7,550.0,54,0,1.1,37.59010399701562,210,-0.53,0.77,75,NEAR_COMPLETE
57.9,24.3,534.0,57,0,1.1,37.59010399701562,215,-0.22,-1.11,70,NEAR_COMPLETE
57.9,25.4,513.0,55,0,1.1,37.59010399701562,220,0.26,0.6,65,NEAR_COMPLETE
57.8,24.8,443.0,57,0,1.1,37.59010399701562,225,-0.29,0.18,60,NEAR_COMPLETE
58.3,24.4,435.0,53,0,1.1,37.59010399701562,230,-0.04,-0.0,55,NEAR_COMPLETE
58.1,24.9,402.0,56,0,1.1,37.59010399701562,235,-0.1,-0.18,50,COMPLETE
58.0,24.2,400.0,56,0,1.1,37.59010399701562,240,0.01,-0.75,45,COMPLETE
57.0,23.0,324.0,53,0,1.1,37.59010399701562,245,-0.66,-1.03,40,COMPLETE
56.5,21.1,256.0,57,0,1.1,37.59010399701562,250,-0.63,-1.43,35,COMPLETE
55.5,21.1,208.0,56,0,1.1,37.59010399701562,255,-0.49,0.07,30,COMPLETE
55.2,20.0,193.0,54,0,1.1,37.59010399701562,260,-0.79,-1.74,25,COMPLETE
53.7,19.3,194.0,54,0,1.1,37.59010399701562,265,-1.08,-0.24,20,COMPLETE
53.4,19.3,142.0,55,0,1.1,37.59010399701562,270,-0.45,-1.24,15,COMPLETE
51.7,18.6,45.0,53,0,1.1,37.59010399701562,275,-1.12,-1.0,10,COMPLETE
51.1,17.3,50.0,56,0,1.1,37.59010399701562,280,-0.52,-0.72,5,COMPLETE
50.1,17.8,42.0,56,0,1.1,37.59010399701562,285,-1.05,0.33,0,COMPLETE
34.0,74.9,8.0,40,1,1.6,37.14365122196799,0,0.19,0.5,318,INITIAL
37.7,74.1,0.0,52,1,1.6,37.14365122196799,5,4.1,-0.55,313,INITIAL
43.1,72.0,71.0,62,1,1.6,37.14365122196799,10,5.04,-1.19,308,ACTIVE_DRYING
46.1,71.2,141.0,87,1,1.6,37.14365122196799,15,3.19,-1.28,303,ACTIVE_DRYING
49.6,68.4,115.0,86,1,1.6,37.14365122196799,20,4.1,-3.06,298,ACTIVE_DRYING
48.2,66.1,187.0,84,0,1.6,37.14365122196799,25,-0.54,-2.01,293,ACTIVE_DRYING
48.2,64.8,182.0,87,0,1.6,37.14365122196799,30,-0.17,-1.51,288,ACTIVE_DRYING
52.9,63.7,259.0,71,1,1.6,37.14365122196799,35,4.68,-1.36,283,ACTIVE_DRYING
51.8,61.3,281.0,68,0,1.6,37.14365122196799,40,-0.92,-1.52,278,ACTIVE_DRYING
51.4,60.7,316.0,70,0,1.6,37.14365122196799,45,-0.98,-0.71,273,ACTIVE_DRYING
50.6,59.3,345.0,72,0,1.6,37.14365122196799,50,-1.06,-0.91,268,ACTIVE_DRYING
49.9,58.3,369.0,72,0,1.6,37.14365122196799,55,-0.49,-1.33,263,ACTIVE_DRYING
49.9,57.2,416.0,70,0,1.6,37.14365122196799,60,0.24,-1.96,258,ACTIVE_DRYING
51.0,55.8,444.0,68,0,1.6,37.14365122196799,65,0.53,-1.32,253,ACTIVE_DRYING
50.2,54.7,417.0,71,0,1.6,37.14365122196799,70,-1.01,-0.79,248,ACTIVE_DRYING
50.9,52.5,446.0,72,0,1.6,37.14365122196799,75,0.18,-2.21,243,ACTIVE_DRYING
50.6,51.7,536.0,71,0,1.6,37.14365122196799,80,-0.07,-0.39,238,ACTIVE_DRYING
51.1,49.8,509.0,71,0,1.6,37.14365122196799,85,0.58,-0.81,233,ACTIVE_DRYING
51.8,49.9,589.0,70,0,1.6,37.14365122196799,90,0.64,-1.15,228,ACTIVE_DRYING
52.6,48.4,588.0,72,0,1.6,37.14365122196799,95,0.58,-2.25,223,ACTIVE_DRYING
53.0,46.6,601.0,72,0,1.6,37.14365122196799,100,0.18,-1.41,218,ACTIVE_DRYING
53.6,44.8,614.0,70,0,1.6,37.14365122196799,105,0.52,-0.91,213,ACTIVE_DRYING
54.3,44.7,672.0,68,0,1.6,37.14365122196799,110,0.54,0.27,208,ACTIVE_DRYING
55.1,43.4,713.0,53,0,1.6,37.14365122196799,115,1.17,-0.69,203,ACTIVE_DRYING
56.6,42.3,617.0,53,0,1.6,37.14365122196799,120,1.38,0.06,198,ACTIVE_DRYING
58.2,42.5,737.0,56,0,1.6,37.14365122196799,125,1.01,-0.41,193,ACTIVE_DRYING
57.7,39.8,785.0,53,0,1.6,37.14365122196799,130,0.16,-1.83,188,ACTIVE_DRYING
58.0,39.6,682.0,55,0,1.6,37.14365122196799,135,0.23,-0.44,183,ACTIVE_DRYING
57.6,37.2,728.0,56,0,1.6,37.14365122196799,140,0.08,-1.85,178,ACTIVE_DRYING
57.9,37.3,758.0,55,0,1.6,37.14365122196799,145,0.26,-0.66,173,NEAR_COMPLETE
57.7,35.0,757.0,53,0,1.6,37.14365122196799,150,0.03,-2.08,168,NEAR_COMPLETE
57.9,34.7,766.0,57,0,1.6,37.14365122196799,155,0.39,-0.88,163,NEAR_COMPLETE
57.8,34.4,712.0,55,0,1.6,37.14365122196799,160,0.29,-0.39,158,NEAR_COMPLETE
58.0,32.7,688.0,54,0,1.6,37.14365122196799,165,0.07,-1.24,153,NEAR_COMPLETE
58.1,32.4,764.0,56,0,1.6,37.14365122196799,170,0.17,-0.6,148,NEAR_COMPLETE
58.4,31.5,705.0,57,0,1.6,37.14365122196799,175,0.05,-0.87,143,COMPLETE
58.0,30.6,706.0,56,0,1.6,37.14365122196799,180,-0.31,-0.96,138,COMPLETE
58.1,29.4,751.0,57,0,1.6,37.14365122196799,185,0.22,-0.51,133,COMPLETE
58.1,28.1,770.0,55,0,1.6,37.14365122196799,190,-0.24,-0.45,128,COMPLETE
58.4,28.8,691.0,57,0,1.6,37.14365122196799,195,0.01,-0.47,123,COMPLETE
57.7,27.3,653.0,54,0,1.6,37.14365122196799,200,-0.17,-1.64,118,COMPLETE
57.5,26.1,690.0,55,0,1.6,37.14365122196799,205,0.32,-0.67,113,COMPLETE
58.4,25.0,645.0,53,0,1.6,37.14365122196799,210,0.5,-0.67,108,COMPLETE
57.9,24.4,635.0,54,0,1.6,37.14365122196799,215,-0.49,0.04,103,COMPLETE
58.5,23.8,632.0,55,0,1.6,37.14365122196799,220,0.22,-1.21,98,COMPLETE
58.3,21.8,608.0,53,0,1.6,37.14365122196799,225,-0.88,-0.87,93,COMPLETE
58.0,21.6,547.0,55,0,1.6,37.14365122196799,230,-0.62,0.2,88,COMPLETE
58.1,21.1,542.0,57,0,1.6,37.14365122196799,235,0.02,-0.66,83,COMPLETE
58.3,20.1,549.0,56,0,1.6,37.14365122196799,240,0.15,-0.73,78,COMPLETE
58.0,19.8,536.0,54,0,1.6,37.14365122196799,245,-0.17,0.39,73,COMPLETE
57.9,19.4,467.0,53,0,1.6,37.14365122196799,250,-0.25,-0.32,68,COMPLETE
57.9,18.0,487.0,55,0,1.6,37.14365122196799,255,-0.06,-1.29,63,COMPLETE
57.5,18.3,438.0,53,0,1.6,37.14365122196799,260,-0.1,-0.06,58,COMPLETE
57.2,17.5,429.0,53,0,1.6,37.14365122196799,265,-0.14,-0.38,53,COMPLETE
57.2,17.3,359.0,55,0,1.6,37.14365122196799,270,0.22,0.49,48,COMPLETE
58.0,18.7,325.0,56,0,1.6,37.14365122196799,275,-0.07,0.71,43,COMPLETE
57.4,17.9,299.0,53,0,1.6,37.14365122196799,280,-0.87,-0.58,38,COMPLETE
55.6,17.5,228.0,56,0,1.6,37.14365122196799,285,-1.03,0.03,33,COMPLETE
54.6,18.5,185.0,55,0,1.6,37.14365122196799,290,-1.37,0.38,28,COMPLETE
53.1,18.2,161.0,54,0,1.6,37.14365122196799,295,-0.9,-0.54,23,COMPLETE
52.4,18.0,132.0,57,0,1.6,37.14365122196799,300,-0.93,-0.04,18,COMPLETE
51.0,17.6,99.0,56,0,1.6,37.14365122196799,305,-1.21,-0.42,13,COMPLETE
50.0,18.1,46.0,57,0,1.6,37.14365122196799,310,-1.27,0.31,8,COMPLETE
47.9,17.9,5.0,57,0,1.6,37.14365122196799,315,-1.67,-0.24,3,COMPLETE
34.8,72.6,0.0,38,1,2.7,30.037790227988168,0,0.13,-0.2,277,INITIAL
38.7,71.3,46.0,50,1,2.7,30.037790227988168,5,3.54,-1.06,272,INITIAL
42.7,69.4,38.0,60,1,2.7,30.037790227988168,10,3.9,-1.11,267,ACTIVE_DRYING
47.1,69.5,160.0,87,1,2.7,30.037790227988168,15,4.01,-0.76,262,ACTIVE_DRYING
50.4,65.6,162.0,85,1,2.7,30.037790227988168,20,3.76,-3.21,257,ACTIVE_DRYING
49.7,63.5,227.0,87,0,2.7,30.037790227988168,25,-0.92,-1.81,252,ACTIVE_DRYING
49.5,63.3,278.0,69,0,2.7,30.037790227988168,30,-0.53,-0.37,247,ACTIVE_DRYING
48.5,61.5,226.0,68,0,2.7,30.037790227988168,35,-1.09,-1.66,242,ACTIVE_DRYING
48.1,59.8,356.0,69,0,2.7,30.037790227988168,40,-0.42,-0.68,237,ACTIVE_DRYING
46.9,59.4,385.0,71,0,2.7,30.037790227988168,45,-0.06,-1.03,232,ACTIVE_DRYING
47.7,55.5,436.0,72,0,2.7,30.037790227988168,50,0.74,-2.61,227,ACTIVE_DRYING
47.9,55.9,462.0,71,0,2.7,30.037790227988168,55,0.44,0.33,222,ACTIVE_DRYING
48.6,53.9,485.0,71,0,2.7,30.037790227988168,60,0.73,-1.74,217,ACTIVE_DRYING
48.6,51.8,516.0,71,0,2.7,30.037790227988168,65,-0.25,-1.71,212,ACTIVE_DRYING
49.2,51.1,529.0,68,0,2.7,30.037790227988168,70,0.82,-1.41,207,ACTIVE_DRYING
50.0,49.5,550.0,70,0,2.7,30.037790227988168,75,0.87,-0.93,202,ACTIVE_DRYING
50.6,49.4,631.0,71,0,2.7,30.037790227988168,80,0.86,-0.32,197,ACTIVE_DRYING
51.5,47.8,568.0,68,0,2.7,30.037790227988168,85,0.65,-2.2,192,ACTIVE_DRYING
52.5,46.3,616.0,72,0,2.7,30.037790227988168,90,1.04,-1.82,187,ACTIVE_DRYING
52.8,45.7,649.0,70,0,2.7,30.037790227988168,95,0.47,-1.57,182,ACTIVE_DRYING
54.1,44.2,650.0,55,0,2.7,30.037790227988168,100,1.61,-2.53,177,ACTIVE_DRYING
55.3,42.7,709.0,53,0,2.7,30.037790227988168,105,1.27,-1.66,172,ACTIVE_DRYING
57.0,40.5,697.0,57,0,2.7,30.037790227988168,110,1.74,-1.14,167,ACTIVE_DRYING
57.6,40.3,704.0,56,0,2.7,30.037790227988168,115,0.89,-0.54,162,ACTIVE_DRYING
58.0,39.3,743.0,53,0,2.7,30.037790227988168,120,0.62,-0.75,157,NEAR_COMPLETE
57.2,38.4,713.0,54,0,2.7,30.037790227988168,125,-0.02,-0.12,152,NEAR_COMPLETE
58.0,38.3,738.0,54,0,2.7,30.037790227988168,130,0.88,-0.85,147,NEAR_COMPLETE
57.8,37.3,770.0,54,0,2.7,30.037790227988168,135,0.14,-1.3,142,NEAR_COMPLETE
58.4,35.9,762.0,54,0,2.7,30.037790227988168,140,0.26,-1.37,137,NEAR_COMPLETE
58.3,35.1,782.0,53,0,2.7,30.037790227988168,145,-0.31,-0.9,132,NEAR_COMPLETE
57.9,34.4,782.0,57,0,2.7,30.037790227988168,150,-0.42,-0.68,127,COMPLETE
58.1,32.3,704.0,55,0,2.7,30.037790227988168,155,0.22,-0.65,122,COMPLETE
58.2,32.6,717.0,53,0,2.7,30.037790227988168,160,-0.14,0.71,117,COMPLETE
57.8,32.3,722.0,55,0,2.7,30.037790227988168,165,-0.22,-0.7,112,COMPLETE
57.6,30.8,671.0,56,0,2.7,30.037790227988168,170,0.56,-1.51,107,COMPLETE
58.0,28.3,662.0,54,0,2.7,30.037790227988168,175,0.43,-2.12,102,COMPLETE
57.8,27.6,635.0,54,0,2.7,30.037790227988168,180,-0.23,-0.62,97,COMPLETE
57.8,27.3,623.0,53,0,2.7,30.037790227988168,185,0.1,-1.39,92,COMPLETE
57.6,25.2,628.0,53,0,2.7,30.037790227988168,190,-0.09,-2.46,87,COMPLETE
58.0,24.8,638.0,56,0,2.7,30.037790227988168,195,0.46,-0.57,82,COMPLETE
58.2,22.4,573.0,53,0,2.7,30.037790227988168,200,0.22,-1.06,77,COMPLETE
58.2,23.3,563.0,55,0,2.7,30.037790227988168,205,-0.09,-0.04,72,COMPLETE
58.1,21.6,513.0,53,0,2.7,30.037790227988168,210,0.05,-1.67,67,COMPLETE
57.9,21.4,462.0,53,0,2.7,30.037790227988168,215,0.15,0.26,62,COMPLETE
58.5,21.7,467.0,54,0,2.7,30.037790227988168,220,0.26,-0.59,57,COMPLETE
58.4,20.9,420.0,53,0,2.7,30.037790227988168,225,-0.89,-0.87,52,COMPLETE
57.9,19.0,366.0,54,0,2.7,30.037790227988168,230,-0.62,-1.96,47,COMPLETE
57.0,19.9,338.0,55,0,2.7,30.037790227988168,235,-1.18,-0.25,42,COMPLETE
56.7,18.6,314.0,57,0,2.7,30.037790227988168,240,-0.41,-0.91,37,COMPLETE
56.1,18.4,237.0,57,0,2.7,30.037790227988168,245,-1.17,0.08,32,COMPLETE
54.5,18.0,227.0,53,0,2.7,30.037790227988168,250,-1.29,-0.52,27,COMPLETE
53.9,18.5,187.0,53,0,2.7,30.037790227988168,255,-0.73,-0.46,22,COMPLETE
52.1,18.3,150.0,54,0,2.7,30.037790227988168,260,-1.18,-0.6,17,COMPLETE
51.2,18.9,81.0,53,0,2.7,30.037790227988168,265,-0.73,-0.9,12,COMPLETE
50.3,18.3,69.0,53,0,2.7,30.037790227988168,270,-0.94,-1.23,7,COMPLETE
48.8,18.3,54.0,57,0,2.7,30.037790227988168,275,-1.65,-0.58,2,COMPLETE
35.4,71.9,13.0,40,1,2.3,30.02890758335679,0,0.16,0.04,208,INITIAL
40.5,70.4,75.0,48,1,2.3,30.02890758335679,5,5.23,-1.46,203,INITIAL
45.6,68.8,140.0,59,1,2.3,30.02890758335679,10,4.84,-2.27,198,ACTIVE_DRYING
48.8,67.4,182.0,84,1,2.3,30.02890758335679,15,3.34,-1.82,193,ACTIVE_DRYING
48.5,64.8,228.0,83,0,2.3,30.02890758335679,20,-0.8,-1.86,188,ACTIVE_DRYING
47.4,63.8,279.0,84,0,2.3,30.02890758335679,25,-1.24,-0.79,183,ACTIVE_DRYING
52.3,62.8,341.0,68,1,2.3,30.02890758335679,30,4.87,-2.01,178,ACTIVE_DRYING
51.7,60.4,365.0,71,0,2.3,30.02890758335679,35,-0.79,-1.82,173,ACTIVE_DRYING
51.7,58.9,369.0,71,0,2.3,30.02890758335679,40,-0.25,-1.09,168,ACTIVE_DRYING
51.9,58.4,513.0,68,0,2.3,30.02890758335679,45,0.12,-0.87,163,ACTIVE_DRYING
51.7,56.0,526.0,71,0,2.3,30.02890758335679,50,-0.09,-1.61,158,ACTIVE_DRYING
52.6,56.3,581.0,69,0,2.3,30.02890758335679,55,1.29,-0.41,153,ACTIVE_DRYING
53.1,55.0,581.0,68,0,2.3,30.02890758335679,60,0.42,-1.75,148,ACTIVE_DRYING
53.6,53.6,619.0,70,0,2.3,30.02890758335679,65,0.48,-0.86,143,ACTIVE_DRYING
54.5,52.6,656.0,68,0,2.3,30.02890758335679,70,1.04,-1.63,138,ACTIVE_DRYING
55.4,50.9,698.0,68,0,2.3,30.02890758335679,75,0.96,-1.11,133,ACTIVE_DRYING
56.5,49.8,688.0,68,0,2.3,30.02890758335679,80,0.92,-0.95,128,ACTIVE_DRYING
57.1,48.6,751.0,70,0,2.3,30.02890758335679,85,1.19,-0.53,123,ACTIVE_DRYING
58.5,48.1,685.0,72,0,2.3,30.02890758335679,90,0.93,-1.66,118,ACTIVE_DRYING
58.0,45.8,716.0,70,0,2.3,30.02890758335679,95,-0.76,-2.1,113,ACTIVE_DRYING
58.7,45.6,755.0,72,0,2.3,30.02890758335679,100,0.23,-0.75,108,ACTIVE_DRYING
57.9,44.2,759.0,53,0,2.3,30.02890758335679,105,-0.51,-1.41,103,ACTIVE_DRYING
57.5,44.2,740.0,54,0,2.3,30.02890758335679,110,-0.18,-0.56,98,ACTIVE_DRYING
58.0,41.8,716.0,57,0,2.3,30.02890758335679,115,0.57,-2.54,93,STABILIZING
57.8,39.7,794.0,57,0,2.3,30.02890758335679,120,-0.43,-1.44,88,STABILIZING
58.2,40.3,719.0,55,0,2.3,30.02890758335679,125,0.51,0.22,83,STABILIZING
57.7,38.5,674.0,53,0,2.3,30.02890758335679,130,-0.29,-2.57,78,STABILIZING
57.8,35.9,669.0,57,0,2.3,30.02890758335679,135,0.62,-1.93,73,STABILIZING
57.6,36.3,616.0,54,0,2.3,30.02890758335679,140,0.4,0.21,68,STABILIZING
57.7,35.5,594.0,56,0,2.3,30.02890758335679,145,0.61,-2.43,63,STABILIZING
58.1,32.7,603.0,53,0,2.3,30.02890758335679,150,0.4,-1.97,58,NEAR_COMPLETE
58.1,33.6,502.0,57,0,2.3,30.02890758335679,155,0.26,0.49,53,NEAR_COMPLETE
58.0,31.8,530.0,57,0,2.3,30.02890758335679,160,-0.03,-0.41,48,NEAR_COMPLETE
58.2,32.6,451.0,55,0,2.3,30.02890758335679,165,-0.19,0.31,43,NEAR_COMPLETE
58.3,31.4,445.0,57,0,2.3,30.02890758335679,170,-0.46,-1.21,38,NEAR_COMPLETE
57.2,29.6,365.0,55,0,2.3,30.02890758335679,175,-0.61,-0.46,33,NEAR_COMPLETE
56.9,30.5,336.0,53,0,2.3,30.02890758335679,180,-0.01,-0.31,28,NEAR_COMPLETE
56.6,28.7,260.0,54,0,2.3,30.02890758335679,185,-0.2,-2.0,23,NEAR_COMPLETE
55.4,27.1,162.0,55,0,2.3,30.02890758335679,190,-1.37,-1.51,18,NEAR_COMPLETE
54.3,25.4,192.0,55,0,2.3,30.02890758335679,195,-0.66,-0.75,13,COMPLETE
53.2,25.4,99.0,57,0,2.3,30.02890758335679,200,-1.06,0.04,8,COMPLETE
52.1,23.4,47.0,56,0,2.3,30.02890758335679,205,-1.33,-1.14,3,COMPLETE
34.6,74.3,0.0,38,1,2.1,39.295900409286524,0,0.24,0.11,325,INITIAL
38.8,73.3,63.0,50,1,2.1,39.295900409286524,5,4.39,-1.7,320,INITIAL
43.4,71.2,93.0,58,1,2.1,39.295900409286524,10,4.67,-2.13,315,ACTIVE_DRYING
47.2,70.5,138.0,85,1,2.1,39.295900409286524,15,3.58,-0.53,310,ACTIVE_DRYING
51.3,70.0,132.0,84,1,2.1,39.295900409286524,20,3.33,-0.96,305,ACTIVE_DRYING
48.9,67.2,156.0,86,0,2.1,39.295900409286524,25,-2.16,-1.7,300,ACTIVE_DRYING
48.3,66.5,239.0,84,0,2.1,39.295900409286524,30,-0.52,0.26,295,ACTIVE_DRYING
47.6,65.8,245.0,85,0,2.1,39.295900409286524,35,-0.88,-0.76,290,ACTIVE_DRYING
52.1,63.6,267.0,83,1,2.1,39.295900409286524,40,4.1,-1.11,285,ACTIVE_DRYING
51.1,62.8,322.0,68,0,2.1,39.295900409286524,45,-0.61,-0.55,280,ACTIVE_DRYING
50.9,62.1,312.0,71,0,2.1,39.295900409286524,50,-0.73,-0.39,275,ACTIVE_DRYING
49.9,60.6,392.0,71,0,2.1,39.295900409286524,55,-0.46,-1.31,270,ACTIVE_DRYING
51.0,59.5,419.0,71,0,2.1,39.295900409286524,60,0.4,-0.82,265,ACTIVE_DRYING
49.9,59.1,439.0,70,0,2.1,39.295900409286524,65,-0.45,-0.59,260,ACTIVE_DRYING
51.2,56.8,473.0,71,0,2.1,39.295900409286524,70,0.98,-2.55,255,ACTIVE_DRYING
50.1,55.8,519.0,72,0,2.1,39.295900409286524,75,-0.8,-0.98,250,ACTIVE_DRYING
51.1,54.8,562.0,71,0,2.1,39.295900409286524,80,0.96,-0.92,245,ACTIVE_DRYING
51.7,52.8,527.0,72,0,2.1,39.295900409286524,85,0.56,-2.29,240,ACTIVE_DRYING
52.2,50.6,600.0,70,0,2.1,39.295900409286524,90,0.65,-1.61,235,ACTIVE_DRYING
52.9,50.6,574.0,72,0,2.1,39.295900409286524,95,0.77,0.34,230,ACTIVE_DRYING
53.0,49.3,585.0,68,0,2.1,39.295900409286524,100,0.4,-2.1,225,ACTIVE_DRYING
54.6,49.3,643.0,71,0,2.1,39.295900409286524,105,1.09,-0.97,220,ACTIVE_DRYING
54.1,48.6,637.0,70,0,2.1,39.295900409286524,110,0.27,-1.49,215,ACTIVE_DRYING
55.8,47.5,661.0,68,0,2.1,39.295900409286524,115,1.65,-1.62,210,ACTIVE_DRYING
56.4,45.7,674.0,71,0,2.1,39.295900409286524,120,1.32,-0.5,205,ACTIVE_DRYING
57.6,44.7,780.0,69,0,2.1,39.295900409286524,125,1.49,-0.9,200,ACTIVE_DRYING
58.1,45.3,730.0,70,0,2.1,39.295900409286524,130,0.18,0.56,195,ACTIVE_DRYING
57.6,43.9,752.0,57,0,2.1,39.295900409286524,135,0.23,-1.28,190,ACTIVE_DRYING
57.7,43.7,665.0,56,0,2.1,39.295900409286524,140,-0.07,0.04,185,ACTIVE_DRYING
57.9,42.8,707.0,56,0,2.1,39.295900409286524,145,0.53,-0.71,180,ACTIVE_DRYING
58.0,41.2,747.0,54,0,2.1,39.295900409286524,150,0.19,-0.76,175,ACTIVE_DRYING
57.8,40.9,785.0,54,0,2.1,39.295900409286524,155,0.24,0.17,170,ACTIVE_DRYING
58.1,39.4,745.0,54,0,2.1,39.295900409286524,160,0.23,-1.13,165,ACTIVE_DRYING
58.1,38.8,782.0,56,0,2.1,39.295900409286524,165,-0.22,-0.48,160,ACTIVE_DRYING
57.9,36.8,771.0,54,0,2.1,39.295900409286524,170,-0.0,-1.63,155,ACTIVE_DRYING
57.9,36.5,740.0,57,0,2.1,39.295900409286524,175,-0.2,-1.22,150,ACTIVE_DRYING
58.0,34.8,671.0,53,0,2.1,39.295900409286524,180,-0.04,-1.69,145,NEAR_COMPLETE
57.4,32.9,724.0,55,0,2.1,39.295900409286524,185,-0.14,-1.28,140,NEAR_COMPLETE
57.9,31.0,712.0,57,0,2.1,39.295900409286524,190,0.61,-0.21,135,NEAR_COMPLETE
58.3,31.5,726.0,56,0,2.1,39.295900409286524,195,0.19,0.39,130,NEAR_COMPLETE
58.0,31.4,689.0,57,0,2.1,39.295900409286524,200,-0.52,-0.53,125,NEAR_COMPLETE
57.5,29.5,702.0,55,0,2.1,39.295900409286524,205,0.17,-1.99,120,NEAR_COMPLETE
58.0,28.4,637.0,54,0,2.1,39.295900409286524,210,0.86,-1.11,115,NEAR_COMPLETE
58.1,27.2,653.0,54,0,2.1,39.295900409286524,215,0.07,-1.15,110,COMPLETE
57.7,25.9,614.0,54,0,2.1,39.295900409286524,220,-0.54,-2.02,105,COMPLETE
58.1,23.6,688.0,55,0,2.1,39.295900409286524,225,0.2,-1.19,100,COMPLETE
58.5,23.1,639.0,54,0,2.1,39.295900409286524,230,-0.3,0.63,95,COMPLETE
57.3,22.6,552.0,56,0,2.1,39.295900409286524,235,-0.33,-0.37,90,COMPLETE
58.7,22.5,576.0,56,0,2.1,39.295900409286524,240,0.9,-0.24,85,COMPLETE
57.7,21.1,508.0,57,0,2.1,39.295900409286524,245,-0.91,-0.46,80,COMPLETE
58.0,22.1,526.0,56,0,2.1,39.295900409286524,250,0.44,1.2,75,COMPLETE
58.0,21.5,453.0,53,0,2.1,39.295900409286524,255,-0.2,-1.45,70,COMPLETE
58.4,20.0,450.0,56,0,2.1,39.295900409286524,260,-0.37,-1.68,65,COMPLETE
57.7,20.3,413.0,57,0,2.1,39.295900409286524,265,-0.49,-0.48,60,COMPLETE
57.7,19.3,386.0,56,0,2.1,39.295900409286524,270,0.14,-1.58,55,COMPLETE
57.8,18.5,322.0,56,0,2.1,39.295900409286524,275,-0.17,-1.31,50,COMPLETE
56.7,19.1,273.0,53,0,2.1,39.295900409286524,280,-0.99,-0.49,45,COMPLETE
56.5,17.5,244.0,55,0,2.1,39.295900409286524,285,-0.34,-0.92,40,COMPLETE
55.8,17.4,278.0,56,0,2.1,39.295900409286524,290,-0.42,0.35,35,COMPLETE
55.0,17.3,246.0,55,0,2.1,39.295900409286524,295,-1.13,-0.04,30,COMPLETE
54.8,18.2,229.0,54,0,2.1,39.295900409286524,300,-0.19,0.99,25,COMPLETE
53.4,18.4,129.0,53,0,2.1,39.295900409286524,305,-1.21,-0.19,20,COMPLETE
53.1,18.1,114.0,57,0,2.1,39.295900409286524,310,-0.67,-0.52,15,COMPLETE
51.7,18.3,46.0,57,0,2.1,39.295900409286524,315,-1.75,-0.45,10,COMPLETE
50.4,17.2,0.0,57,0,2.1,39.295900409286524,320,-1.65,-0.26,5,COMPLETE
47.8,18.2,17.0,53,0,2.1,39.295900409286524,325,-2.18,1.13,0,COMPLETE
35.5,70.3,33.0,39,1,2.4,27.20490538538447,0,-0.05,-0.22,345,INITIAL
40.8,68.7,70.0,50,1,2.4,27.20490538538447,5,4.78,-2.4,340,INITIAL
43.7,67.3,73.0,59,1,2.4,27.20490538538447,10,3.55,-2.03,335,ACTIVE_DRYING
48.1,65.2,115.0,83,1,2.4,27.20490538538447,15,4.75,-1.69,330,ACTIVE_DRYING
46.7,62.0,142.0,86,0,2.4,27.20490538538447,20,-1.02,-2.3,325,ACTIVE_DRYING
50.8,60.9,139.0,72,1,2.4,27.20490538538447,25,4.27,-0.46,320,ACTIVE_DRYING
49.7,61.4,193.0,68,0,2.4,27.20490538538447,30,-0.96,-0.16,315,ACTIVE_DRYING
49.0,60.2,289.0,70,0,2.4,27.20490538538447,35,-0.48,-2.29,310,ACTIVE_DRYING
48.3,56.6,237.0,71,0,2.4,27.20490538538447,40,-1.27,-2.49,305,ACTIVE_DRYING
48.2,55.8,326.0,68,0,2.4,27.20490538538447,45,-0.06,-0.52,300,ACTIVE_DRYING
47.6,54.7,341.0,72,0,2.4,27.20490538538447,50,-0.44,-1.64,295,ACTIVE_DRYING
47.0,52.6,312.0,72,0,2.4,27.20490538538447,55,-0.4,-1.96,290,ACTIVE_DRYING
47.1,51.3,343.0,72,0,2.4,27.20490538538447,60,-0.45,-0.91,285,ACTIVE_DRYING
46.9,50.4,390.0,72,0,2.4,27.20490538538447,65,0.07,-0.85,280,ACTIVE_DRYING
47.3,50.0,461.0,71,0,2.4,27.20490538538447,70,0.11,-0.83,275,ACTIVE_DRYING
47.6,49.0,447.0,72,0,2.4,27.20490538538447,75,0.27,-1.2,270,ACTIVE_DRYING
47.2,47.7,536.0,70,0,2.4,27.20490538538447,80,0.24,-1.39,265,ACTIVE_DRYING
48.7,46.8,534.0,71,0,2.4,27.20490538538447,85,1.34,-1.22,260,ACTIVE_DRYING
49.1,44.7,582.0,69,0,2.4,27.20490538538447,90,0.14,-1.79,255,ACTIVE_DRYING
49.3,45.6,592.0,69,0,2.4,27.20490538538447,95,-0.0,-0.09,250,ACTIVE_DRYING
50.3,43.0,605.0,56,0,2.4,27.20490538538447,100,1.02,-2.59,245,ACTIVE_DRYING
50.9,42.2,587.0,57,0,2.4,27.20490538538447,105,0.38,-0.64,240,ACTIVE_DRYING
52.1,42.1,669.0,57,0,2.4,27.20490538538447,110,1.58,-0.05,235,ACTIVE_DRYING
53.3,40.1,639.0,56,0,2.4,27.20490538538447,115,1.29,-1.56,230,ACTIVE_DRYING
55.1,40.6,665.0,53,0,2.4,27.20490538538447,120,1.81,-0.82,225,ACTIVE_DRYING
56.7,38.1,675.0,53,0,2.4,27.20490538538447,125,1.05,-3.11,220,ACTIVE_DRYING
58.0,35.3,723.0,53,0,2.4,27.20490538538447,130,0.93,-1.35,215,ACTIVE_DRYING
57.7,35.7,718.0,57,0,2.4,27.20490538538447,135,0.03,1.82,210,ACTIVE_DRYING
58.2,35.8,652.0,55,0,2.4,27.20490538538447,140,0.02,-0.01,205,ACTIVE_DRYING
57.8,34.8,711.0,53,0,2.4,27.20490538538447,145,-0.45,-1.22,200,ACTIVE_DRYING
58.4,33.3,685.0,53,0,2.4,27.20490538538447,150,0.47,-1.07,195,NEAR_COMPLETE
57.5,32.3,776.0,54,0,2.4,27.20490538538447,155,-0.28,-0.34,190,NEAR_COMPLETE
57.7,32.1,752.0,53,0,2.4,27.20490538538447,160,0.69,0.09,185,NEAR_COMPLETE
58.2,30.8,785.0,54,0,2.4,27.20490538538447,165,0.23,-1.18,180,NEAR_COMPLETE
57.9,29.9,784.0,56,0,2.4,27.20490538538447,170,-0.22,-0.42,175,NEAR_COMPLETE
57.5,30.6,767.0,54,0,2.4,27.20490538538447,175,0.35,-0.14,170,NEAR_COMPLETE
57.9,30.0,764.0,55,0,2.4,27.20490538538447,180,0.37,-1.18,165,NEAR_COMPLETE
57.9,28.4,778.0,57,0,2.4,27.20490538538447,185,-0.12,-1.19,160,NEAR_COMPLETE
58.2,28.3,719.0,55,0,2.4,27.20490538538447,190,0.16,0.15,155,NEAR_COMPLETE
57.9,27.3,725.0,54,0,2.4,27.20490538538447,195,-0.53,-0.84,150,COMPLETE
58.1,26.4,699.0,54,0,2.4,27.20490538538447,200,-0.02,-1.52,145,COMPLETE
57.9,25.8,728.0,57,0,2.4,27.20490538538447,205,-0.22,-1.08,140,COMPLETE
58.3,25.3,686.0,54,0,2.4,27.20490538538447,210,0.37,-1.15,135,COMPLETE
58.1,23.8,693.0,57,0,2.4,27.20490538538447,215,-0.52,-1.69,130,COMPLETE
58.0,22.0,701.0,54,0,2.4,27.20490538538447,220,-0.04,-1.44,125,COMPLETE
57.5,21.3,667.0,53,0,2.4,27.20490538538447,225,-0.02,-0.34,120,COMPLETE
57.8,19.3,614.0,57,0,2.4,27.20490538538447,230,0.27,-0.72,115,COMPLETE
58.2,19.6,635.0,56,0,2.4,27.20490538538447,235,0.52,0.19,110,COMPLETE
58.4,19.6,604.0,55,0,2.4,27.20490538538447,240,-0.09,-0.44,105,COMPLETE
57.8,17.7,597.0,56,0,2.4,27.20490538538447,245,-0.42,-1.09,100,COMPLETE
58.2,17.4,566.0,54,0,2.4,27.20490538538447,250,-0.12,0.29,95,COMPLETE
58.1,18.3,534.0,55,0,2.4,27.20490538538447,255,-0.46,0.34,90,COMPLETE
57.7,17.3,506.0,56,0,2.4,27.20490538538447,260,-0.02,-0.33,85,COMPLETE
57.7,18.5,460.0,53,0,2.4,27.20490538538447,265,0.27,0.82,80,COMPLETE
57.6,18.0,488.0,54,0,2.4,27.20490538538447,270,0.36,-0.36,75,COMPLETE
57.5,18.2,412.0,53,0,2.4,27.20490538538447,275,0.31,0.06,70,COMPLETE
58.1,17.7,467.0,53,0,2.4,27.20490538538447,280,0.6,-0.69,65,COMPLETE
58.3,17.3,397.0,53,0,2.4,27.20490538538447,285,-0.05,0.36,60,COMPLETE
57.4,17.9,335.0,55,0,2.4,27.20490538538447,290,-1.15,0.56,55,COMPLETE
57.1,18.3,312.0,54,0,2.4,27.20490538538447,295,-0.1,0.05,50,COMPLETE
56.4,18.0,260.0,54,0,2.4,27.20490538538447,300,-0.25,-0.19,45,COMPLETE
55.6,18.6,255.0,55,0,2.4,27.20490538538447,305,-0.44,0.21,40,COMPLETE
55.3,18.0,244.0,57,0,2.4,27.20490538538447,310,-0.07,-0.18,35,COMPLETE
54.0,17.4,225.0,54,0,2.4,27.20490538538447,315,-0.57,-0.18,30,COMPLETE
54.0,17.7,147.0,54,0,2.4,27.20490538538447,320,-0.04,0.39,25,COMPLETE
53.1,17.9,145.0,53,0,2.4,27.20490538538447,325,-0.89,0.18,20,COMPLETE
52.4,18.1,89.0,53,0,2.4,27.20490538538447,330,-1.09,0.32,15,COMPLETE
51.3,18.0,93.0,54,0,2.4,27.20490538538447,335,-1.21,-0.32,10,COMPLETE
50.5,18.3,49.0,54,0,2.4,27.20490538538447,340,-1.02,-0.22,5,COMPLETE
48.5,18.3,3.0,56,0,2.4,27.20490538538447,345,-1.39,-0.05,0,COMPLETE
34.9,74.8,12.0,42,1,1.1,39.90654991769856,0,-0.39,-0.19,343,INITIAL
39.7,74.9,15.0,51,1,1.1,39.90654991769856,5,4.4,-0.99,338,INITIAL
43.3,73.1,61.0,61,1,1.1,39.90654991769856,10,3.87,-1.74,333,ACTIVE_DRYING
46.7,70.2,79.0,84,1,1.1,39.90654991769856,15,3.43,-2.5,328,ACTIVE_DRYING
50.2,69.7,97.0,85,1,1.1,39.90654991769856,20,3.76,-0.4,323,ACTIVE_DRYING
49.1,66.6,155.0,85,0,1.1,39.90654991769856,25,-0.97,-2.42,318,ACTIVE_DRYING
48.2,66.4,276.0,87,0,1.1,39.90654991769856,30,-0.71,-0.15,313,ACTIVE_DRYING
47.3,65.3,198.0,83,0,1.1,39.90654991769856,35,-1.12,-0.79,308,ACTIVE_DRYING
50.8,64.6,287.0,83,1,1.1,39.90654991769856,40,3.81,-0.73,303,ACTIVE_DRYING
50.0,63.4,259.0,69,0,1.1,39.90654991769856,45,-0.69,-1.3,298,ACTIVE_DRYING
49.5,63.2,333.0,72,0,1.1,39.90654991769856,50,-0.57,-0.46,293,ACTIVE_DRYING
49.6,62.9,399.0,71,0,1.1,39.90654991769856,55,-0.25,-0.64,288,ACTIVE_DRYING
49.8,60.7,376.0,70,0,1.1,39.90654991769856,60,0.34,-2.26,283,ACTIVE_DRYING
49.6,58.8,423.0,72,0,1.1,39.90654991769856,65,-0.2,-1.16,278,ACTIVE_DRYING
49.8,59.5,388.0,70,0,1.1,39.90654991769856,70,-0.25,-0.07,273,ACTIVE_DRYING
49.5,56.9,515.0,69,0,1.1,39.90654991769856,75,-0.12,-1.15,268,ACTIVE_DRYING
49.8,57.7,488.0,71,0,1.1,39.90654991769856,80,0.7,0.75,263,ACTIVE_DRYING
49.6,55.8,501.0,69,0,1.1,39.90654991769856,85,0.2,-1.44,258,ACTIVE_DRYING
50.5,54.6,552.0,71,0,1.1,39.90654991769856,90,1.03,-0.68,253,ACTIVE_DRYING
50.8,54.1,618.0,72,0,1.1,39.90654991769856,95,0.52,-0.05,248,ACTIVE_DRYING
51.7,53.2,593.0,69,0,1.1,39.90654991769856,100,1.23,-0.27,243,ACTIVE_DRYING
52.5,51.5,620.0,72,0,1.1,39.90654991769856,105,0.95,-2.15,238,ACTIVE_DRYING
54.0,51.3,621.0,68,0,1.1,39.90654991769856,110,0.91,-0.57,233,ACTIVE_DRYING
53.7,50.5,599.0,69,0,1.1,39.90654991769856,115,-0.04,-0.66,228,ACTIVE_DRYING
54.7,50.2,621.0,71,0,1.1,39.90654991769856,120,1.12,-1.19,223,ACTIVE_DRYING
56.2,49.5,709.0,72,0,1.1,39.90654991769856,125,1.21,-1.17,218,ACTIVE_DRYING
56.5,47.7,632.0,70,0,1.1,39.90654991769856,130,0.12,-2.12,213,ACTIVE_DRYING
57.9,47.0,694.0,68,0,1.1,39.90654991769856,135,0.94,-1.37,208,ACTIVE_DRYING
58.2,45.6,664.0,72,0,1.1,39.90654991769856,140,-0.02,-1.73,203,ACTIVE_DRYING
57.9,44.9,785.0,68,0,1.1,39.90654991769856,145,-0.14,-1.54,198,ACTIVE_DRYING
58.2,42.9,735.0,57,0,1.1,39.90654991769856,150,0.26,-1.63,193,ACTIVE_DRYING
57.8,42.7,674.0,57,0,1.1,39.90654991769856,155,-0.53,-0.5,188,ACTIVE_DRYING
58.2,41.3,730.0,53,0,1.1,39.90654991769856,160,0.21,-0.98,183,ACTIVE_DRYING
58.1,42.5,739.0,53,0,1.1,39.90654991769856,165,-0.49,0.41,178,ACTIVE_DRYING
58.0,40.4,734.0,54,0,1.1,39.90654991769856,170,-0.11,-2.46,173,ACTIVE_DRYING
58.1,39.9,792.0,53,0,1.1,39.90654991769856,175,-0.23,-1.2,168,ACTIVE_DRYING
58.2,37.3,779.0,57,0,1.1,39.90654991769856,180,-0.2,-2.65,163,ACTIVE_DRYING
58.0,36.9,801.0,54,0,1.1,39.90654991769856,185,-0.31,-0.49,158,ACTIVE_DRYING
58.4,36.8,773.0,56,0,1.1,39.90654991769856,190,-0.14,-1.29,153,NEAR_COMPLETE
57.6,34.4,709.0,56,0,1.1,39.90654991769856,195,-0.28,-2.74,148,NEAR_COMPLETE
58.2,33.7,751.0,53,0,1.1,39.90654991769856,200,0.16,-0.93,143,NEAR_COMPLETE
57.9,32.5,701.0,55,0,1.1,39.90654991769856,205,-0.31,-0.95,138,NEAR_COMPLETE
57.9,31.3,724.0,54,0,1.1,39.90654991769856,210,-0.26,-1.53,133,NEAR_COMPLETE
58.2,29.1,702.0,54,0,1.1,39.90654991769856,215,0.42,-1.49,128,NEAR_COMPLETE
58.5,28.9,670.0,57,0,1.1,39.90654991769856,220,0.12,-0.63,123,NEAR_COMPLETE
57.4,27.3,673.0,53,0,1.1,39.90654991769856,225,-0.58,-1.27,118,NEAR_COMPLETE
57.8,26.9,675.0,56,0,1.1,39.90654991769856,230,0.66,-1.04,113,COMPLETE
58.0,24.9,611.0,57,0,1.1,39.90654991769856,235,0.13,-0.99,108,COMPLETE
58.1,25.5,563.0,54,0,1.1,39.90654991769856,240,0.12,0.4,103,COMPLETE
58.1,24.9,544.0,56,0,1.1,39.90654991769856,245,-0.13,-1.53,98,COMPLETE
58.3,24.2,583.0,56,0,1.1,39.90654991769856,250,-0.02,-0.54,93,COMPLETE
58.0,23.4,527.0,57,0,1.1,39.90654991769856,255,-0.48,-0.98,88,COMPLETE
58.2,22.6,521.0,57,0,1.1,39.90654991769856,260,0.02,-0.85,83,COMPLETE
58.0,22.6,493.0,54,0,1.1,39.90654991769856,265,-0.17,0.16,78,COMPLETE
58.0,22.5,447.0,54,0,1.1,39.90654991769856,270,-0.13,-0.32,73,COMPLETE
57.7,21.2,417.0,56,0,1.1,39.90654991769856,275,0.21,-1.64,68,COMPLETE
58.0,21.3,395.0,56,0,1.1,39.90654991769856,280,0.11,0.16,63,COMPLETE
57.5,19.3,380.0,53,0,1.1,39.90654991769856,285,0.17,-0.75,58,COMPLETE
57.2,19.7,335.0,56,0,1.1,39.90654991769856,290,0.24,0.41,53,COMPLETE
56.4,18.5,274.0,55,0,1.1,39.90654991769856,295,-1.13,-0.87,48,COMPLETE
56.1,17.4,266.0,53,0,1.1,39.90654991769856,300,-0.38,-0.45,43,COMPLETE
55.2,18.3,290.0,56,0,1.1,39.90654991769856,305,-1.14,0.5,38,COMPLETE
54.9,17.6,268.0,53,0,1.1,39.90654991769856,310,-0.69,0.18,33,COMPLETE
53.5,18.1,169.0,53,0,1.1,39.90654991769856,315,-0.67,0.77,28,COMPLETE
52.5,18.7,135.0,57,0,1.1,39.90654991769856,320,-0.8,0.18,23,COMPLETE
51.7,17.6,136.0,55,0,1.1,39.90654991769856,325,-0.59,-0.75,18,COMPLETE
50.7,18.3,99.0,56,0,1.1,39.90654991769856,330,-0.59,0.63,13,COMPLETE
49.8,17.5,38.0,57,0,1.1,39.90654991769856,335,-0.74,-0.29,8,COMPLETE
49.2,18.3,31.0,53,0,1.1,39.90654991769856,340,-0.57,0.98,3,COMPLETE
35.7,71.8,0.0,39,1,1.9,39.30728380715672,0,-0.03,0.47,335,INITIAL
41.1,71.3,80.0,51,1,1.9,39.30728380715672,5,5.39,-2.06,330,INITIAL
45.7,69.6,91.0,62,1,1.9,39.30728380715672,10,3.86,-1.9,325,ACTIVE_DRYING
48.4,67.9,65.0,87,1,1.9,39.30728380715672,15,2.82,-1.43,320,ACTIVE_DRYING
47.2,67.3,146.0,86,0,1.9,39.30728380715672,20,-0.88,-1.07,315,ACTIVE_DRYING
50.8,65.3,187.0,86,1,1.9,39.30728380715672,25,3.68,-1.27,310,ACTIVE_DRYING
49.6,63.3,220.0,85,0,1.9,39.30728380715672,30,-1.01,-1.24,305,ACTIVE_DRYING
49.5,63.0,279.0,72,0,1.9,39.30728380715672,35,-0.15,0.43,300,ACTIVE_DRYING
49.1,62.0,257.0,72,0,1.9,39.30728380715672,40,0.09,-1.5,295,ACTIVE_DRYING
48.5,60.8,259.0,72,0,1.9,39.30728380715672,45,-0.17,-1.47,290,ACTIVE_DRYING
48.4,58.6,362.0,70,0,1.9,39.30728380715672,50,-0.21,-1.18,285,ACTIVE_DRYING
48.2,58.4,363.0,68,0,1.9,39.30728380715672,55,0.85,-0.28,280,ACTIVE_DRYING
49.0,58.2,414.0,70,0,1.9,39.30728380715672,60,0.41,-0.38,275,ACTIVE_DRYING
49.5,56.0,448.0,71,0,1.9,39.30728380715672,65,-0.41,-2.12,270,ACTIVE_DRYING
48.6,54.4,408.0,69,0,1.9,39.30728380715672,70,-0.6,-2.33,265,ACTIVE_DRYING
49.6,53.4,495.0,71,0,1.9,39.30728380715672,75,1.08,-0.65,260,ACTIVE_DRYING
49.5,53.5,460.0,68,0,1.9,39.30728380715672,80,0.18,-1.11,255,ACTIVE_DRYING
50.7,50.3,582.0,70,0,1.9,39.30728380715672,85,0.97,-2.14,250,ACTIVE_DRYING
51.0,50.1,524.0,70,0,1.9,39.30728380715672,90,0.25,-0.32,245,ACTIVE_DRYING
51.3,48.6,567.0,72,0,1.9,39.30728380715672,95,0.43,-1.19,240,ACTIVE_DRYING
52.2,49.3,621.0,71,0,1.9,39.30728380715672,100,0.58,-0.6,235,ACTIVE_DRYING
52.4,47.6,712.0,70,0,1.9,39.30728380715672,105,0.11,-1.34,230,ACTIVE_DRYING
54.3,46.6,693.0,72,0,1.9,39.30728380715672,110,1.75,-1.55,225,ACTIVE_DRYING
54.5,45.3,598.0,70,0,1.9,39.30728380715672,115,-0.09,-0.22,220,ACTIVE_DRYING
55.4,45.0,675.0,71,0,1.9,39.30728380715672,120,0.69,-0.18,215,ACTIVE_DRYING
55.9,44.2,672.0,71,0,1.9,39.30728380715672,125,0.54,-0.12,210,ACTIVE_DRYING
56.7,43.4,752.0,57,0,1.9,39.30728380715672,130,0.97,-1.49,205,ACTIVE_DRYING
58.1,41.5,721.0,57,0,1.9,39.30728380715672,135,1.28,-0.45,200,ACTIVE_DRYING
57.9,41.0,758.0,57,0,1.9,39.30728380715672,140,0.14,-0.56,195,ACTIVE_DRYING
58.2,39.4,732.0,55,0,1.9,39.30728380715672,145,0.08,-1.57,190,ACTIVE_DRYING
57.8,38.6,755.0,54,0,1.9,39.30728380715672,150,-0.34,-0.12,185,ACTIVE_DRYING
57.7,37.2,685.0,54,0,1.9,39.30728380715672,155,0.07,-1.15,180,ACTIVE_DRYING
58.0,36.9,790.0,57,0,1.9,39.30728380715672,160,0.46,-0.43,175,ACTIVE_DRYING
58.4,36.9,773.0,57,0,1.9,39.30728380715672,165,-0.03,-0.17,170,ACTIVE_DRYING
57.8,36.1,784.0,53,0,1.9,39.30728380715672,170,-0.45,-1.23,165,ACTIVE_DRYING
58.3,36.4,754.0,56,0,1.9,39.30728380715672,175,0.2,-1.07,160,ACTIVE_DRYING
58.3,34.5,793.0,56,0,1.9,39.30728380715672,180,-0.36,-2.73,155,NEAR_COMPLETE
58.0,33.1,745.0,55,0,1.9,39.30728380715672,185,-0.64,-1.15,150,NEAR_COMPLETE
58.1,31.8,722.0,54,0,1.9,39.30728380715672,190,0.01,-1.87,145,NEAR_COMPLETE
57.6,31.3,747.0,55,0,1.9,39.30728380715672,195,0.14,-0.91,140,NEAR_COMPLETE
58.1,29.7,679.0,57,0,1.9,39.30728380715672,200,-0.09,-1.34,135,NEAR_COMPLETE
57.6,29.9,728.0,54,0,1.9,39.30728380715672,205,-0.39,-0.39,130,NEAR_COMPLETE
57.7,28.1,712.0,55,0,1.9,39.30728380715672,210,0.42,-0.78,125,NEAR_COMPLETE
58.0,27.6,696.0,55,0,1.9,39.30728380715672,215,0.1,0.1,120,COMPLETE
58.7,28.1,625.0,55,0,1.9,39.30728380715672,220,-0.19,-0.0,115,COMPLETE
58.2,26.2,576.0,57,0,1.9,39.30728380715672,225,-0.83,-1.64,110,COMPLETE
57.8,26.5,633.0,56,0,1.9,39.30728380715672,230,0.13,-0.42,105,COMPLETE
57.6,25.9,632.0,55,0,1.9,39.30728380715672,235,0.16,-0.7,100,COMPLETE
57.9,23.9,570.0,54,0,1.9,39.30728380715672,240,0.61,-0.64,95,COMPLETE
57.9,24.0,535.0,53,0,1.9,39.30728380715672,245,-0.13,0.55,90,COMPLETE
58.2,23.9,567.0,56,0,1.9,39.30728380715672,250,0.11,-0.26,85,COMPLETE
57.6,24.2,527.0,56,0,1.9,39.30728380715672,255,-0.45,0.13,80,COMPLETE
57.6,22.5,494.0,57,0,1.9,39.30728380715672,260,0.21,-0.99,75,COMPLETE
58.0,22.4,455.0,57,0,1.9,39.30728380715672,265,0.27,-0.25,70,COMPLETE
58.3,22.0,431.0,56,0,1.9,39.30728380715672,270,-0.09,-0.79,65,COMPLETE
58.7,20.6,411.0,55,0,1.9,39.30728380715672,275,-0.4,-1.54,60,COMPLETE
57.6,21.3,384.0,53,0,1.9,39.30728380715672,280,-0.99,0.78,55,COMPLETE
57.4,21.0,336.0,53,0,1.9,39.30728380715672,285,-0.01,-0.46,50,COMPLETE
56.5,21.1,322.0,55,0,1.9,39.30728380715672,290,-0.86,-0.42,45,COMPLETE
55.4,20.1,296.0,55,0,1.9,39.30728380715672,295,-0.25,-0.43,40,COMPLETE
55.4,20.2,283.0,57,0,1.9,39.30728380715672,300,-0.12,-0.46,35,COMPLETE
54.5,18.2,194.0,54,0,1.9,39.30728380715672,305,-0.4,-0.78,30,COMPLETE
54.0,18.4,145.0,53,0,1.9,39.30728380715672,310,-0.53,0.0,25,COMPLETE
52.2,16.9,109.0,54,0,1.9,39.30728380715672,315,-1.53,-0.81,20,COMPLETE
51.2,17.9,146.0,53,0,1.9,39.30728380715672,320,-0.95,1.14,15,COMPLETE
50.0,18.3,53.0,54,0,1.9,39.30728380715672,325,-1.32,-0.1,10,COMPLETE
47.9,18.2,37.0,53,0,1.9,39.30728380715672,330,-1.5,-0.25,5,COMPLETE
46.9,18.0,10.0,54,0,1.9,39.30728380715672,335,-0.59,-0.27,0,COMPLETE
32.2,72.2,0.0,41,1,1.7,32.71844341101949,0,0.2,0.21,316,INITIAL
37.0,70.2,1.0,51,1,1.7,32.71844341101949,5,4.66,-2.58,311,INITIAL
40.6,68.4,111.0,59,1,1.7,32.71844341101949,10,3.59,-1.42,306,ACTIVE_DRYING
44.7,67.6,95.0,84,1,1.7,32.71844341101949,15,3.99,-0.84,301,ACTIVE_DRYING
48.7,66.4,161.0,85,1,1.7,32.71844341101949,20,3.85,-1.36,296,ACTIVE_DRYING
47.1,64.4,230.0,86,0,1.7,32.71844341101949,25,-1.39,-2.39,291,ACTIVE_DRYING
51.2,63.3,146.0,71,1,1.7,32.71844341101949,30,4.05,-1.6,286,ACTIVE_DRYING
51.0,60.5,309.0,69,0,1.7,32.71844341101949,35,-0.32,-2.4,281,ACTIVE_DRYING
50.3,58.1,252.0,72,0,1.7,32.71844341101949,40,-1.12,-1.82,276,ACTIVE_DRYING
50.1,58.1,385.0,70,0,1.7,32.71844341101949,45,-0.07,-0.07,271,ACTIVE_DRYING
50.5,55.9,394.0,69,0,1.7,32.71844341101949,50,0.03,-1.1,266,ACTIVE_DRYING
50.0,55.8,399.0,71,0,1.7,32.71844341101949,55,-0.55,-0.31,261,ACTIVE_DRYING
50.0,53.8,406.0,71,0,1.7,32.71844341101949,60,0.33,-1.78,256,ACTIVE_DRYING
49.8,52.6,409.0,69,0,1.7,32.71844341101949,65,-0.02,-0.89,251,ACTIVE_DRYING
50.5,51.1,504.0,72,0,1.7,32.71844341101949,70,1.13,-0.48,246,ACTIVE_DRYING
50.7,50.4,511.0,71,0,1.7,32.71844341101949,75,0.22,-0.55,241,ACTIVE_DRYING
50.9,48.5,502.0,69,0,1.7,32.71844341101949,80,0.72,-0.67,236,ACTIVE_DRYING
50.9,48.8,550.0,71,0,1.7,32.71844341101949,85,0.47,0.71,231,ACTIVE_DRYING
51.3,48.1,558.0,68,0,1.7,32.71844341101949,90,0.85,-0.25,226,ACTIVE_DRYING
51.9,45.6,636.0,68,0,1.7,32.71844341101949,95,0.95,-2.07,221,ACTIVE_DRYING
52.2,45.0,621.0,69,0,1.7,32.71844341101949,100,1.42,-0.47,216,ACTIVE_DRYING
53.4,43.0,688.0,69,0,1.7,32.71844341101949,105,1.8,-1.25,211,ACTIVE_DRYING
53.8,42.0,607.0,53,0,1.7,32.71844341101949,110,0.7,-0.41,206,ACTIVE_DRYING
55.4,41.1,667.0,54,0,1.7,32.71844341101949,115,1.61,-1.69,201,ACTIVE_DRYING
56.7,39.2,755.0,53,0,1.7,32.71844341101949,120,1.26,-1.55,196,ACTIVE_DRYING
58.5,39.5,715.0,56,0,1.7,32.71844341101949,125,1.21,-0.27,191,NEAR_COMPLETE
57.9,37.7,682.0,55,0,1.7,32.71844341101949,130,-0.47,-1.34,186,NEAR_COMPLETE
57.9,37.4,701.0,56,0,1.7,32.71844341101949,135,-0.01,-0.71,181,NEAR_COMPLETE
58.0,36.5,740.0,55,0,1.7,32.71844341101949,140,0.04,-1.94,176,NEAR_COMPLETE
58.2,35.3,724.0,53,0,1.7,32.71844341101949,145,0.36,-2.5,171,NEAR_COMPLETE
58.1,33.9,747.0,55,0,1.7,32.71844341101949,150,0.06,-1.68,166,NEAR_COMPLETE
57.6,33.4,734.0,54,0,1.7,32.71844341101949,155,-0.22,-1.0,161,COMPLETE
57.9,32.4,761.0,57,0,1.7,32.71844341101949,160,0.2,-1.53,156,COMPLETE
57.6,29.7,749.0,53,0,1.7,32.71844341101949,165,0.16,-2.11,151,COMPLETE
57.9,27.7,785.0,56,0,1.7,32.71844341101949,170,0.21,-1.15,146,COMPLETE
58.3,27.8,786.0,54,0,1.7,32.71844341101949,175,0.59,-0.58,141,COMPLETE
57.8,28.1,753.0,57,0,1.7,32.71844341101949,180,-0.04,-1.01,136,COMPLETE
58.1,26.9,776.0,56,0,1.7,32.71844341101949,185,-0.02,-1.58,131,COMPLETE
58.4,25.0,690.0,56,0,1.7,32.71844341101949,190,-0.14,-1.75,126,COMPLETE
57.8,23.9,731.0,54,0,1.7,32.71844341101949,195,-0.28,-1.27,121,COMPLETE
58.1,22.7,688.0,56,0,1.7,32.71844341101949,200,0.03,-0.88,116,COMPLETE
57.9,21.5,679.0,54,0,1.7,32.71844341101949,205,-0.08,-0.68,111,COMPLETE
57.6,21.2,678.0,57,0,1.7,32.71844341101949,210,0.21,-0.71,106,COMPLETE
58.5,20.8,632.0,55,0,1.7,32.71844341101949,215,0.72,-0.38,101,COMPLETE
57.7,21.4,650.0,57,0,1.7,32.71844341101949,220,-0.53,0.44,96,COMPLETE
58.3,20.8,596.0,53,0,1.7,32.71844341101949,225,0.13,0.26,91,COMPLETE
58.5,19.9,556.0,53,0,1.7,32.71844341101949,230,-0.51,-0.42,86,COMPLETE
58.1,20.4,514.0,53,0,1.7,32.71844341101949,235,-0.23,-0.21,81,COMPLETE
57.9,19.4,502.0,55,0,1.7,32.71844341101949,240,-0.27,-1.3,76,COMPLETE
58.1,18.5,535.0,53,0,1.7,32.71844341101949,245,0.05,-0.22,71,COMPLETE
57.9,17.5,425.0,55,0,1.7,32.71844341101949,250,-0.22,-0.58,66,COMPLETE
57.2,18.2,433.0,53,0,1.7,32.71844341101949,255,-0.45,0.27,61,COMPLETE
56.9,18.8,368.0,56,0,1.7,32.71844341101949,260,-0.36,-0.36,56,COMPLETE
56.1,17.3,368.0,56,0,1.7,32.71844341101949,265,-0.56,-1.05,51,COMPLETE
55.3,18.2,321.0,53,0,1.7,32.71844341101949,270,-0.42,-0.27,46,COMPLETE
54.3,18.4,278.0,55,0,1.7,32.71844341101949,275,-0.17,-0.19,41,COMPLETE
54.5,18.9,184.0,54,0,1.7,32.71844341101949,280,-0.38,-0.16,36,COMPLETE
53.3,18.2,204.0,55,0,1.7,32.71844341101949,285,-1.5,-0.19,31,COMPLETE
52.6,18.0,206.0,54,0,1.7,32.71844341101949,290,-0.91,0.24,26,COMPLETE
51.9,17.7,145.0,57,0,1.7,32.71844341101949,295,-0.89,0.16,21,COMPLETE
50.8,18.0,172.0,57,0,1.7,32.71844341101949,300,-0.92,-0.18,16,COMPLETE
48.7,18.6,83.0,57,0,1.7,32.71844341101949,305,-1.31,0.27,11,COMPLETE
47.1,17.8,33.0,54,0,1.7,32.71844341101949,310,-1.15,-0.75,6,COMPLETE
45.8,18.8,8.0,55,0,1.7,32.71844341101949,315,-1.0,0.45,1,COMPLETE
34.5,74.8,0.0,40,1,1.5,36.20413621462613,0,-0.13,0.02,205,INITIAL
39.2,73.9,17.0,50,1,1.5,36.20413621462613,5,4.31,-1.31,200,INITIAL
42.7,72.1,141.0,61,1,1.5,36.20413621462613,10,3.78,-1.51,195,ACTIVE_DRYING
47.2,69.4,194.0,84,1,1.5,36.20413621462613,15,4.53,-2.56,190,ACTIVE_DRYING
51.5,68.7,224.0,87,1,1.5,36.20413621462613,20,4.37,-1.04,185,ACTIVE_DRYING
50.9,66.9,287.0,86,0,1.5,36.20413621462613,25,-0.41,-1.38,180,ACTIVE_DRYING
50.2,65.8,290.0,85,0,1.5,36.20413621462613,30,-0.48,-1.63,175,ACTIVE_DRYING
50.3,64.0,329.0,84,0,1.5,36.20413621462613,35,-0.42,-1.59,170,ACTIVE_DRYING
50.0,61.4,397.0,69,0,1.5,36.20413621462613,40,-0.48,-1.73,165,ACTIVE_DRYING
50.2,61.4,503.0,69,0,1.5,36.20413621462613,45,-0.16,-0.08,160,ACTIVE_DRYING
50.2,59.8,469.0,71,0,1.5,36.20413621462613,50,-0.48,-1.86,155,ACTIVE_DRYING
49.7,57.5,567.0,72,0,1.5,36.20413621462613,55,-0.22,-1.12,150,ACTIVE_DRYING
50.2,56.6,614.0,70,0,1.5,36.20413621462613,60,1.03,-1.56,145,ACTIVE_DRYING
51.0,54.1,606.0,69,0,1.5,36.20413621462613,65,1.24,-2.33,140,ACTIVE_DRYING
51.9,53.7,676.0,68,0,1.5,36.20413621462613,70,1.02,-0.44,135,ACTIVE_DRYING
53.0,53.6,644.0,69,0,1.5,36.20413621462613,75,0.64,-0.94,130,ACTIVE_DRYING
53.8,51.9,721.0,69,0,1.5,36.20413621462613,80,0.7,-2.36,125,ACTIVE_DRYING
53.9,49.9,699.0,71,0,1.5,36.20413621462613,85,0.81,-2.08,120,ACTIVE_DRYING
55.6,49.3,728.0,71,0,1.5,36.20413621462613,90,1.59,-1.25,115,ACTIVE_DRYING
56.5,46.9,709.0,72,0,1.5,36.20413621462613,95,0.7,-2.12,110,ACTIVE_DRYING
58.0,46.7,717.0,71,0,1.5,36.20413621462613,100,1.22,-0.93,105,ACTIVE_DRYING
58.2,46.0,706.0,72,0,1.5,36.20413621462613,105,-0.15,-0.86,100,ACTIVE_DRYING
57.8,43.6,793.0,72,0,1.5,36.20413621462613,110,-0.22,-1.5,95,ACTIVE_DRYING
57.9,44.1,780.0,55,0,1.5,36.20413621462613,115,0.16,-0.38,90,STABILIZING
57.9,42.6,743.0,57,0,1.5,36.20413621462613,120,0.02,-1.96,85,STABILIZING
58.8,40.5,769.0,57,0,1.5,36.20413621462613,125,0.38,-1.79,80,STABILIZING
57.7,39.6,608.0,56,0,1.5,36.20413621462613,130,-0.62,-1.52,75,STABILIZING
57.6,39.0,710.0,56,0,1.5,36.20413621462613,135,0.29,-1.13,70,STABILIZING
57.8,37.3,640.0,56,0,1.5,36.20413621462613,140,0.14,-1.24,65,STABILIZING
58.0,37.1,649.0,56,0,1.5,36.20413621462613,145,0.15,0.45,60,STABILIZING
57.9,36.1,626.0,56,0,1.5,36.20413621462613,150,0.08,-1.02,55,STABILIZING
58.0,35.0,498.0,57,0,1.5,36.20413621462613,155,0.21,-1.11,50,NEAR_COMPLETE
57.9,33.1,418.0,57,0,1.5,36.20413621462613,160,-0.19,-1.33,45,NEAR_COMPLETE
57.6,32.5,462.0,53,0,1.5,36.20413621462613,165,0.42,-0.62,40,NEAR_COMPLETE
58.5,32.3,421.0,56,0,1.5,36.20413621462613,170,0.38,-0.45,35,NEAR_COMPLETE
58.0,31.2,308.0,54,0,1.5,36.20413621462613,175,-0.94,-0.7,30,NEAR_COMPLETE
56.7,30.4,257.0,57,0,1.5,36.20413621462613,180,-1.13,-1.16,25,NEAR_COMPLETE
56.3,29.9,257.0,53,0,1.5,36.20413621462613,185,-0.3,-0.63,20,NEAR_COMPLETE
54.9,29.7,134.0,54,0,1.5,36.20413621462613,190,-1.66,-0.31,15,COMPLETE
53.8,28.8,107.0,53,0,1.5,36.20413621462613,195,-1.47,-1.5,10,COMPLETE
53.1,27.5,121.0,54,0,1.5,36.20413621462613,200,-0.43,-0.78,5,COMPLETE
51.7,27.2,13.0,57,0,1.5,36.20413621462613,205,-1.19,-0.46,0,COMPLETE
36.7,72.9,0.0,40,1,1.3,28.2009693831746,0,0.01,0.14,331,INITIAL
40.8,71.3,12.0,51,1,1.3,28.2009693831746,5,3.59,-2.13,326,INITIAL
44.2,69.5,72.0,61,1,1.3,28.2009693831746,10,3.82,-0.91,321,ACTIVE_DRYING
49.0,68.2,66.0,85,1,1.3,28.2009693831746,15,4.3,-1.53,316,ACTIVE_DRYING
47.0,67.3,150.0,87,0,1.3,28.2009693831746,20,-1.78,-2.07,311,ACTIVE_DRYING
51.0,65.3,120.0,85,1,1.3,28.2009693831746,25,3.46,-1.99,306,ACTIVE_DRYING
50.3,64.8,273.0,87,0,1.3,28.2009693831746,30,-1.06,-1.61,301,ACTIVE_DRYING
49.5,61.9,251.0,69,0,1.3,28.2009693831746,35,-0.86,-2.61,296,ACTIVE_DRYING
49.4,61.0,299.0,72,0,1.3,28.2009693831746,40,-0.09,-1.83,291,ACTIVE_DRYING
49.5,58.7,302.0,68,0,1.3,28.2009693831746,45,-0.04,-2.19,286,ACTIVE_DRYING
48.5,56.4,352.0,70,0,1.3,28.2009693831746,50,-0.63,-1.27,281,ACTIVE_DRYING
48.6,56.6,342.0,68,0,1.3,28.2009693831746,55,-0.23,-0.39,276,ACTIVE_DRYING
49.5,55.7,446.0,68,0,1.3,28.2009693831746,60,0.64,-2.0,271,ACTIVE_DRYING
49.3,52.3,411.0,68,0,1.3,28.2009693831746,65,-0.14,-2.53,266,ACTIVE_DRYING
48.7,52.0,465.0,71,0,1.3,28.2009693831746,70,-0.02,-0.24,261,ACTIVE_DRYING
49.4,50.0,462.0,70,0,1.3,28.2009693831746,75,0.77,-1.05,256,ACTIVE_DRYING
49.5,49.0,455.0,71,0,1.3,28.2009693831746,80,-0.12,-0.37,251,ACTIVE_DRYING
50.3,48.2,571.0,70,0,1.3,28.2009693831746,85,0.74,-0.09,246,ACTIVE_DRYING
50.5,47.8,542.0,68,0,1.3,28.2009693831746,90,0.71,-0.62,241,ACTIVE_DRYING
51.6,45.1,601.0,71,0,1.3,28.2009693831746,95,0.91,-2.6,236,ACTIVE_DRYING
52.2,42.7,579.0,69,0,1.3,28.2009693831746,100,0.33,-1.28,231,ACTIVE_DRYING
53.3,42.5,681.0,55,0,1.3,28.2009693831746,105,1.16,-0.24,226,ACTIVE_DRYING
54.0,42.3,634.0,53,0,1.3,28.2009693831746,110,0.98,-1.21,221,ACTIVE_DRYING
55.2,39.7,658.0,57,0,1.3,28.2009693831746,115,0.92,-2.49,216,ACTIVE_DRYING
55.8,39.2,619.0,57,0,1.3,28.2009693831746,120,0.6,-0.37,211,ACTIVE_DRYING
56.5,37.7,721.0,55,0,1.3,28.2009693831746,125,0.39,-1.45,206,NEAR_COMPLETE
57.8,36.5,725.0,55,0,1.3,28.2009693831746,130,1.28,-0.85,201,NEAR_COMPLETE
58.1,35.0,680.0,57,0,1.3,28.2009693831746,135,-0.11,-0.7,196,NEAR_COMPLETE
57.9,34.7,749.0,54,0,1.3,28.2009693831746,140,-0.38,-0.39,191,NEAR_COMPLETE
58.4,34.0,775.0,53,0,1.3,28.2009693831746,145,0.09,-1.54,186,NEAR_COMPLETE
58.3,31.7,786.0,56,0,1.3,28.2009693831746,150,-0.51,-2.49,181,NEAR_COMPLETE
58.3,30.3,675.0,53,0,1.3,28.2009693831746,155,0.05,-0.98,176,NEAR_COMPLETE
57.9,30.5,754.0,57,0,1.3,28.2009693831746,160,-0.43,-0.46,171,COMPLETE
58.4,29.9,704.0,56,0,1.3,28.2009693831746,165,0.01,-1.11,166,COMPLETE
58.0,27.9,746.0,57,0,1.3,28.2009693831746,170,-0.57,-1.99,161,COMPLETE
57.6,28.1,754.0,56,0,1.3,28.2009693831746,175,-0.16,-0.33,156,COMPLETE
58.5,27.0,761.0,57,0,1.3,28.2009693831746,180,0.13,-1.7,151,COMPLETE
57.9,24.9,792.0,55,0,1.3,28.2009693831746,185,-0.49,-1.42,146,COMPLETE
57.8,24.6,772.0,57,0,1.3,28.2009693831746,190,0.2,-0.28,141,COMPLETE
57.4,23.4,752.0,56,0,1.3,28.2009693831746,195,0.12,-0.96,136,COMPLETE
58.1,22.1,722.0,57,0,1.3,28.2009693831746,200,0.56,-1.19,131,COMPLETE
58.1,21.1,710.0,57,0,1.3,28.2009693831746,205,-0.24,-0.75,126,COMPLETE
58.4,21.0,680.0,56,0,1.3,28.2009693831746,210,-0.39,0.23,121,COMPLETE
57.9,20.6,654.0,57,0,1.3,28.2009693831746,215,-0.16,-0.84,116,COMPLETE
58.3,18.4,610.0,56,0,1.3,28.2009693831746,220,0.39,-1.07,111,COMPLETE
57.9,19.1,649.0,56,0,1.3,28.2009693831746,225,-0.46,0.14,106,COMPLETE
57.3,18.1,617.0,53,0,1.3,28.2009693831746,230,-0.15,-1.78,101,COMPLETE
57.8,18.1,612.0,56,0,1.3,28.2009693831746,235,0.62,-0.63,96,COMPLETE
57.8,18.2,568.0,56,0,1.3,28.2009693831746,240,0.14,-0.32,91,COMPLETE
58.3,17.8,548.0,54,0,1.3,28.2009693831746,245,0.31,0.07,86,COMPLETE
58.0,17.8,583.0,53,0,1.3,28.2009693831746,250,-0.45,0.06,81,COMPLETE
57.9,17.6,556.0,54,0,1.3,28.2009693831746,255,0.06,0.88,76,COMPLETE
57.4,17.8,497.0,55,0,1.3,28.2009693831746,260,0.07,0.3,71,COMPLETE
57.6,17.9,390.0,57,0,1.3,28.2009693831746,265,-0.15,0.94,66,COMPLETE
57.3,18.8,372.0,55,0,1.3,28.2009693831746,270,0.3,-0.22,61,COMPLETE
57.5,18.1,369.0,53,0,1.3,28.2009693831746,275,0.21,-0.24,56,COMPLETE
57.5,17.7,376.0,55,0,1.3,28.2009693831746,280,0.14,0.13,51,COMPLETE
57.5,17.7,314.0,55,0,1.3,28.2009693831746,285,-0.23,1.13,46,COMPLETE
56.5,18.3,316.0,57,0,1.3,28.2009693831746,290,-0.35,0.41,41,COMPLETE
56.5,18.1,243.0,55,0,1.3,28.2009693831746,295,-0.47,-0.29,36,COMPLETE
55.4,18.1,186.0,54,0,1.3,28.2009693831746,300,-0.77,0.39,31,COMPLETE
54.2,18.4,190.0,54,0,1.3,28.2009693831746,305,-0.7,0.44,26,COMPLETE
53.8,17.4,138.0,53,0,1.3,28.2009693831746,310,-0.75,-0.92,21,COMPLETE
53.1,18.8,80.0,56,0,1.3,28.2009693831746,315,-1.38,1.06,16,COMPLETE
50.8,17.1,111.0,54,0,1.3,28.2009693831746,320,-1.99,-0.94,11,COMPLETE
49.5,18.4,0.0,54,0,1.3,28.2009693831746,325,-1.28,0.81,6,COMPLETE
47.5,17.7,0.0,56,0,1.3,28.2009693831746,330,-1.77,-0.9,1,COMPLETE
35.7,75.3,16.0,40,1,1.5,39.00352907400555,0,-0.29,0.33,188,INITIAL
39.8,73.3,48.0,50,1,1.5,39.00352907400555,5,4.82,-1.88,183,INITIAL
44.1,72.9,154.0,61,1,1.5,39.00352907400555,10,4.94,-0.17,178,ACTIVE_DRYING
48.4,71.6,188.0,84,1,1.5,39.00352907400555,15,4.16,-1.39,173,ACTIVE_DRYING
47.7,70.3,280.0,85,0,1.5,39.00352907400555,20,-0.56,-0.9,168,ACTIVE_DRYING
52.2,69.8,344.0,85,1,1.5,39.00352907400555,25,4.18,-0.74,163,ACTIVE_DRYING
51.2,68.4,363.0,87,0,1.5,39.00352907400555,30,-0.71,-1.26,158,ACTIVE_DRYING
51.2,66.6,381.0,85,0,1.5,39.00352907400555,35,0.2,-1.39,153,ACTIVE_DRYING
50.8,65.9,486.0,87,0,1.5,39.00352907400555,40,-0.39,-0.88,148,ACTIVE_DRYING
51.2,63.8,490.0,84,0,1.5,39.00352907400555,45,0.04,-1.68,143,ACTIVE_DRYING
50.7,63.3,570.0,70,0,1.5,39.00352907400555,50,0.2,-1.2,138,ACTIVE_DRYING
51.9,61.9,564.0,71,0,1.5,39.00352907400555,55,1.12,-0.7,133,ACTIVE_DRYING
53.1,60.9,641.0,70,0,1.5,39.00352907400555,60,1.18,-0.43,128,ACTIVE_DRYING
53.7,60.1,684.0,70,0,1.5,39.00352907400555,65,0.88,-0.76,123,ACTIVE_DRYING
54.6,59.1,711.0,71,0,1.5,39.00352907400555,70,0.8,-1.26,118,ACTIVE_DRYING
56.0,57.4,730.0,71,0,1.5,39.00352907400555,75,1.55,-1.27,113,ACTIVE_DRYING
56.5,56.2,709.0,68,0,1.5,39.00352907400555,80,0.1,-1.19,108,ACTIVE_DRYING
58.0,56.3,756.0,68,0,1.5,39.00352907400555,85,1.71,-0.1,103,ACTIVE_DRYING
58.2,53.5,718.0,71,0,1.5,39.00352907400555,90,-0.38,-1.85,98,ACTIVE_DRYING
58.2,52.0,703.0,70,0,1.5,39.00352907400555,95,-0.11,-0.67,93,ACTIVE_DRYING
58.3,52.3,782.0,71,0,1.5,39.00352907400555,100,0.2,-0.19,88,ACTIVE_DRYING
58.2,52.5,780.0,70,0,1.5,39.00352907400555,105,-0.1,-0.77,83,STABILIZING
57.6,48.8,725.0,69,0,1.5,39.00352907400555,110,-0.07,-3.77,78,STABILIZING
57.3,48.0,732.0,72,0,1.5,39.00352907400555,115,0.63,-0.67,73,STABILIZING
58.6,47.0,703.0,69,0,1.5,39.00352907400555,120,0.6,-0.81,68,STABILIZING
58.1,45.5,626.0,69,0,1.5,39.00352907400555,125,-1.05,-1.37,63,STABILIZING
58.1,44.4,568.0,71,0,1.5,39.00352907400555,130,-0.34,-0.7,58,STABILIZING
57.8,45.5,565.0,56,0,1.5,39.00352907400555,135,0.14,0.14,53,STABILIZING
58.1,43.6,514.0,53,0,1.5,39.00352907400555,140,0.21,-0.95,48,STABILIZING
57.9,40.5,504.0,55,0,1.5,39.00352907400555,145,-0.5,-0.8,43,STABILIZING
58.0,41.1,424.0,55,0,1.5,39.00352907400555,150,-0.21,1.23,38,STABILIZING
57.3,39.4,397.0,56,0,1.5,39.00352907400555,155,-0.75,0.22,33,STABILIZING
57.3,39.5,337.0,54,0,1.5,39.00352907400555,160,0.34,0.14,28,STABILIZING
57.2,38.0,248.0,57,0,1.5,39.00352907400555,165,-0.45,-1.48,23,STABILIZING
55.2,37.7,163.0,57,0,1.5,39.00352907400555,170,-1.91,-0.75,18,STABILIZING
54.3,37.1,123.0,54,0,1.5,39.00352907400555,175,-0.55,-1.36,13,STABILIZING
53.2,35.7,72.0,53,0,1.5,39.00352907400555,180,-1.2,-1.02,8,STABILIZING
51.3,33.7,26.0,53,0,1.5,39.00352907400555,185,-1.99,-1.18,3,STABILIZING
33.2,72.7,0.0,40,1,2.8,34.84395231276535,0,-0.07,-0.21,288,INITIAL
37.5,71.2,25.0,52,1,2.8,34.84395231276535,5,4.04,-0.44,283,INITIAL
42.0,70.8,85.0,60,1,2.8,34.84395231276535,10,4.4,-0.52,278,ACTIVE_DRYING
46.0,69.0,144.0,87,1,2.8,34.84395231276535,15,3.6,-1.73,273,ACTIVE_DRYING
49.5,68.2,105.0,83,1,2.8,34.84395231276535,20,3.08,-1.24,268,ACTIVE_DRYING
48.5,66.0,207.0,87,0,2.8,34.84395231276535,25,-1.06,-2.24,263,ACTIVE_DRYING
47.1,64.8,238.0,84,0,2.8,34.84395231276535,30,-1.38,-0.01,258,ACTIVE_DRYING
51.9,63.7,268.0,87,1,2.8,34.84395231276535,35,4.67,-0.55,253,ACTIVE_DRYING
51.8,62.8,314.0,71,0,2.8,34.84395231276535,40,-0.32,-1.21,248,ACTIVE_DRYING
51.6,61.2,437.0,72,0,2.8,34.84395231276535,45,0.11,-1.21,243,ACTIVE_DRYING
51.4,59.7,374.0,71,0,2.8,34.84395231276535,50,-0.22,-1.0,238,ACTIVE_DRYING
52.0,58.6,421.0,68,0,2.8,34.84395231276535,55,0.58,-1.25,233,ACTIVE_DRYING
52.2,58.0,430.0,71,0,2.8,34.84395231276535,60,0.14,-1.04,228,ACTIVE_DRYING
52.4,55.6,496.0,71,0,2.8,34.84395231276535,65,0.07,-2.11,223,ACTIVE_DRYING
52.0,55.2,513.0,68,0,2.8,34.84395231276535,70,0.46,-0.77,218,ACTIVE_DRYING
52.7,54.2,554.0,70,0,2.8,34.84395231276535,75,0.66,-1.63,213,ACTIVE_DRYING
53.6,52.4,558.0,69,0,2.8,34.84395231276535,80,0.52,-0.63,208,ACTIVE_DRYING
53.8,52.4,563.0,69,0,2.8,34.84395231276535,85,0.15,-0.42,203,ACTIVE_DRYING
54.5,51.3,663.0,68,0,2.8,34.84395231276535,90,1.13,-1.53,198,ACTIVE_DRYING
55.9,50.0,669.0,68,0,2.8,34.84395231276535,95,1.62,-1.59,193,ACTIVE_DRYING
56.7,49.1,682.0,72,0,2.8,34.84395231276535,100,0.76,-0.71,188,ACTIVE_DRYING
57.0,46.2,648.0,68,0,2.8,34.84395231276535,105,0.39,-1.83,183,ACTIVE_DRYING
57.4,45.6,699.0,72,0,2.8,34.84395231276535,110,0.95,-0.07,178,ACTIVE_DRYING
58.4,45.6,701.0,70,0,2.8,34.84395231276535,115,0.73,0.21,173,ACTIVE_DRYING
58.0,45.0,739.0,72,0,2.8,34.84395231276535,120,-0.61,-1.28,168,ACTIVE_DRYING
57.5,43.2,751.0,53,0,2.8,34.84395231276535,125,-0.29,-1.22,163,ACTIVE_DRYING
57.6,42.6,752.0,54,0,2.8,34.84395231276535,130,0.15,0.05,158,ACTIVE_DRYING
57.2,42.6,728.0,53,0,2.8,34.84395231276535,135,0.53,0.03,153,ACTIVE_DRYING
57.8,42.1,748.0,54,0,2.8,34.84395231276535,140,0.8,-1.21,148,ACTIVE_DRYING
57.6,40.9,701.0,53,0,2.8,34.84395231276535,145,0.25,-1.27,143,ACTIVE_DRYING
57.8,40.4,779.0,56,0,2.8,34.84395231276535,150,0.46,-0.39,138,ACTIVE_DRYING
58.0,39.0,764.0,55,0,2.8,34.84395231276535,155,0.28,-1.24,133,ACTIVE_DRYING
57.7,38.3,787.0,56,0,2.8,34.84395231276535,160,-0.18,-0.77,128,STABILIZING
57.8,37.5,748.0,55,0,2.8,34.84395231276535,165,0.13,-1.0,123,STABILIZING
57.5,36.5,711.0,54,0,2.8,34.84395231276535,170,0.21,-1.14,118,STABILIZING
57.9,35.8,694.0,56,0,2.8,34.84395231276535,175,0.34,-0.95,113,STABILIZING
58.1,34.1,684.0,54,0,2.8,34.84395231276535,180,-0.34,-1.23,108,STABILIZING
57.6,33.1,732.0,55,0,2.8,34.84395231276535,185,-0.13,-0.38,103,STABILIZING
57.8,32.4,653.0,54,0,2.8,34.84395231276535,190,0.35,0.12,98,STABILIZING
58.3,31.8,694.0,53,0,2.8,34.84395231276535,195,0.02,-0.71,93,NEAR_COMPLETE
58.2,32.4,611.0,57,0,2.8,34.84395231276535,200,-0.35,0.08,88,NEAR_COMPLETE
57.7,30.8,607.0,53,0,2.8,34.84395231276535,205,0.07,-1.5,83,NEAR_COMPLETE
58.6,31.0,590.0,55,0,2.8,34.84395231276535,210,0.4,-0.65,78,NEAR_COMPLETE
57.6,29.6,546.0,54,0,2.8,34.84395231276535,215,-0.33,-1.36,73,NEAR_COMPLETE
58.1,28.1,556.0,55,0,2.8,34.84395231276535,220,0.14,-0.64,68,NEAR_COMPLETE
57.8,27.5,452.0,55,0,2.8,34.84395231276535,225,-0.18,-0.74,63,NEAR_COMPLETE
57.9,26.6,440.0,54,0,2.8,34.84395231276535,230,-0.44,-1.13,58,NEAR_COMPLETE
57.9,25.9,386.0,53,0,2.8,34.84395231276535,235,-0.7,-0.8,53,NEAR_COMPLETE
57.9,24.0,336.0,56,0,2.8,34.84395231276535,240,-0.82,-0.92,48,COMPLETE
57.3,24.0,352.0,57,0,2.8,34.84395231276535,245,-0.6,-0.08,43,COMPLETE
56.1,22.8,287.0,57,0,2.8,34.84395231276535,250,-0.61,-1.06,38,COMPLETE
55.8,22.2,277.0,54,0,2.8,34.84395231276535,255,-0.12,-0.56,33,COMPLETE
54.5,21.9,190.0,56,0,2.8,34.84395231276535,260,-1.19,0.28,28,COMPLETE
54.3,22.7,174.0,57,0,2.8,34.84395231276535,265,-0.35,0.84,23,COMPLETE
51.9,23.0,121.0,54,0,2.8,34.84395231276535,270,-2.23,0.27,18,COMPLETE
50.6,22.9,45.0,53,0,2.8,34.84395231276535,275,-1.47,-0.64,13,COMPLETE
49.8,22.1,59.0,53,0,2.8,34.84395231276535,280,-0.97,-0.85,8,COMPLETE
48.4,22.3,0.0,53,0,2.8,34.84395231276535,285,-1.82,0.26,3,COMPLETE
35.8,72.9,59.0,38,1,2.9,30.05091228031891,0,-0.1,0.15,255,INITIAL
40.3,70.4,0.0,52,1,2.9,30.05091228031891,5,4.37,-1.67,250,INITIAL
44.7,69.7,104.0,59,1,2.9,30.05091228031891,10,4.33,-0.57,245,ACTIVE_DRYING
48.4,68.0,175.0,84,1,2.9,30.05091228031891,15,3.59,-1.93,240,ACTIVE_DRYING
47.9,65.5,191.0,87,0,2.9,30.05091228031891,20,-0.88,-2.31,235,ACTIVE_DRYING
51.9,64.5,253.0,87,1,2.9,30.05091228031891,25,3.12,-1.56,230,ACTIVE_DRYING
51.5,62.4,301.0,70,0,2.9,30.05091228031891,30,-0.26,-1.96,225,ACTIVE_DRYING
51.3,61.1,384.0,71,0,2.9,30.05091228031891,35,-0.04,-1.71,220,ACTIVE_DRYING
50.9,60.0,372.0,69,0,2.9,30.05091228031891,40,0.06,-1.22,215,ACTIVE_DRYING
51.4,59.3,453.0,69,0,2.9,30.05091228031891,45,0.48,-1.96,210,ACTIVE_DRYING
51.5,56.4,414.0,70,0,2.9,30.05091228031891,50,0.15,-2.53,205,ACTIVE_DRYING
51.3,55.5,471.0,71,0,2.9,30.05091228031891,55,-0.39,0.17,200,ACTIVE_DRYING
51.4,54.1,514.0,68,0,2.9,30.05091228031891,60,0.38,-0.92,195,ACTIVE_DRYING
52.0,53.3,525.0,72,0,2.9,30.05091228031891,65,0.61,-0.84,190,ACTIVE_DRYING
52.2,51.1,547.0,72,0,2.9,30.05091228031891,70,-0.15,-1.75,185,ACTIVE_DRYING
52.8,49.6,579.0,72,0,2.9,30.05091228031891,75,0.68,-0.35,180,ACTIVE_DRYING
53.1,47.7,633.0,71,0,2.9,30.05091228031891,80,0.73,-0.18,175,ACTIVE_DRYING
54.0,48.4,618.0,68,0,2.9,30.05091228031891,85,0.88,-0.03,170,ACTIVE_DRYING
54.6,46.6,679.0,68,0,2.9,30.05091228031891,90,0.69,-2.64,165,ACTIVE_DRYING
55.0,44.9,684.0,70,0,2.9,30.05091228031891,95,1.29,-1.39,160,ACTIVE_DRYING
56.9,44.1,711.0,56,0,2.9,30.05091228031891,100,1.56,-1.17,155,ACTIVE_DRYING
58.0,43.3,704.0,53,0,2.9,30.05091228031891,105,1.0,-1.01,150,ACTIVE_DRYING
58.1,42.7,729.0,55,0,2.9,30.05091228031891,110,-0.27,-1.64,145,NEAR_COMPLETE
57.7,41.1,746.0,55,0,2.9,30.05091228031891,115,-0.16,-2.33,140,NEAR_COMPLETE
57.5,39.9,738.0,55,0,2.9,30.05091228031891,120,0.37,-1.63,135,NEAR_COMPLETE
57.6,39.4,723.0,56,0,2.9,30.05091228031891,125,0.28,-2.02,130,NEAR_COMPLETE
57.4,37.1,774.0,54,0,2.9,30.05091228031891,130,0.08,-2.13,125,NEAR_COMPLETE
58.4,36.2,783.0,55,0,2.9,30.05091228031891,135,0.89,-1.3,120,COMPLETE
57.6,35.2,745.0,56,0,2.9,30.05091228031891,140,-0.6,-1.49,115,COMPLETE
58.1,33.7,736.0,54,0,2.9,30.05091228031891,145,0.41,-1.1,110,COMPLETE
58.0,32.2,710.0,57,0,2.9,30.05091228031891,150,-0.24,-0.89,105,COMPLETE
58.4,31.7,624.0,54,0,2.9,30.05091228031891,155,0.27,-1.09,100,COMPLETE
57.8,32.1,653.0,55,0,2.9,30.05091228031891,160,-0.45,-0.91,95,COMPLETE
58.0,29.3,759.0,57,0,2.9,30.05091228031891,165,0.29,-2.28,90,COMPLETE
58.3,29.0,632.0,54,0,2.9,30.05091228031891,170,0.06,-0.58,85,COMPLETE
58.3,26.7,661.0,56,0,2.9,30.05091228031891,175,-0.34,-1.56,80,COMPLETE
58.0,26.3,602.0,53,0,2.9,30.05091228031891,180,-0.31,0.81,75,COMPLETE
57.6,26.6,606.0,55,0,2.9,30.05091228031891,185,-0.06,-0.35,70,COMPLETE
58.3,25.6,522.0,56,0,2.9,30.05091228031891,190,0.34,-2.35,65,COMPLETE
57.9,24.4,503.0,53,0,2.9,30.05091228031891,195,-0.43,-1.8,60,COMPLETE
58.5,21.4,480.0,56,0,2.9,30.05091228031891,200,0.12,-1.72,55,COMPLETE
57.7,21.1,398.0,53,0,2.9,30.05091228031891,205,-0.49,0.48,50,COMPLETE
58.2,19.9,390.0,57,0,2.9,30.05091228031891,210,-0.07,-0.48,45,COMPLETE
57.4,20.8,373.0,55,0,2.9,30.05091228031891,215,-0.94,0.37,40,COMPLETE
57.9,19.3,361.0,56,0,2.9,30.05091228031891,220,-0.14,-1.21,35,COMPLETE
57.5,19.0,322.0,53,0,2.9,30.05091228031891,225,-0.75,0.25,30,COMPLETE
55.9,17.9,224.0,55,0,2.9,30.05091228031891,230,-1.3,-0.09,25,COMPLETE
55.6,18.1,213.0,53,0,2.9,30.05091228031891,235,0.12,1.55,20,COMPLETE
54.3,17.2,136.0,54,0,2.9,30.05091228031891,240,-1.36,-0.1,15,COMPLETE
52.7,17.8,71.0,56,0,2.9,30.05091228031891,245,-1.23,1.19,10,COMPLETE
51.0,17.5,11.0,56,0,2.9,30.05091228031891,250,-1.68,-0.16,5,COMPLETE
49.8,17.3,51.0,56,0,2.9,30.05091228031891,255,-1.23,0.34,0,COMPLETE
36.1,76.1,0.0,39,1,2.5,38.336658810289535,0,-0.13,-0.13,210,INITIAL
40.9,74.6,24.0,50,1,2.5,38.336658810289535,5,4.43,-0.96,205,INITIAL
44.8,73.0,169.0,62,1,2.5,38.336658810289535,10,4.34,-1.25,200,ACTIVE_DRYING
49.2,72.3,182.0,87,1,2.5,38.336658810289535,15,4.4,-0.85,195,ACTIVE_DRYING
48.1,70.0,241.0,86,0,2.5,38.336658810289535,20,-0.52,-1.98,190,ACTIVE_DRYING
48.2,69.0,251.0,85,0,2.5,38.336658810289535,25,-0.04,-1.79,185,ACTIVE_DRYING
52.1,66.7,250.0,83,1,2.5,38.336658810289535,30,3.79,-2.22,180,ACTIVE_DRYING
50.9,65.3,368.0,84,0,2.5,38.336658810289535,35,-0.89,-1.32,175,ACTIVE_DRYING
50.6,63.6,443.0,84,0,2.5,38.336658810289535,40,-0.06,-1.22,170,ACTIVE_DRYING
50.6,62.1,447.0,70,0,2.5,38.336658810289535,45,0.79,-1.67,165,ACTIVE_DRYING
50.9,60.5,529.0,71,0,2.5,38.336658810289535,50,0.7,-1.42,160,ACTIVE_DRYING
51.6,59.1,628.0,71,0,2.5,38.336658810289535,55,0.49,-0.87,155,ACTIVE_DRYING
52.4,59.3,649.0,72,0,2.5,38.336658810289535,60,0.65,-0.14,150,ACTIVE_DRYING
53.0,57.7,638.0,69,0,2.5,38.336658810289535,65,0.16,-1.82,145,ACTIVE_DRYING
53.6,56.4,625.0,68,0,2.5,38.336658810289535,70,0.85,-1.28,140,ACTIVE_DRYING
53.6,54.2,648.0,70,0,2.5,38.336658810289535,75,0.15,-1.43,135,ACTIVE_DRYING
54.4,53.3,653.0,69,0,2.5,38.336658810289535,80,1.1,-0.83,130,ACTIVE_DRYING
55.1,51.0,701.0,69,0,2.5,38.336658810289535,85,0.65,-2.06,125,ACTIVE_DRYING
56.8,50.5,772.0,71,0,2.5,38.336658810289535,90,1.65,-1.87,120,ACTIVE_DRYING
57.9,48.4,796.0,71,0,2.5,38.336658810289535,95,1.08,-3.31,115,ACTIVE_DRYING
57.7,47.7,755.0,70,0,2.5,38.336658810289535,100,0.28,-1.0,110,ACTIVE_DRYING
58.1,46.3,747.0,71,0,2.5,38.336658810289535,105,-0.01,-1.47,105,ACTIVE_DRYING
58.0,45.1,731.0,68,0,2.5,38.336658810289535,110,-0.43,-1.66,100,ACTIVE_DRYING
57.9,42.6,729.0,55,0,2.5,38.336658810289535,115,0.06,-2.04,95,ACTIVE_DRYING
57.7,42.0,717.0,53,0,2.5,38.336658810289535,120,-0.14,-0.46,90,NEAR_COMPLETE
58.0,41.0,705.0,55,0,2.5,38.336658810289535,125,0.15,-1.64,85,NEAR_COMPLETE
58.3,39.1,697.0,55,0,2.5,38.336658810289535,130,-0.07,-2.23,80,NEAR_COMPLETE
58.0,38.2,684.0,54,0,2.5,38.336658810289535,135,-0.41,-1.68,75,NEAR_COMPLETE
58.4,36.5,656.0,56,0,2.5,38.336658810289535,140,0.04,-1.46,70,NEAR_COMPLETE
58.1,35.5,648.0,53,0,2.5,38.336658810289535,145,-0.19,-0.84,65,COMPLETE
58.6,34.2,617.0,55,0,2.5,38.336658810289535,150,-0.01,-0.87,60,COMPLETE
58.3,33.8,584.0,56,0,2.5,38.336658810289535,155,-0.69,-0.22,55,COMPLETE
58.3,33.2,488.0,57,0,2.5,38.336658810289535,160,0.24,-0.41,50,COMPLETE
58.1,32.5,514.0,57,0,2.5,38.336658810289535,165,-0.34,-1.06,45,COMPLETE
57.8,30.2,385.0,54,0,2.5,38.336658810289535,170,-0.15,-1.79,40,COMPLETE
57.3,28.5,342.0,56,0,2.5,38.336658810289535,175,0.15,-1.38,35,COMPLETE
56.9,28.6,337.0,57,0,2.5,38.336658810289535,180,-0.27,-0.35,30,COMPLETE
56.7,26.3,274.0,53,0,2.5,38.336658810289535,185,-0.45,-2.22,25,COMPLETE
55.6,26.3,189.0,56,0,2.5,38.336658810289535,190,-1.32,0.26,20,COMPLETE
54.5,27.3,172.0,55,0,2.5,38.336658810289535,195,-0.38,1.01,15,COMPLETE
53.3,26.2,151.0,53,0,2.5,38.336658810289535,200,-1.03,-1.91,10,COMPLETE
52.5,25.8,66.0,56,0,2.5,38.336658810289535,205,-0.97,-1.27,5,COMPLETE
50.7,24.0,0.0,57,0,2.5,38.336658810289535,210,-1.64,-1.03,0,COMPLETE
33.6,73.8,40.0,38,1,2.1,25.262197195956382,0,-0.11,0.03,188,INITIAL
37.6,72.5,61.0,50,1,2.1,25.262197195956382,5,4.14,-2.21,183,INITIAL
42.7,69.9,134.0,61,1,2.1,25.262197195956382,10,4.5,-2.45,178,ACTIVE_DRYING
46.2,68.1,174.0,84,1,2.1,25.262197195956382,15,3.73,-2.14,173,ACTIVE_DRYING
50.9,64.8,263.0,83,1,2.1,25.262197195956382,20,4.41,-2.99,168,ACTIVE_DRYING
49.9,63.5,341.0,87,0,2.1,25.262197195956382,25,-0.79,-1.24,163,ACTIVE_DRYING
49.5,61.8,342.0,70,0,2.1,25.262197195956382,30,-0.59,-1.89,158,ACTIVE_DRYING
49.3,61.0,435.0,72,0,2.1,25.262197195956382,35,-0.04,-0.81,153,ACTIVE_DRYING
49.3,60.4,429.0,71,0,2.1,25.262197195956382,40,-0.04,-1.23,148,ACTIVE_DRYING
50.1,58.7,548.0,70,0,2.1,25.262197195956382,45,0.77,-2.0,143,ACTIVE_DRYING
50.2,56.4,523.0,72,0,2.1,25.262197195956382,50,0.05,-1.97,138,ACTIVE_DRYING
51.5,55.3,611.0,72,0,2.1,25.262197195956382,55,0.89,-1.32,133,ACTIVE_DRYING
51.8,53.5,628.0,70,0,2.1,25.262197195956382,60,0.42,-1.05,128,ACTIVE_DRYING
52.9,52.9,742.0,72,0,2.1,25.262197195956382,65,1.25,-0.77,123,ACTIVE_DRYING
54.4,51.7,673.0,72,0,2.1,25.262197195956382,70,1.53,-1.29,118,ACTIVE_DRYING
55.3,49.7,702.0,70,0,2.1,25.262197195956382,75,0.85,-1.73,113,ACTIVE_DRYING
56.5,48.5,746.0,70,0,2.1,25.262197195956382,80,1.26,-0.09,108,ACTIVE_DRYING
58.2,47.4,753.0,68,0,2.1,25.262197195956382,85,0.94,-1.45,103,ACTIVE_DRYING
57.6,45.4,762.0,70,0,2.1,25.262197195956382,90,-0.28,-1.43,98,ACTIVE_DRYING
57.6,44.8,754.0,68,0,2.1,25.262197195956382,95,0.12,-0.39,93,ACTIVE_DRYING
58.2,42.3,757.0,56,0,2.1,25.262197195956382,100,0.5,-1.97,88,ACTIVE_DRYING
58.1,40.4,729.0,55,0,2.1,25.262197195956382,105,-0.22,-1.07,83,NEAR_COMPLETE
57.3,40.8,708.0,54,0,2.1,25.262197195956382,110,-0.61,-0.41,78,NEAR_COMPLETE
58.4,38.9,693.0,53,0,2.1,25.262197195956382,115,0.47,-2.1,73,NEAR_COMPLETE
58.5,38.2,712.0,55,0,2.1,25.262197195956382,120,-0.6,-0.79,68,NEAR_COMPLETE
58.2,36.9,653.0,53,0,2.1,25.262197195956382,125,-0.27,-1.31,63,NEAR_COMPLETE
57.7,35.4,613.0,56,0,2.1,25.262197195956382,130,-0.28,-1.31,58,NEAR_COMPLETE
58.0,36.2,591.0,54,0,2.1,25.262197195956382,135,-0.05,0.03,53,NEAR_COMPLETE
58.0,34.0,515.0,57,0,2.1,25.262197195956382,140,0.05,-2.5,48,COMPLETE
57.6,33.0,477.0,54,0,2.1,25.262197195956382,145,-0.04,-1.71,43,COMPLETE
57.8,31.3,415.0,53,0,2.1,25.262197195956382,150,0.26,-1.46,38,COMPLETE
58.1,31.1,420.0,53,0,2.1,25.262197195956382,155,0.06,-0.24,33,COMPLETE
57.7,31.4,327.0,57,0,2.1,25.262197195956382,160,-0.19,-0.92,28,COMPLETE
56.7,29.9,282.0,56,0,2.1,25.262197195956382,165,-0.09,-2.3,23,COMPLETE
57.8,28.7,229.0,57,0,2.1,25.262197195956382,170,0.7,-0.58,18,COMPLETE
57.1,28.1,150.0,55,0,2.1,25.262197195956382,175,-1.52,-0.45,13,COMPLETE
54.5,26.9,110.0,55,0,2.1,25.262197195956382,180,-2.32,-1.04,8,COMPLETE
53.7,26.7,66.0,53,0,2.1,25.262197195956382,185,-0.75,-0.81,3,COMPLETE
33.7,71.0,86.0,42,1,2.0,35.917289363735854,0,0.1,-0.54,322,INITIAL
38.4,70.0,64.0,49,1,2.0,35.917289363735854,5,4.15,-1.08,317,INITIAL
43.0,68.4,82.0,60,1,2.0,35.917289363735854,10,4.2,-1.08,312,ACTIVE_DRYING
46.1,67.1,95.0,86,1,2.0,35.917289363735854,15,2.74,-0.4,307,ACTIVE_DRYING
49.9,64.9,185.0,87,1,2.0,35.917289363735854,20,4.1,-1.28,302,ACTIVE_DRYING
49.0,65.1,158.0,83,0,2.0,35.917289363735854,25,-1.03,-0.32,297,ACTIVE_DRYING
48.4,63.4,258.0,70,0,2.0,35.917289363735854,30,-0.5,-2.13,292,ACTIVE_DRYING
47.6,61.9,228.0,70,0,2.0,35.917289363735854,35,-1.13,-2.35,287,ACTIVE_DRYING
52.7,60.4,249.0,68,1,2.0,35.917289363735854,40,4.78,-2.03,282,ACTIVE_DRYING
51.2,58.1,332.0,72,0,2.0,35.917289363735854,45,-1.36,-1.94,277,ACTIVE_DRYING
50.1,56.0,327.0,68,0,2.0,35.917289363735854,50,0.03,-1.69,272,ACTIVE_DRYING
50.6,54.5,384.0,68,0,2.0,35.917289363735854,55,0.24,-1.52,267,ACTIVE_DRYING
50.4,54.1,406.0,69,0,2.0,35.917289363735854,60,0.09,0.08,262,ACTIVE_DRYING
51.5,52.7,516.0,71,0,2.0,35.917289363735854,65,0.94,-1.28,257,ACTIVE_DRYING
51.7,51.6,467.0,68,0,2.0,35.917289363735854,70,0.24,-0.85,252,ACTIVE_DRYING
52.0,49.8,553.0,70,0,2.0,35.917289363735854,75,0.35,-1.2,247,ACTIVE_DRYING
51.8,50.1,478.0,69,0,2.0,35.917289363735854,80,0.14,0.1,242,ACTIVE_DRYING
52.5,49.2,574.0,69,0,2.0,35.917289363735854,85,0.91,-0.44,237,ACTIVE_DRYING
53.4,48.7,562.0,71,0,2.0,35.917289363735854,90,0.7,0.06,232,ACTIVE_DRYING
53.5,47.4,641.0,69,0,2.0,35.917289363735854,95,0.41,-0.45,227,ACTIVE_DRYING
53.8,47.4,581.0,70,0,2.0,35.917289363735854,100,1.19,-0.1,222,ACTIVE_DRYING
54.4,46.5,634.0,69,0,2.0,35.917289363735854,105,1.4,-0.85,217,ACTIVE_DRYING
55.9,44.9,721.0,72,0,2.0,35.917289363735854,110,1.77,-1.57,212,ACTIVE_DRYING
57.5,44.7,742.0,72,0,2.0,35.917289363735854,115,1.33,-0.5,207,ACTIVE_DRYING
58.5,44.0,706.0,54,0,2.0,35.917289363735854,120,0.46,-1.0,202,ACTIVE_DRYING
58.5,42.1,737.0,57,0,2.0,35.917289363735854,125,-0.62,-2.29,197,ACTIVE_DRYING
58.7,40.8,699.0,53,0,2.0,35.917289363735854,130,-0.57,-1.19,192,ACTIVE_DRYING
57.6,40.2,759.0,56,0,2.0,35.917289363735854,135,-0.77,-0.5,187,ACTIVE_DRYING
58.2,40.6,712.0,53,0,2.0,35.917289363735854,140,0.69,0.47,182,ACTIVE_DRYING
57.6,39.6,793.0,57,0,2.0,35.917289363735854,145,0.36,-0.04,177,ACTIVE_DRYING
58.3,39.7,778.0,54,0,2.0,35.917289363735854,150,0.32,0.05,172,ACTIVE_DRYING
57.8,39.8,758.0,56,0,2.0,35.917289363735854,155,-0.55,-0.4,167,ACTIVE_DRYING
57.9,39.3,677.0,56,0,2.0,35.917289363735854,160,0.34,-1.39,162,ACTIVE_DRYING
58.0,38.8,728.0,57,0,2.0,35.917289363735854,165,0.07,-1.01,157,ACTIVE_DRYING
57.8,35.2,707.0,54,0,2.0,35.917289363735854,170,-0.27,-3.31,152,ACTIVE_DRYING
58.1,34.8,755.0,57,0,2.0,35.917289363735854,175,-0.16,-0.07,147,ACTIVE_DRYING
58.3,35.1,740.0,56,0,2.0,35.917289363735854,180,-0.28,-0.1,142,STABILIZING
58.3,34.4,708.0,55,0,2.0,35.917289363735854,185,-0.52,-1.08,137,STABILIZING
57.6,33.7,778.0,53,0,2.0,35.917289363735854,190,-0.43,-1.51,132,NEAR_COMPLETE
57.4,32.9,687.0,57,0,2.0,35.917289363735854,195,0.27,-1.55,127,NEAR_COMPLETE
58.2,31.4,667.0,56,0,2.0,35.917289363735854,200,0.13,-1.92,122,NEAR_COMPLETE
57.6,30.0,614.0,55,0,2.0,35.917289363735854,205,-0.32,-1.61,117,NEAR_COMPLETE
58.6,29.8,619.0,57,0,2.0,35.917289363735854,210,0.3,-0.06,112,NEAR_COMPLETE
57.8,28.1,637.0,53,0,2.0,35.917289363735854,215,-0.95,-0.94,107,NEAR_COMPLETE
58.0,27.4,641.0,56,0,2.0,35.917289363735854,220,0.03,-0.22,102,NEAR_COMPLETE
58.1,26.6,571.0,57,0,2.0,35.917289363735854,225,-0.32,-0.65,97,NEAR_COMPLETE
58.0,25.4,603.0,54,0,2.0,35.917289363735854,230,-0.04,-0.47,92,NEAR_COMPLETE
57.6,25.5,549.0,56,0,2.0,35.917289363735854,235,0.16,-0.29,87,COMPLETE
58.2,25.7,555.0,53,0,2.0,35.917289363735854,240,-0.01,0.05,82,COMPLETE
58.7,25.9,531.0,53,0,2.0,35.917289363735854,245,-0.83,-0.98,77,COMPLETE
58.1,23.3,451.0,57,0,2.0,35.917289363735854,250,-0.62,-1.67,72,COMPLETE
57.7,24.2,486.0,54,0,2.0,35.917289363735854,255,0.1,0.4,67,COMPLETE
57.8,22.2,433.0,56,0,2.0,35.917289363735854,260,-0.29,-1.9,62,COMPLETE
57.6,22.1,376.0,56,0,2.0,35.917289363735854,265,0.08,0.09,57,COMPLETE
58.4,21.4,383.0,57,0,2.0,35.917289363735854,270,0.73,-1.45,52,COMPLETE
57.8,21.1,326.0,53,0,2.0,35.917289363735854,275,-0.81,-0.43,47,COMPLETE
57.6,21.1,308.0,53,0,2.0,35.917289363735854,280,-0.06,-0.05,42,COMPLETE
57.1,21.2,293.0,56,0,2.0,35.917289363735854,285,-0.65,-0.18,37,COMPLETE
56.6,20.7,215.0,54,0,2.0,35.917289363735854,290,0.18,-0.62,32,COMPLETE
55.7,21.5,163.0,56,0,2.0,35.917289363735854,295,-0.97,-0.17,27,COMPLETE
54.8,20.2,125.0,57,0,2.0,35.917289363735854,300,-0.55,-1.77,22,COMPLETE
54.0,19.1,115.0,54,0,2.0,35.917289363735854,305,-0.75,-1.48,17,COMPLETE
52.5,18.7,98.0,56,0,2.0,35.917289363735854,310,-1.06,-0.65,12,COMPLETE
51.4,18.8,8.0,56,0,2.0,35.917289363735854,315,-1.01,-0.57,7,COMPLETE
50.3,17.9,40.0,53,0,2.0,35.917289363735854,320,-1.0,-0.69,2,COMPLETE
34.7,76.2,0.0,38,1,1.1,33.04725091716622,0,-0.2,0.81,202,INITIAL
39.1,73.4,66.0,52,1,1.1,33.04725091716622,5,4.54,-2.28,197,INITIAL
43.2,73.1,88.0,61,1,1.1,33.04725091716622,10,4.49,-1.61,192,ACTIVE_DRYING
47.2,70.6,138.0,87,1,1.1,33.04725091716622,15,4.25,-2.35,187,ACTIVE_DRYING
51.6,69.0,246.0,84,1,1.1,33.04725091716622,20,4.3,-1.26,182,ACTIVE_DRYING
49.8,67.3,295.0,86,0,1.1,33.04725091716622,25,-1.58,-2.04,177,ACTIVE_DRYING
49.4,66.3,302.0,83,0,1.1,33.04725091716622,30,-0.4,-0.6,172,ACTIVE_DRYING
49.5,65.1,382.0,87,0,1.1,33.04725091716622,35,-0.4,-1.08,167,ACTIVE_DRYING
48.9,63.3,451.0,83,0,1.1,33.04725091716622,40,-0.63,-2.38,162,ACTIVE_DRYING
49.3,60.0,505.0,68,0,1.1,33.04725091716622,45,1.32,-2.13,157,ACTIVE_DRYING
50.5,60.4,539.0,70,0,1.1,33.04725091716622,50,1.06,0.44,152,ACTIVE_DRYING
51.4,59.3,578.0,69,0,1.1,33.04725091716622,55,0.82,-1.06,147,ACTIVE_DRYING
52.4,57.8,578.0,68,0,1.1,33.04725091716622,60,0.12,-1.59,142,ACTIVE_DRYING
52.4,56.1,627.0,71,0,1.1,33.04725091716622,65,0.16,-1.77,137,ACTIVE_DRYING
52.8,54.8,665.0,71,0,1.1,33.04725091716622,70,0.96,-1.63,132,ACTIVE_DRYING
53.6,52.5,683.0,70,0,1.1,33.04725091716622,75,0.94,-1.91,127,ACTIVE_DRYING
55.4,51.2,708.0,70,0,1.1,33.04725091716622,80,1.52,-1.18,122,ACTIVE_DRYING
56.5,51.7,766.0,69,0,1.1,33.04725091716622,85,1.45,0.4,117,ACTIVE_DRYING
58.4,50.6,749.0,70,0,1.1,33.04725091716622,90,1.42,-1.42,112,ACTIVE_DRYING
57.6,49.4,742.0,68,0,1.1,33.04725091716622,95,-0.46,-1.79,107,ACTIVE_DRYING
57.8,48.7,788.0,71,0,1.1,33.04725091716622,100,0.61,-1.35,102,ACTIVE_DRYING
58.2,46.2,770.0,71,0,1.1,33.04725091716622,105,0.13,-2.3,97,ACTIVE_DRYING
58.2,44.6,780.0,71,0,1.1,33.04725091716622,110,-0.2,-2.19,92,ACTIVE_DRYING
58.3,42.7,746.0,53,0,1.1,33.04725091716622,115,-0.25,-2.82,87,STABILIZING
57.8,42.4,790.0,55,0,1.1,33.04725091716622,120,-0.55,-1.6,82,STABILIZING
57.8,41.7,677.0,57,0,1.1,33.04725091716622,125,0.38,-2.6,77,NEAR_COMPLETE
57.7,38.5,711.0,54,0,1.1,33.04725091716622,130,0.1,-2.45,72,NEAR_COMPLETE
58.0,35.9,621.0,55,0,1.1,33.04725091716622,135,0.56,-0.91,67,NEAR_COMPLETE
57.3,36.9,554.0,57,0,1.1,33.04725091716622,140,-0.1,0.59,62,NEAR_COMPLETE
58.3,34.9,547.0,55,0,1.1,33.04725091716622,145,0.78,-2.23,57,NEAR_COMPLETE
58.5,33.7,561.0,56,0,1.1,33.04725091716622,150,-0.15,-0.64,52,COMPLETE
58.0,33.1,481.0,56,0,1.1,33.04725091716622,155,-0.2,-1.46,47,COMPLETE
58.1,32.2,476.0,56,0,1.1,33.04725091716622,160,-0.02,-0.92,42,COMPLETE
57.2,31.1,408.0,57,0,1.1,33.04725091716622,165,-0.78,-1.46,37,COMPLETE
57.6,29.5,288.0,57,0,1.1,33.04725091716622,170,0.34,-1.44,32,COMPLETE
57.0,28.4,285.0,57,0,1.1,33.04725091716622,175,-0.98,-1.5,27,COMPLETE
56.2,28.5,299.0,56,0,1.1,33.04725091716622,180,-0.24,-0.41,22,COMPLETE
55.2,26.5,172.0,57,0,1.1,33.04725091716622,185,-0.91,-1.52,17,COMPLETE
53.7,25.8,79.0,53,0,1.1,33.04725091716622,190,-1.1,-1.39,12,COMPLETE
51.8,24.7,76.0,53,0,1.1,33.04725091716622,195,-1.23,-1.15,7,COMPLETE
50.8,24.7,23.0,57,0,1.1,33.04725091716622,200,-1.16,-0.53,2,COMPLETE
35.3,76.5,5.0,41,1,2.9,26.89158966160195,0,-0.26,-0.35,334,INITIAL
39.0,74.7,56.0,49,1,2.9,26.89158966160195,5,4.06,-1.5,329,INITIAL
43.2,71.8,125.0,59,1,2.9,26.89158966160195,10,4.42,-2.41,324,ACTIVE_DRYING
47.5,70.5,132.0,86,1,2.9,26.89158966160195,15,4.1,-1.08,319,ACTIVE_DRYING
50.5,68.3,121.0,86,1,2.9,26.89158966160195,20,3.1,-2.44,314,ACTIVE_DRYING
48.4,65.7,149.0,83,0,2.9,26.89158966160195,25,-1.16,-2.49,309,ACTIVE_DRYING
47.7,64.1,222.0,83,0,2.9,26.89158966160195,30,0.21,-2.03,304,ACTIVE_DRYING
47.5,62.1,277.0,69,0,2.9,26.89158966160195,35,-0.23,-2.11,299,ACTIVE_DRYING
51.4,60.0,320.0,72,1,2.9,26.89158966160195,40,4.56,-1.92,294,ACTIVE_DRYING
51.0,58.0,261.0,71,0,2.9,26.89158966160195,45,0.08,-1.61,289,ACTIVE_DRYING
51.0,56.3,322.0,72,0,2.9,26.89158966160195,50,0.26,-0.83,284,ACTIVE_DRYING
50.8,54.7,371.0,69,0,2.9,26.89158966160195,55,-0.33,-1.49,279,ACTIVE_DRYING
50.7,53.7,420.0,69,0,2.9,26.89158966160195,60,-0.02,-1.17,274,ACTIVE_DRYING
51.2,52.9,418.0,68,0,2.9,26.89158966160195,65,0.05,-1.04,269,ACTIVE_DRYING
51.4,50.7,444.0,72,0,2.9,26.89158966160195,70,0.05,-2.67,264,ACTIVE_DRYING
51.4,49.0,484.0,72,0,2.9,26.89158966160195,75,0.1,-1.05,259,ACTIVE_DRYING
51.2,47.9,534.0,71,0,2.9,26.89158966160195,80,0.42,-1.09,254,ACTIVE_DRYING
51.0,47.1,510.0,70,0,2.9,26.89158966160195,85,0.27,-0.27,249,ACTIVE_DRYING
52.1,45.6,514.0,70,0,2.9,26.89158966160195,90,0.75,-1.1,244,NEAR_COMPLETE
52.3,43.7,534.0,71,0,2.9,26.89158966160195,95,-0.04,-2.1,239,NEAR_COMPLETE
53.2,43.5,625.0,54,0,2.9,26.89158966160195,100,0.62,-1.2,234,NEAR_COMPLETE
54.4,42.4,613.0,57,0,2.9,26.89158966160195,105,0.95,-2.16,229,NEAR_COMPLETE
55.3,41.0,656.0,54,0,2.9,26.89158966160195,110,0.44,-1.28,224,NEAR_COMPLETE
55.8,39.4,660.0,54,0,2.9,26.89158966160195,115,0.52,-1.79,219,NEAR_COMPLETE
56.8,38.7,640.0,53,0,2.9,26.89158966160195,120,1.0,-0.29,214,COMPLETE
58.2,38.7,720.0,56,0,2.9,26.89158966160195,125,1.48,-0.59,209,COMPLETE
58.0,37.5,715.0,54,0,2.9,26.89158966160195,130,-0.44,-1.58,204,COMPLETE
58.0,36.3,661.0,56,0,2.9,26.89158966160195,135,0.15,-1.79,199,COMPLETE
57.9,33.9,722.0,54,0,2.9,26.89158966160195,140,-0.04,-1.72,194,COMPLETE
58.6,33.3,716.0,57,0,2.9,26.89158966160195,145,0.29,-0.79,189,COMPLETE
58.6,32.0,756.0,54,0,2.9,26.89158966160195,150,-0.93,-1.5,184,COMPLETE
58.1,31.2,750.0,53,0,2.9,26.89158966160195,155,-0.58,-0.22,179,COMPLETE
57.2,30.2,663.0,53,0,2.9,26.89158966160195,160,-0.01,-1.9,174,COMPLETE
57.8,28.9,778.0,53,0,2.9,26.89158966160195,165,0.78,-1.04,169,COMPLETE
57.9,28.0,746.0,57,0,2.9,26.89158966160195,170,0.19,-0.25,164,COMPLETE
57.6,27.0,717.0,53,0,2.9,26.89158966160195,175,0.09,-0.3,159,COMPLETE
58.6,26.6,747.0,54,0,2.9,26.89158966160195,180,0.06,-0.43,154,COMPLETE
58.0,25.5,712.0,53,0,2.9,26.89158966160195,185,-0.52,-1.03,149,COMPLETE
58.3,23.4,761.0,55,0,2.9,26.89158966160195,190,-0.18,-1.63,144,COMPLETE
58.0,24.1,725.0,57,0,2.9,26.89158966160195,195,-0.09,-0.47,139,COMPLETE
58.0,22.8,740.0,56,0,2.9,26.89158966160195,200,-0.21,-1.99,134,COMPLETE
57.8,21.4,710.0,57,0,2.9,26.89158966160195,205,-0.07,-1.3,129,COMPLETE
58.0,21.9,674.0,53,0,2.9,26.89158966160195,210,0.05,-0.02,124,COMPLETE
57.9,21.1,713.0,54,0,2.9,26.89158966160195,215,0.26,-1.43,119,COMPLETE
58.4,20.1,628.0,53,0,2.9,26.89158966160195,220,-0.12,-1.66,114,COMPLETE
58.2,18.9,675.0,54,0,2.9,26.89158966160195,225,-0.56,-1.24,109,COMPLETE
58.0,18.0,644.0,55,0,2.9,26.89158966160195,230,-0.05,-0.93,104,COMPLETE
58.2,18.4,624.0,55,0,2.9,26.89158966160195,235,-0.12,0.35,99,COMPLETE
58.7,17.5,557.0,54,0,2.9,26.89158966160195,240,0.12,-0.53,94,COMPLETE
58.3,18.2,575.0,55,0,2.9,26.89158966160195,245,-0.7,0.45,89,COMPLETE
57.6,17.9,554.0,54,0,2.9,26.89158966160195,250,-0.17,0.17,84,COMPLETE
58.3,18.1,520.0,55,0,2.9,26.89158966160195,255,0.49,0.46,79,COMPLETE
57.8,18.1,415.0,56,0,2.9,26.89158966160195,260,-0.4,-0.7,74,COMPLETE
57.9,18.6,414.0,56,0,2.9,26.89158966160195,265,0.36,0.01,69,COMPLETE
57.9,18.8,460.0,53,0,2.9,26.89158966160195,270,-0.14,-1.26,64,COMPLETE
57.8,18.2,399.0,57,0,2.9,26.89158966160195,275,0.3,-1.05,59,COMPLETE
58.4,17.9,361.0,53,0,2.9,26.89158966160195,280,0.16,-0.22,54,COMPLETE
57.6,18.0,359.0,54,0,2.9,26.89158966160195,285,-0.67,-0.23,49,COMPLETE
58.0,18.3,309.0,54,0,2.9,26.89158966160195,290,0.32,-0.12,44,COMPLETE
57.3,18.5,259.0,56,0,2.9,26.89158966160195,295,-1.08,-0.04,39,COMPLETE
56.5,17.5,229.0,56,0,2.9,26.89158966160195,300,-0.83,-0.03,34,COMPLETE
55.5,18.4,224.0,57,0,2.9,26.89158966160195,305,-1.16,-0.05,29,COMPLETE
53.7,17.9,169.0,54,0,2.9,26.89158966160195,310,-1.82,-0.9,24,COMPLETE
53.4,17.4,190.0,53,0,2.9,26.89158966160195,315,-0.7,0.93,19,COMPLETE
52.9,17.7,69.0,54,0,2.9,26.89158966160195,320,-1.23,0.88,14,COMPLETE
51.6,19.2,78.0,54,0,2.9,26.89158966160195,325,-1.71,-0.08,9,COMPLETE
50.3,18.3,31.0,54,0,2.9,26.89158966160195,330,-1.25,-1.13,4,COMPLETE
36.6,76.5,0.0,38,1,2.7,39.45016260384622,0,-0.26,-0.14,289,INITIAL
40.3,74.2,19.0,49,1,2.7,39.45016260384622,5,4.22,-1.67,284,INITIAL
44.2,73.2,58.0,58,1,2.7,39.45016260384622,10,4.17,-0.59,279,ACTIVE_DRYING
48.3,72.9,127.0,85,1,2.7,39.45016260384622,15,4.04,-0.94,274,ACTIVE_DRYING
47.4,71.8,138.0,85,0,2.7,39.45016260384622,20,-1.0,-1.84,269,ACTIVE_DRYING
50.4,69.2,227.0,86,1,2.7,39.45016260384622,25,3.32,-2.68,264,ACTIVE_DRYING
49.5,68.3,253.0,83,0,2.7,39.45016260384622,30,-0.96,-1.92,259,ACTIVE_DRYING
48.6,66.5,264.0,85,0,2.7,39.45016260384622,35,-0.92,-2.09,254,ACTIVE_DRYING
47.9,65.3,367.0,84,0,2.7,39.45016260384622,40,-0.85,-1.5,249,ACTIVE_DRYING
52.7,62.6,407.0,85,1,2.7,39.45016260384622,45,5.16,-1.65,244,ACTIVE_DRYING
52.5,62.6,415.0,68,0,2.7,39.45016260384622,50,-0.41,0.35,239,ACTIVE_DRYING
53.2,60.8,419.0,68,0,2.7,39.45016260384622,55,0.15,-1.19,234,ACTIVE_DRYING
53.7,59.8,491.0,70,0,2.7,39.45016260384622,60,-0.31,-0.68,229,ACTIVE_DRYING
53.6,59.7,483.0,70,0,2.7,39.45016260384622,65,0.1,-0.64,224,ACTIVE_DRYING
54.2,58.6,560.0,72,0,2.7,39.45016260384622,70,0.7,-1.3,219,ACTIVE_DRYING
54.4,57.6,560.0,69,0,2.7,39.45016260384622,75,0.2,-1.25,214,ACTIVE_DRYING
55.0,57.3,554.0,70,0,2.7,39.45016260384622,80,0.36,-0.37,209,ACTIVE_DRYING
55.4,56.2,597.0,72,0,2.7,39.45016260384622,85,0.74,-2.3,204,ACTIVE_DRYING
55.8,53.4,611.0,72,0,2.7,39.45016260384622,90,0.79,-1.86,199,ACTIVE_DRYING
57.1,52.8,648.0,71,0,2.7,39.45016260384622,95,1.16,-0.13,194,ACTIVE_DRYING
57.7,52.2,667.0,68,0,2.7,39.45016260384622,100,0.42,-0.64,189,ACTIVE_DRYING
58.2,51.3,667.0,68,0,2.7,39.45016260384622,105,0.63,-1.16,184,ACTIVE_DRYING
57.9,50.8,725.0,70,0,2.7,39.45016260384622,110,-0.08,-1.44,179,ACTIVE_DRYING
58.4,48.5,693.0,72,0,2.7,39.45016260384622,115,0.09,-2.57,174,ACTIVE_DRYING
58.6,47.8,770.0,71,0,2.7,39.45016260384622,120,-0.4,-0.8,169,ACTIVE_DRYING
58.4,47.0,743.0,71,0,2.7,39.45016260384622,125,-0.53,-1.12,164,ACTIVE_DRYING
57.9,46.9,725.0,69,0,2.7,39.45016260384622,130,-0.43,-0.81,159,ACTIVE_DRYING
58.1,45.0,816.0,71,0,2.7,39.45016260384622,135,0.24,-2.68,154,ACTIVE_DRYING
58.0,43.9,789.0,57,0,2.7,39.45016260384622,140,0.24,-1.62,149,ACTIVE_DRYING
58.1,41.3,787.0,56,0,2.7,39.45016260384622,145,-0.55,-1.69,144,ACTIVE_DRYING
58.0,42.0,732.0,53,0,2.7,39.45016260384622,150,-0.27,-0.46,139,ACTIVE_DRYING
58.1,39.3,715.0,56,0,2.7,39.45016260384622,155,0.02,-2.53,134,ACTIVE_DRYING
57.9,39.8,753.0,53,0,2.7,39.45016260384622,160,-0.01,-0.82,129,STABILIZING
58.1,38.5,688.0,57,0,2.7,39.45016260384622,165,-0.11,-1.7,124,STABILIZING
57.7,36.8,762.0,57,0,2.7,39.45016260384622,170,-0.13,-1.31,119,STABILIZING
58.2,35.9,680.0,56,0,2.7,39.45016260384622,175,0.19,-0.87,114,NEAR_COMPLETE
57.8,35.5,711.0,57,0,2.7,39.45016260384622,180,-0.53,-0.7,109,NEAR_COMPLETE
58.3,34.6,630.0,57,0,2.7,39.45016260384622,185,0.31,-0.71,104,NEAR_COMPLETE
58.6,33.9,715.0,54,0,2.7,39.45016260384622,190,-0.15,-1.35,99,NEAR_COMPLETE
57.7,33.1,607.0,57,0,2.7,39.45016260384622,195,-0.29,-1.19,94,NEAR_COMPLETE
58.0,32.3,675.0,56,0,2.7,39.45016260384622,200,0.16,-0.74,89,NEAR_COMPLETE
58.1,31.9,561.0,57,0,2.7,39.45016260384622,205,0.35,-0.05,84,NEAR_COMPLETE
58.7,30.6,564.0,53,0,2.7,39.45016260384622,210,-0.41,-0.82,79,COMPLETE
57.7,30.0,507.0,53,0,2.7,39.45016260384622,215,-0.68,-1.0,74,COMPLETE
57.9,29.5,512.0,57,0,2.7,39.45016260384622,220,0.25,-1.56,69,COMPLETE
57.5,27.6,469.0,54,0,2.7,39.45016260384622,225,0.11,-2.13,64,COMPLETE
57.7,27.8,462.0,57,0,2.7,39.45016260384622,230,0.49,0.71,59,COMPLETE
57.7,26.7,442.0,55,0,2.7,39.45016260384622,235,0.38,-0.86,54,COMPLETE
57.3,25.7,360.0,53,0,2.7,39.45016260384622,240,0.21,-1.03,49,COMPLETE
57.5,25.4,295.0,53,0,2.7,39.45016260384622,245,0.16,0.09,44,COMPLETE
56.6,24.2,274.0,53,0,2.7,39.45016260384622,250,-0.22,-1.4,39,COMPLETE
56.1,23.8,222.0,53,0,2.7,39.45016260384622,255,-0.7,-0.79,34,COMPLETE
55.0,23.4,208.0,57,0,2.7,39.45016260384622,260,-0.82,-1.28,29,COMPLETE
54.4,22.2,211.0,55,0,2.7,39.45016260384622,265,-0.16,-1.13,24,COMPLETE
52.8,22.9,133.0,54,0,2.7,39.45016260384622,270,-1.11,-0.15,19,COMPLETE
52.7,21.6,145.0,53,0,2.7,39.45016260384622,275,-0.1,-0.62,14,COMPLETE
51.5,22.1,41.0,53,0,2.7,39.45016260384622,280,-1.13,0.45,9,COMPLETE
50.6,21.8,44.0,55,0,2.7,39.45016260384622,285,-1.24,-0.82,4,COMPLETE
34.4,71.1,0.0,41,1,1.9,29.50298890503445,0,0.12,-0.31,238,INITIAL
38.8,68.8,48.0,50,1,1.9,29.50298890503445,5,4.11,-2.19,233,INITIAL
43.3,66.8,69.0,61,1,1.9,29.50298890503445,10,4.16,-1.81,228,ACTIVE_DRYING
46.2,65.6,181.0,87,1,1.9,29.50298890503445,15,3.35,-0.75,223,ACTIVE_DRYING
51.1,64.8,252.0,87,1,1.9,29.50298890503445,20,5.12,-1.0,218,ACTIVE_DRYING
50.4,63.5,272.0,68,0,1.9,29.50298890503445,25,-0.73,-1.32,213,ACTIVE_DRYING
50.4,61.5,319.0,72,0,1.9,29.50298890503445,30,-0.29,-1.16,208,ACTIVE_DRYING
49.3,61.7,323.0,69,0,1.9,29.50298890503445,35,-0.55,-0.81,203,ACTIVE_DRYING
48.6,59.0,404.0,70,0,1.9,29.50298890503445,40,-0.35,-1.96,198,ACTIVE_DRYING
48.7,57.9,426.0,72,0,1.9,29.50298890503445,45,0.25,-0.51,193,ACTIVE_DRYING
49.0,56.7,394.0,71,0,1.9,29.50298890503445,50,0.27,-1.22,188,ACTIVE_DRYING
49.1,55.1,505.0,71,0,1.9,29.50298890503445,55,0.3,-0.94,183,ACTIVE_DRYING
49.4,55.1,514.0,71,0,1.9,29.50298890503445,60,0.38,-0.7,178,ACTIVE_DRYING
50.1,52.6,560.0,68,0,1.9,29.50298890503445,65,1.48,-2.52,173,ACTIVE_DRYING
50.3,52.4,551.0,69,0,1.9,29.50298890503445,70,0.5,-0.84,168,ACTIVE_DRYING
51.7,50.1,670.0,72,0,1.9,29.50298890503445,75,1.28,-1.93,163,ACTIVE_DRYING
51.9,50.4,614.0,69,0,1.9,29.50298890503445,80,0.25,-0.49,158,ACTIVE_DRYING
53.5,48.0,710.0,72,0,1.9,29.50298890503445,85,1.55,-0.72,153,ACTIVE_DRYING
54.0,47.9,657.0,69,0,1.9,29.50298890503445,90,0.81,-0.37,148,ACTIVE_DRYING
54.6,46.1,674.0,68,0,1.9,29.50298890503445,95,0.12,-1.98,143,ACTIVE_DRYING
56.0,44.5,714.0,68,0,1.9,29.50298890503445,100,0.98,-2.48,138,ACTIVE_DRYING
57.3,43.3,726.0,53,0,1.9,29.50298890503445,105,0.96,-0.54,133,ACTIVE_DRYING
58.1,42.0,789.0,54,0,1.9,29.50298890503445,110,0.44,-1.1,128,ACTIVE_DRYING
58.0,40.7,737.0,56,0,1.9,29.50298890503445,115,0.04,-1.4,123,ACTIVE_DRYING
57.6,39.7,758.0,54,0,1.9,29.50298890503445,120,0.45,-0.78,118,ACTIVE_DRYING
57.9,39.0,785.0,55,0,1.9,29.50298890503445,125,0.11,-0.95,113,ACTIVE_DRYING
57.8,37.5,750.0,57,0,1.9,29.50298890503445,130,0.09,-1.72,108,ACTIVE_DRYING
57.7,36.9,742.0,56,0,1.9,29.50298890503445,135,0.51,-0.46,103,STABILIZING
57.5,36.6,723.0,57,0,1.9,29.50298890503445,140,0.41,-0.21,98,STABILIZING
57.7,35.3,718.0,53,0,1.9,29.50298890503445,145,0.44,-0.46,93,STABILIZING
58.3,34.5,676.0,54,0,1.9,29.50298890503445,150,0.23,-1.04,88,NEAR_COMPLETE
57.7,33.8,623.0,55,0,1.9,29.50298890503445,155,-0.52,-1.25,83,NEAR_COMPLETE
58.2,33.7,613.0,54,0,1.9,29.50298890503445,160,0.65,-0.83,78,NEAR_COMPLETE
58.6,32.0,612.0,55,0,1.9,29.50298890503445,165,-0.61,-0.89,73,NEAR_COMPLETE
58.2,33.1,619.0,56,0,1.9,29.50298890503445,170,-0.56,-0.05,68,NEAR_COMPLETE
57.8,31.6,532.0,57,0,1.9,29.50298890503445,175,-0.27,-1.73,63,NEAR_COMPLETE
58.0,31.3,500.0,54,0,1.9,29.50298890503445,180,0.45,-0.83,58,NEAR_COMPLETE
57.5,28.5,484.0,55,0,1.9,29.50298890503445,185,-0.02,-2.22,53,NEAR_COMPLETE
58.5,28.8,435.0,56,0,1.9,29.50298890503445,190,0.89,0.03,48,NEAR_COMPLETE
58.3,26.8,347.0,56,0,1.9,29.50298890503445,195,-0.77,-1.29,43,COMPLETE
58.1,26.3,405.0,56,0,1.9,29.50298890503445,200,-0.3,0.68,38,COMPLETE
57.4,25.7,281.0,54,0,1.9,29.50298890503445,205,-0.55,0.54,33,COMPLETE
56.6,25.9,264.0,57,0,1.9,29.50298890503445,210,-0.81,-0.02,28,COMPLETE
56.3,24.3,226.0,53,0,1.9,29.50298890503445,215,-0.15,-1.83,23,COMPLETE
55.9,23.0,182.0,56,0,1.9,29.50298890503445,220,-0.72,-1.17,18,COMPLETE
55.1,23.5,125.0,57,0,1.9,29.50298890503445,225,-1.24,-0.24,13,COMPLETE
53.9,22.0,83.0,56,0,1.9,29.50298890503445,230,-1.42,-1.72,8,COMPLETE
52.5,21.4,61.0,55,0,1.9,29.50298890503445,235,-1.13,-0.9,3,COMPLETE
34.6,75.4,43.0,39,1,1.1,31.29412006198262,0,0.04,0.42,301,INITIAL
38.5,73.7,0.0,51,1,1.1,31.29412006198262,5,4.17,-1.76,296,INITIAL
42.9,71.7,110.0,62,1,1.1,31.29412006198262,10,4.2,-2.41,291,ACTIVE_DRYING
46.9,70.0,119.0,84,1,1.1,31.29412006198262,15,3.39,-1.1,286,ACTIVE_DRYING
50.6,68.7,152.0,85,1,1.1,31.29412006198262,20,3.61,-1.57,281,ACTIVE_DRYING
49.2,66.7,176.0,85,0,1.1,31.29412006198262,25,-1.29,-1.1,276,ACTIVE_DRYING
47.9,66.2,233.0,86,0,1.1,31.29412006198262,30,-1.02,-0.98,271,ACTIVE_DRYING
47.9,63.5,246.0,84,0,1.1,31.29412006198262,35,-0.01,-2.44,266,ACTIVE_DRYING
52.4,62.5,276.0,68,1,1.1,31.29412006198262,40,4.46,-0.94,261,ACTIVE_DRYING
51.9,61.6,355.0,71,0,1.1,31.29412006198262,45,-0.52,-0.82,256,ACTIVE_DRYING
51.6,60.0,404.0,69,0,1.1,31.29412006198262,50,-0.07,-2.04,251,ACTIVE_DRYING
51.3,58.4,428.0,69,0,1.1,31.29412006198262,55,0.04,-1.17,246,ACTIVE_DRYING
51.5,57.4,418.0,69,0,1.1,31.29412006198262,60,0.23,-1.61,241,ACTIVE_DRYING
51.7,56.9,499.0,69,0,1.1,31.29412006198262,65,0.59,-2.12,236,ACTIVE_DRYING
52.8,54.4,515.0,68,0,1.1,31.29412006198262,70,0.88,-3.1,231,ACTIVE_DRYING
52.7,50.9,473.0,71,0,1.1,31.29412006198262,75,-0.37,-2.57,226,ACTIVE_DRYING
52.6,50.3,568.0,69,0,1.1,31.29412006198262,80,-0.17,-0.66,221,ACTIVE_DRYING
53.0,49.4,498.0,72,0,1.1,31.29412006198262,85,0.64,-0.47,216,ACTIVE_DRYING
53.7,48.9,622.0,71,0,1.1,31.29412006198262,90,0.6,-0.31,211,ACTIVE_DRYING
54.3,48.6,643.0,70,0,1.1,31.29412006198262,95,1.24,-0.64,206,ACTIVE_DRYING
55.4,47.2,596.0,72,0,1.1,31.29412006198262,100,1.04,-1.13,201,ACTIVE_DRYING
55.6,46.2,697.0,70,0,1.1,31.29412006198262,105,0.53,-0.71,196,ACTIVE_DRYING
56.7,45.0,671.0,72,0,1.1,31.29412006198262,110,1.26,-0.89,191,ACTIVE_DRYING
58.1,43.2,737.0,69,0,1.1,31.29412006198262,115,0.76,-1.52,186,ACTIVE_DRYING
58.2,42.8,686.0,55,0,1.1,31.29412006198262,120,-0.11,-0.27,181,ACTIVE_DRYING
58.3,42.3,733.0,57,0,1.1,31.29412006198262,125,-0.53,-0.55,176,ACTIVE_DRYING
58.4,40.3,771.0,57,0,1.1,31.29412006198262,130,0.17,-1.29,171,ACTIVE_DRYING
57.9,40.8,713.0,54,0,1.1,31.29412006198262,135,-0.18,-0.61,166,ACTIVE_DRYING
58.8,38.4,747.0,56,0,1.1,31.29412006198262,140,0.32,-2.24,161,ACTIVE_DRYING
58.2,36.5,732.0,57,0,1.1,31.29412006198262,145,-0.69,-1.15,156,ACTIVE_DRYING
57.9,36.6,787.0,55,0,1.1,31.29412006198262,150,-0.18,0.07,151,ACTIVE_DRYING
57.6,35.8,715.0,56,0,1.1,31.29412006198262,155,-0.14,-0.41,146,NEAR_COMPLETE
57.6,34.9,775.0,53,0,1.1,31.29412006198262,160,0.48,-1.01,141,NEAR_COMPLETE
57.7,34.3,689.0,54,0,1.1,31.29412006198262,165,0.53,-1.24,136,NEAR_COMPLETE
58.4,32.7,727.0,54,0,1.1,31.29412006198262,170,0.25,-2.12,131,NEAR_COMPLETE
58.4,31.8,793.0,57,0,1.1,31.29412006198262,175,-0.18,-0.57,126,NEAR_COMPLETE
57.6,32.1,787.0,53,0,1.1,31.29412006198262,180,-0.28,-0.46,121,NEAR_COMPLETE
57.7,30.3,714.0,56,0,1.1,31.29412006198262,185,0.3,-1.78,116,NEAR_COMPLETE
58.4,29.9,672.0,56,0,1.1,31.29412006198262,190,0.15,-0.51,111,NEAR_COMPLETE
58.1,28.1,688.0,56,0,1.1,31.29412006198262,195,-0.49,-1.63,106,COMPLETE
57.7,27.2,670.0,53,0,1.1,31.29412006198262,200,0.05,-1.44,101,COMPLETE
57.8,26.1,663.0,54,0,1.1,31.29412006198262,205,0.27,-1.26,96,COMPLETE
58.1,25.2,674.0,56,0,1.1,31.29412006198262,210,0.27,-0.47,91,COMPLETE
57.9,24.2,557.0,54,0,1.1,31.29412006198262,215,-0.06,-0.48,86,COMPLETE
57.7,22.4,535.0,55,0,1.1,31.29412006198262,220,0.04,-1.43,81,COMPLETE
58.2,22.0,502.0,56,0,1.1,31.29412006198262,225,0.48,-0.01,76,COMPLETE
57.4,22.9,513.0,53,0,1.1,31.29412006198262,230,-0.32,0.17,71,COMPLETE
57.6,21.7,440.0,53,0,1.1,31.29412006198262,235,0.89,-1.78,66,COMPLETE
57.6,20.6,460.0,53,0,1.1,31.29412006198262,240,0.46,-0.74,61,COMPLETE
57.5,20.7,358.0,54,0,1.1,31.29412006198262,245,-0.04,-0.25,56,COMPLETE
57.4,20.1,364.0,54,0,1.1,31.29412006198262,250,0.03,-0.66,51,COMPLETE
57.1,19.3,292.0,56,0,1.1,31.29412006198262,255,-0.24,-0.74,46,COMPLETE
56.5,19.3,349.0,56,0,1.1,31.29412006198262,260,-0.08,-0.23,41,COMPLETE
56.5,18.5,295.0,55,0,1.1,31.29412006198262,265,0.06,-1.14,36,COMPLETE
56.2,19.0,263.0,56,0,1.1,31.29412006198262,270,-0.19,-0.11,31,COMPLETE
55.4,17.9,194.0,56,0,1.1,31.29412006198262,275,-0.96,-1.17,26,COMPLETE
54.5,17.6,150.0,57,0,1.1,31.29412006198262,280,-0.55,0.59,21,COMPLETE
54.1,17.8,127.0,54,0,1.1,31.29412006198262,285,-0.72,0.83,16,COMPLETE
52.5,18.5,70.0,55,0,1.1,31.29412006198262,290,-1.08,-0.15,11,COMPLETE
51.6,18.3,38.0,55,0,1.1,31.29412006198262,295,-0.85,-0.99,6,COMPLETE
49.7,17.6,40.0,56,0,1.1,31.29412006198262,300,-1.77,-0.33,1,COMPLETE
34.9,75.0,19.0,42,1,1.1,26.190959031185542,0,0.08,0.29,355,INITIAL
39.0,72.5,32.0,51,1,1.1,26.190959031185542,5,4.34,-1.51,350,INITIAL
43.2,70.7,40.0,61,1,1.1,26.190959031185542,10,4.41,-1.04,345,ACTIVE_DRYING
46.9,69.3,127.0,83,1,1.1,26.190959031185542,15,3.87,-1.05,340,ACTIVE_DRYING
51.3,67.5,121.0,86,1,1.1,26.190959031185542,20,3.95,-1.64,335,ACTIVE_DRYING
48.6,65.0,147.0,86,0,1.1,26.190959031185542,25,-2.63,-1.86,330,ACTIVE_DRYING
47.7,64.4,183.0,86,0,1.1,26.190959031185542,30,-0.8,-0.27,325,ACTIVE_DRYING
52.4,62.8,270.0,71,1,1.1,26.190959031185542,35,4.58,-1.88,320,ACTIVE_DRYING
51.1,60.2,275.0,70,0,1.1,26.190959031185542,40,-0.94,-3.08,315,ACTIVE_DRYING
50.9,59.1,338.0,72,0,1.1,26.190959031185542,45,-0.37,-1.9,310,ACTIVE_DRYING
50.5,57.3,322.0,71,0,1.1,26.190959031185542,50,-0.5,-2.17,305,ACTIVE_DRYING
50.3,57.0,369.0,71,0,1.1,26.190959031185542,55,-0.34,-0.44,300,ACTIVE_DRYING
50.9,56.1,384.0,72,0,1.1,26.190959031185542,60,0.65,-1.87,295,ACTIVE_DRYING
50.1,53.6,404.0,70,0,1.1,26.190959031185542,65,-0.31,-2.45,290,ACTIVE_DRYING
50.7,53.3,418.0,69,0,1.1,26.190959031185542,70,0.4,-1.44,285,ACTIVE_DRYING
51.3,51.0,501.0,70,0,1.1,26.190959031185542,75,-0.09,-2.5,280,ACTIVE_DRYING
51.3,50.2,476.0,70,0,1.1,26.190959031185542,80,-0.14,-1.03,275,ACTIVE_DRYING
52.2,48.0,561.0,69,0,1.1,26.190959031185542,85,0.58,-1.62,270,ACTIVE_DRYING
52.3,45.8,503.0,72,0,1.1,26.190959031185542,90,-0.16,-2.02,265,ACTIVE_DRYING
53.0,44.3,630.0,69,0,1.1,26.190959031185542,95,0.66,-1.31,260,ACTIVE_DRYING
54.1,43.6,640.0,53,0,1.1,26.190959031185542,100,0.76,-0.56,255,ACTIVE_DRYING
55.3,42.9,617.0,53,0,1.1,26.190959031185542,105,0.77,-0.99,250,ACTIVE_DRYING
56.4,41.9,639.0,56,0,1.1,26.190959031185542,110,0.65,-1.46,245,ACTIVE_DRYING
56.9,40.8,629.0,56,0,1.1,26.190959031185542,115,0.55,-1.37,240,NEAR_COMPLETE
58.0,38.5,722.0,54,0,1.1,26.190959031185542,120,1.46,-1.33,235,NEAR_COMPLETE
57.8,37.3,670.0,57,0,1.1,26.190959031185542,125,-0.07,-1.02,230,NEAR_COMPLETE
57.7,36.5,676.0,57,0,1.1,26.190959031185542,130,0.46,-0.65,225,NEAR_COMPLETE
58.0,35.4,706.0,56,0,1.1,26.190959031185542,135,0.17,-1.26,220,NEAR_COMPLETE
57.9,32.9,744.0,55,0,1.1,26.190959031185542,140,-0.25,-2.13,215,NEAR_COMPLETE
57.6,32.8,742.0,55,0,1.1,26.190959031185542,145,0.43,-0.11,210,COMPLETE
58.1,30.5,759.0,54,0,1.1,26.190959031185542,150,0.56,-1.89,205,COMPLETE
58.4,30.1,732.0,54,0,1.1,26.190959031185542,155,-0.16,-1.64,200,COMPLETE
57.9,27.7,697.0,56,0,1.1,26.190959031185542,160,-0.38,-1.67,195,COMPLETE
58.0,28.5,780.0,54,0,1.1,26.190959031185542,165,-0.04,0.19,190,COMPLETE
58.0,27.9,738.0,54,0,1.1,26.190959031185542,170,0.42,-0.59,185,COMPLETE
58.0,26.6,752.0,57,0,1.1,26.190959031185542,175,-0.09,-0.86,180,COMPLETE
57.8,25.2,747.0,57,0,1.1,26.190959031185542,180,-0.12,-0.87,175,COMPLETE
58.2,24.6,744.0,57,0,1.1,26.190959031185542,185,0.16,-0.89,170,COMPLETE
58.4,23.2,740.0,57,0,1.1,26.190959031185542,190,-0.11,-1.69,165,COMPLETE
57.6,21.7,780.0,54,0,1.1,26.190959031185542,195,-0.48,-1.03,160,COMPLETE
57.8,21.1,701.0,57,0,1.1,26.190959031185542,200,0.4,-0.65,155,COMPLETE
58.0,22.0,733.0,53,0,1.1,26.190959031185542,205,0.11,0.26,150,COMPLETE
58.2,20.3,720.0,56,0,1.1,26.190959031185542,210,0.27,-1.57,145,COMPLETE
57.8,18.0,709.0,57,0,1.1,26.190959031185542,215,-0.22,-1.93,140,COMPLETE
58.1,17.9,686.0,55,0,1.1,26.190959031185542,220,0.36,-0.28,135,COMPLETE
57.5,17.5,722.0,55,0,1.1,26.190959031185542,225,-0.09,-0.14,130,COMPLETE
57.6,18.0,646.0,56,0,1.1,26.190959031185542,230,0.55,0.46,125,COMPLETE
57.6,18.0,673.0,55,0,1.1,26.190959031185542,235,0.56,-0.24,120,COMPLETE
58.2,18.3,653.0,53,0,1.1,26.190959031185542,240,0.08,0.52,115,COMPLETE
57.9,17.0,615.0,53,0,1.1,26.190959031185542,245,-0.38,0.34,110,COMPLETE
58.0,18.7,550.0,53,0,1.1,26.190959031185542,250,0.59,1.07,105,COMPLETE
58.2,18.5,531.0,56,0,1.1,26.190959031185542,255,0.14,-0.43,100,COMPLETE
57.8,16.9,545.0,54,0,1.1,26.190959031185542,260,-0.34,-0.22,95,COMPLETE
58.0,18.9,528.0,55,0,1.1,26.190959031185542,265,0.34,0.88,90,COMPLETE
58.5,17.8,515.0,56,0,1.1,26.190959031185542,270,0.01,-0.46,85,COMPLETE
57.9,17.8,457.0,56,0,1.1,26.190959031185542,275,-0.58,0.3,80,COMPLETE
57.8,17.7,469.0,55,0,1.1,26.190959031185542,280,-0.25,0.37,75,COMPLETE
57.6,18.4,385.0,53,0,1.1,26.190959031185542,285,-0.05,0.3,70,COMPLETE
57.5,18.6,429.0,55,0,1.1,26.190959031185542,290,0.15,-0.19,65,COMPLETE
57.9,18.7,378.0,57,0,1.1,26.190959031185542,295,0.37,-0.25,60,COMPLETE
57.5,18.6,365.0,54,0,1.1,26.190959031185542,300,-0.01,-1.07,55,COMPLETE
57.3,18.0,284.0,55,0,1.1,26.190959031185542,305,0.16,-0.51,50,COMPLETE
57.5,17.8,311.0,55,0,1.1,26.190959031185542,310,0.31,-0.14,45,COMPLETE
57.0,18.1,226.0,57,0,1.1,26.190959031185542,315,-0.95,0.1,40,COMPLETE
55.8,18.6,240.0,53,0,1.1,26.190959031185542,320,-1.03,-0.74,35,COMPLETE
55.3,18.9,205.0,55,0,1.1,26.190959031185542,325,-0.74,-0.35,30,COMPLETE
54.1,18.0,108.0,53,0,1.1,26.190959031185542,330,-1.37,-1.08,25,COMPLETE
52.9,17.9,131.0,57,0,1.1,26.190959031185542,335,-1.3,0.14,20,COMPLETE
51.1,19.0,40.0,54,0,1.1,26.190959031185542,340,-1.83,-0.03,15,COMPLETE
50.6,19.2,40.0,53,0,1.1,26.190959031185542,345,-0.55,-1.02,10,COMPLETE
49.1,17.5,71.0,57,0,1.1,26.190959031185542,350,-1.32,-1.2,5,COMPLETE
48.2,18.4,0.0,56,0,1.1,26.190959031185542,355,-0.72,0.62,0,COMPLETE
35.9,72.0,33.0,38,1,1.6,37.19903218902337,0,-0.47,0.21,271,INITIAL
40.3,69.8,26.0,50,1,1.6,37.19903218902337,5,4.31,-1.81,266,INITIAL
44.5,69.3,78.0,61,1,1.6,37.19903218902337,10,3.82,-1.09,261,ACTIVE_DRYING
48.2,67.1,103.0,87,1,1.6,37.19903218902337,15,3.39,-2.23,256,ACTIVE_DRYING
51.2,65.3,188.0,84,1,1.6,37.19903218902337,20,3.44,-1.88,251,ACTIVE_DRYING
50.2,63.2,192.0,87,0,1.6,37.19903218902337,25,-1.26,-0.98,246,ACTIVE_DRYING
49.2,62.8,250.0,69,0,1.6,37.19903218902337,30,-0.72,-0.96,241,ACTIVE_DRYING
47.9,61.1,238.0,71,0,1.6,37.19903218902337,35,-1.24,-1.47,236,ACTIVE_DRYING
48.0,60.3,342.0,70,0,1.6,37.19903218902337,40,0.14,-1.04,231,ACTIVE_DRYING
47.9,58.9,345.0,69,0,1.6,37.19903218902337,45,-0.08,-1.31,226,ACTIVE_DRYING
47.7,58.4,392.0,69,0,1.6,37.19903218902337,50,-0.12,-1.54,221,ACTIVE_DRYING
47.1,57.1,453.0,70,0,1.6,37.19903218902337,55,-0.83,-2.11,216,ACTIVE_DRYING
47.0,54.7,495.0,68,0,1.6,37.19903218902337,60,0.51,-2.34,211,ACTIVE_DRYING
47.9,53.6,542.0,71,0,1.6,37.19903218902337,65,0.55,-0.8,206,ACTIVE_DRYING
48.7,52.8,537.0,72,0,1.6,37.19903218902337,70,0.24,-0.78,201,ACTIVE_DRYING
49.3,51.7,646.0,68,0,1.6,37.19903218902337,75,0.68,-0.66,196,ACTIVE_DRYING
50.0,50.5,611.0,72,0,1.6,37.19903218902337,80,0.8,-1.26,191,ACTIVE_DRYING
50.5,49.8,609.0,71,0,1.6,37.19903218902337,85,0.53,-1.19,186,ACTIVE_DRYING
51.9,47.8,657.0,69,0,1.6,37.19903218902337,90,1.31,-1.63,181,ACTIVE_DRYING
52.1,45.8,671.0,70,0,1.6,37.19903218902337,95,0.31,-1.56,176,ACTIVE_DRYING
52.9,45.7,651.0,69,0,1.6,37.19903218902337,100,1.4,-1.06,171,ACTIVE_DRYING
54.3,43.2,697.0,72,0,1.6,37.19903218902337,105,1.17,-1.45,166,ACTIVE_DRYING
55.3,43.3,760.0,54,0,1.6,37.19903218902337,110,1.55,-0.22,161,ACTIVE_DRYING
56.4,43.1,717.0,53,0,1.6,37.19903218902337,115,1.28,-0.64,156,ACTIVE_DRYING
58.1,41.2,721.0,57,0,1.6,37.19903218902337,120,1.23,-1.88,151,ACTIVE_DRYING
57.9,40.0,735.0,55,0,1.6,37.19903218902337,125,0.08,-0.43,146,ACTIVE_DRYING
57.5,40.1,774.0,55,0,1.6,37.19903218902337,130,-0.18,-0.52,141,ACTIVE_DRYING
57.8,39.3,739.0,56,0,1.6,37.19903218902337,135,0.68,-1.77,136,NEAR_COMPLETE
58.5,36.7,727.0,54,0,1.6,37.19903218902337,140,0.15,-2.67,131,NEAR_COMPLETE
57.9,35.5,761.0,56,0,1.6,37.19903218902337,145,-0.5,-1.61,126,NEAR_COMPLETE
58.1,35.5,752.0,56,0,1.6,37.19903218902337,150,0.37,-0.58,121,NEAR_COMPLETE
57.5,34.4,699.0,55,0,1.6,37.19903218902337,155,-0.02,-1.63,116,NEAR_COMPLETE
58.1,33.5,685.0,56,0,1.6,37.19903218902337,160,0.87,-1.57,111,COMPLETE
58.1,31.9,697.0,55,0,1.6,37.19903218902337,165,0.33,-1.28,106,COMPLETE
57.6,31.6,726.0,53,0,1.6,37.19903218902337,170,-0.47,-0.96,101,COMPLETE
58.2,30.7,696.0,57,0,1.6,37.19903218902337,175,-0.05,-1.29,96,COMPLETE
58.7,29.3,635.0,57,0,1.6,37.19903218902337,180,-0.59,-2.06,91,COMPLETE
57.9,28.2,558.0,56,0,1.6,37.19903218902337,185,-0.54,-0.53,86,COMPLETE
58.4,26.8,637.0,53,0,1.6,37.19903218902337,190,0.29,-0.93,81,COMPLETE
57.8,26.2,568.0,57,0,1.6,37.19903218902337,195,-0.72,-0.32,76,COMPLETE
57.9,25.2,529.0,54,0,1.6,37.19903218902337,200,0.04,-1.28,71,COMPLETE
58.1,24.1,540.0,55,0,1.6,37.19903218902337,205,0.07,-0.11,66,COMPLETE
58.7,23.8,453.0,57,0,1.6,37.19903218902337,210,-0.48,0.2,61,COMPLETE
57.9,22.8,479.0,56,0,1.6,37.19903218902337,215,-0.76,-0.08,56,COMPLETE
57.7,21.7,452.0,56,0,1.6,37.19903218902337,220,-0.29,-0.1,51,COMPLETE
56.9,21.8,396.0,53,0,1.6,37.19903218902337,225,-0.7,0.7,46,COMPLETE
56.7,21.0,340.0,54,0,1.6,37.19903218902337,230,-0.31,-0.25,41,COMPLETE
55.6,23.0,265.0,57,0,1.6,37.19903218902337,235,-0.37,0.98,36,COMPLETE
55.2,20.7,218.0,53,0,1.6,37.19903218902337,240,-0.32,-2.5,31,COMPLETE
54.6,18.7,185.0,54,0,1.6,37.19903218902337,245,-1.1,-0.94,26,COMPLETE
53.0,18.0,208.0,54,0,1.6,37.19903218902337,250,-1.31,-0.94,21,COMPLETE
52.2,18.8,110.0,55,0,1.6,37.19903218902337,255,-0.55,0.5,16,COMPLETE
51.4,18.2,136.0,54,0,1.6,37.19903218902337,260,-1.28,-1.48,11,COMPLETE
50.4,17.6,7.0,54,0,1.6,37.19903218902337,265,-0.97,-0.2,6,COMPLETE
48.5,17.0,0.0,55,0,1.6,37.19903218902337,270,-1.35,0.88,1,COMPLETE
33.9,71.6,0.0,41,1,2.6,36.38012235844691,0,0.21,0.08,240,INITIAL
38.1,70.0,43.0,52,1,2.6,36.38012235844691,5,4.18,-1.13,235,INITIAL
41.5,68.1,69.0,60,1,2.6,36.38012235844691,10,4.02,-1.11,230,ACTIVE_DRYING
46.2,68.1,115.0,84,1,2.6,36.38012235844691,15,4.44,-1.21,225,ACTIVE_DRYING
49.9,66.0,224.0,83,1,2.6,36.38012235844691,20,4.39,-2.36,220,ACTIVE_DRYING
48.8,64.9,198.0,85,0,2.6,36.38012235844691,25,-0.58,-0.92,215,ACTIVE_DRYING
48.8,63.1,280.0,71,0,2.6,36.38012235844691,30,0.1,-0.9,210,ACTIVE_DRYING
48.4,62.9,318.0,72,0,2.6,36.38012235844691,35,-0.92,-0.55,205,ACTIVE_DRYING
48.5,62.0,392.0,68,0,2.6,36.38012235844691,40,0.19,-1.03,200,ACTIVE_DRYING
48.6,59.4,442.0,71,0,2.6,36.38012235844691,45,0.54,-1.96,195,ACTIVE_DRYING
48.8,58.8,404.0,72,0,2.6,36.38012235844691,50,0.22,-0.56,190,ACTIVE_DRYING
49.4,58.0,532.0,69,0,2.6,36.38012235844691,55,0.49,-0.73,185,ACTIVE_DRYING
50.1,57.6,615.0,70,0,2.6,36.38012235844691,60,0.6,-0.92,180,ACTIVE_DRYING
50.1,54.6,535.0,69,0,2.6,36.38012235844691,65,-0.31,-2.04,175,ACTIVE_DRYING
50.7,53.8,527.0,70,0,2.6,36.38012235844691,70,0.3,-1.28,170,ACTIVE_DRYING
51.5,52.1,626.0,68,0,2.6,36.38012235844691,75,1.14,-1.76,165,ACTIVE_DRYING
52.8,50.7,617.0,69,0,2.6,36.38012235844691,80,1.5,-1.04,160,ACTIVE_DRYING
53.4,50.9,698.0,68,0,2.6,36.38012235844691,85,1.56,0.41,155,ACTIVE_DRYING
55.0,49.7,698.0,69,0,2.6,36.38012235844691,90,2.11,-1.29,150,ACTIVE_DRYING
56.0,48.7,695.0,68,0,2.6,36.38012235844691,95,0.96,-1.45,145,ACTIVE_DRYING
57.1,47.5,719.0,68,0,2.6,36.38012235844691,100,0.98,-1.15,140,ACTIVE_DRYING
57.6,45.9,754.0,71,0,2.6,36.38012235844691,105,0.81,-1.45,135,ACTIVE_DRYING
58.0,44.1,715.0,71,0,2.6,36.38012235844691,110,0.56,-1.93,130,ACTIVE_DRYING
58.0,43.0,759.0,55,0,2.6,36.38012235844691,115,-0.07,-1.72,125,ACTIVE_DRYING
57.5,40.2,762.0,53,0,2.6,36.38012235844691,120,-0.15,-1.85,120,ACTIVE_DRYING
58.0,39.6,776.0,54,0,2.6,36.38012235844691,125,0.66,0.14,115,ACTIVE_DRYING
58.2,39.6,735.0,53,0,2.6,36.38012235844691,130,0.03,-1.09,110,ACTIVE_DRYING
58.1,39.0,735.0,57,0,2.6,36.38012235844691,135,-0.03,-0.64,105,NEAR_COMPLETE
58.3,38.8,748.0,54,0,2.6,36.38012235844691,140,-0.54,-0.92,100,NEAR_COMPLETE
58.2,36.8,721.0,53,0,2.6,36.38012235844691,145,0.13,-1.43,95,NEAR_COMPLETE
57.7,35.7,693.0,55,0,2.6,36.38012235844691,150,-0.47,-0.24,90,NEAR_COMPLETE
57.9,35.8,709.0,57,0,2.6,36.38012235844691,155,0.2,-0.55,85,NEAR_COMPLETE
58.4,34.5,590.0,54,0,2.6,36.38012235844691,160,0.04,-1.18,80,COMPLETE
58.1,34.4,563.0,53,0,2.6,36.38012235844691,165,-0.11,-0.59,75,COMPLETE
57.3,31.6,584.0,55,0,2.6,36.38012235844691,170,-0.49,-3.34,70,COMPLETE
58.0,30.6,555.0,55,0,2.6,36.38012235844691,175,0.64,0.58,65,COMPLETE
57.5,30.6,522.0,55,0,2.6,36.38012235844691,180,-0.08,-0.0,60,COMPLETE
58.1,29.2,496.0,56,0,2.6,36.38012235844691,185,0.89,-0.65,55,COMPLETE
58.2,29.0,449.0,53,0,2.6,36.38012235844691,190,-0.35,-1.05,50,COMPLETE
57.5,27.7,415.0,56,0,2.6,36.38012235844691,195,-0.28,-1.65,45,COMPLETE
57.2,28.0,340.0,57,0,2.6,36.38012235844691,200,-0.56,-1.2,40,COMPLETE
56.9,24.6,338.0,55,0,2.6,36.38012235844691,205,-0.62,-2.36,35,COMPLETE
56.3,24.2,315.0,55,0,2.6,36.38012235844691,210,-0.67,0.26,30,COMPLETE
55.6,23.8,232.0,54,0,2.6,36.38012235844691,215,-0.52,0.74,25,COMPLETE
54.9,24.4,212.0,53,0,2.6,36.38012235844691,220,-1.08,-0.5,20,COMPLETE
54.4,23.3,164.0,57,0,2.6,36.38012235844691,225,-0.59,-1.56,15,COMPLETE
52.5,21.3,101.0,55,0,2.6,36.38012235844691,230,-1.55,-1.36,10,COMPLETE
51.4,20.8,24.0,55,0,2.6,36.38012235844691,235,-1.08,-1.35,5,COMPLETE
49.6,20.2,0.0,57,0,2.6,36.38012235844691,240,-1.88,-1.68,0,COMPLETE
31.6,74.9,0.0,39,1,1.9,25.575983046079358,0,0.01,0.38,222,INITIAL
35.9,72.6,55.0,48,1,1.9,25.575983046079358,5,4.64,-2.39,217,INITIAL
40.2,69.9,121.0,59,1,1.9,25.575983046079358,10,5.2,-1.98,212,ACTIVE_DRYING
44.7,68.4,165.0,84,1,1.9,25.575983046079358,15,4.2,-1.4,207,ACTIVE_DRYING
49.0,67.4,232.0,83,1,1.9,25.575983046079358,20,4.4,-0.54,202,ACTIVE_DRYING
47.4,66.1,230.0,84,0,1.9,25.575983046079358,25,-1.33,-1.44,197,ACTIVE_DRYING
51.2,64.8,301.0,85,1,1.9,25.575983046079358,30,4.61,-0.99,192,ACTIVE_DRYING
51.3,63.2,365.0,72,0,1.9,25.575983046079358,35,0.55,-1.73,187,ACTIVE_DRYING
51.2,62.1,393.0,68,0,1.9,25.575983046079358,40,0.08,-1.07,182,ACTIVE_DRYING
51.4,59.9,480.0,69,0,1.9,25.575983046079358,45,0.26,-2.11,177,ACTIVE_DRYING
51.5,57.7,441.0,72,0,1.9,25.575983046079358,50,0.2,-2.27,172,ACTIVE_DRYING
51.3,56.2,480.0,69,0,1.9,25.575983046079358,55,-0.13,-1.29,167,ACTIVE_DRYING
51.8,54.9,521.0,70,0,1.9,25.575983046079358,60,0.66,-1.6,162,ACTIVE_DRYING
53.0,54.0,604.0,70,0,1.9,25.575983046079358,65,0.97,-1.4,157,ACTIVE_DRYING
52.7,51.7,599.0,70,0,1.9,25.575983046079358,70,-0.11,-1.65,152,ACTIVE_DRYING
54.1,51.2,681.0,69,0,1.9,25.575983046079358,75,1.73,-1.24,147,ACTIVE_DRYING
55.1,48.1,653.0,71,0,1.9,25.575983046079358,80,1.01,-2.57,142,ACTIVE_DRYING
55.8,47.5,687.0,71,0,1.9,25.575983046079358,85,0.46,-0.85,137,ACTIVE_DRYING
56.8,46.4,663.0,71,0,1.9,25.575983046079358,90,0.88,-0.76,132,ACTIVE_DRYING
57.2,45.0,768.0,70,0,1.9,25.575983046079358,95,0.91,-1.41,127,NEAR_COMPLETE
58.8,45.0,692.0,71,0,1.9,25.575983046079358,100,0.61,-0.68,122,NEAR_COMPLETE
57.9,42.6,744.0,55,0,1.9,25.575983046079358,105,-0.75,-2.43,117,NEAR_COMPLETE
58.1,41.3,773.0,55,0,1.9,25.575983046079358,110,0.18,-1.4,112,NEAR_COMPLETE
57.9,39.4,742.0,53,0,1.9,25.575983046079358,115,0.12,-0.72,107,NEAR_COMPLETE
58.0,39.1,766.0,53,0,1.9,25.575983046079358,120,0.28,-1.41,102,NEAR_COMPLETE
58.2,36.7,761.0,55,0,1.9,25.575983046079358,125,-0.13,-2.44,97,COMPLETE
57.8,35.7,738.0,53,0,1.9,25.575983046079358,130,-0.53,-1.78,92,COMPLETE
58.2,34.4,810.0,55,0,1.9,25.575983046079358,135,0.19,-1.95,87,COMPLETE
57.6,32.1,677.0,53,0,1.9,25.575983046079358,140,-0.58,-0.86,82,COMPLETE
57.5,32.1,679.0,57,0,1.9,25.575983046079358,145,0.64,0.32,77,COMPLETE
57.9,31.5,610.0,54,0,1.9,25.575983046079358,150,0.36,-0.66,72,COMPLETE
58.1,31.0,591.0,56,0,1.9,25.575983046079358,155,0.08,-1.06,67,COMPLETE
57.9,28.7,634.0,57,0,1.9,25.575983046079358,160,-0.01,-2.22,62,COMPLETE
58.3,27.8,547.0,53,0,1.9,25.575983046079358,165,0.24,-0.93,57,COMPLETE
58.0,26.8,508.0,55,0,1.9,25.575983046079358,170,-0.01,-1.18,52,COMPLETE
58.1,25.0,454.0,57,0,1.9,25.575983046079358,175,0.2,-1.75,47,COMPLETE
58.5,24.6,424.0,53,0,1.9,25.575983046079358,180,-0.14,-0.53,42,COMPLETE
57.9,23.8,365.0,53,0,1.9,25.575983046079358,185,-0.53,-1.33,37,COMPLETE
57.6,23.3,350.0,56,0,1.9,25.575983046079358,190,-0.99,-0.41,32,COMPLETE
56.7,23.3,266.0,53,0,1.9,25.575983046079358,195,-1.52,-0.74,27,COMPLETE
56.1,21.8,248.0,57,0,1.9,25.575983046079358,200,-0.6,-1.25,22,COMPLETE
54.8,21.8,148.0,55,0,1.9,25.575983046079358,205,-1.22,-0.21,17,COMPLETE
53.6,21.7,156.0,53,0,1.9,25.575983046079358,210,-1.0,-0.6,12,COMPLETE
52.7,20.6,87.0,54,0,1.9,25.575983046079358,215,-1.28,-0.44,7,COMPLETE
51.1,20.2,50.0,57,0,1.9,25.575983046079358,220,-1.8,-0.69,2,COMPLETE
32.5,74.2,5.0,40,1,2.3,34.820893189277974,0,0.09,-0.3,346,INITIAL
37.4,73.2,49.0,49,1,2.3,34.820893189277974,5,4.19,-1.52,341,INITIAL
41.4,72.5,60.0,59,1,2.3,34.820893189277974,10,3.58,-0.87,336,ACTIVE_DRYING
45.3,70.9,85.0,85,1,2.3,34.820893189277974,15,3.57,-1.88,331,ACTIVE_DRYING
49.2,68.6,150.0,87,1,2.3,34.820893189277974,20,3.74,-2.23,326,ACTIVE_DRYING
47.8,68.1,154.0,86,0,2.3,34.820893189277974,25,-1.48,-0.25,321,ACTIVE_DRYING
52.0,66.4,230.0,83,1,2.3,34.820893189277974,30,3.93,-1.87,316,ACTIVE_DRYING
50.2,64.4,202.0,87,0,2.3,34.820893189277974,35,-0.95,-1.09,311,ACTIVE_DRYING
50.2,64.3,304.0,83,0,2.3,34.820893189277974,40,0.49,0.41,306,ACTIVE_DRYING
49.1,62.9,252.0,71,0,2.3,34.820893189277974,45,-1.09,-1.14,301,ACTIVE_DRYING
48.7,61.9,393.0,68,0,2.3,34.820893189277974,50,0.06,-0.92,296,ACTIVE_DRYING
48.2,61.1,301.0,71,0,2.3,34.820893189277974,55,-0.34,-0.87,291,ACTIVE_DRYING
48.9,60.3,357.0,69,0,2.3,34.820893189277974,60,0.29,-1.05,286,ACTIVE_DRYING
48.9,57.9,461.0,68,0,2.3,34.820893189277974,65,-0.58,-2.18,281,ACTIVE_DRYING
48.4,56.2,418.0,72,0,2.3,34.820893189277974,70,-0.77,-1.41,276,ACTIVE_DRYING
48.3,55.6,506.0,68,0,2.3,34.820893189277974,75,0.6,-0.74,271,ACTIVE_DRYING
48.4,53.6,498.0,70,0,2.3,34.820893189277974,80,0.53,-1.8,266,ACTIVE_DRYING
49.9,51.7,521.0,70,0,2.3,34.820893189277974,85,1.45,-1.5,261,ACTIVE_DRYING
50.6,51.8,544.0,71,0,2.3,34.820893189277974,90,0.26,-0.31,256,ACTIVE_DRYING
50.7,50.0,595.0,72,0,2.3,34.820893189277974,95,0.01,-2.56,251,ACTIVE_DRYING
51.7,48.8,534.0,70,0,2.3,34.820893189277974,100,0.4,-0.77,246,ACTIVE_DRYING
52.4,48.8,599.0,71,0,2.3,34.820893189277974,105,0.76,-0.51,241,ACTIVE_DRYING
52.4,47.3,579.0,72,0,2.3,34.820893189277974,110,0.02,-1.03,236,ACTIVE_DRYING
52.7,45.9,650.0,72,0,2.3,34.820893189277974,115,0.76,-0.84,231,ACTIVE_DRYING
53.7,44.7,662.0,71,0,2.3,34.820893189277974,120,1.62,-1.76,226,ACTIVE_DRYING
54.5,44.6,628.0,53,0,2.3,34.820893189277974,125,0.62,-1.13,221,ACTIVE_DRYING
55.9,42.0,686.0,53,0,2.3,34.820893189277974,130,1.5,-2.18,216,ACTIVE_DRYING
57.2,41.1,676.0,57,0,2.3,34.820893189277974,135,1.01,-0.51,211,ACTIVE_DRYING
58.4,39.5,699.0,54,0,2.3,34.820893189277974,140,0.92,-1.74,206,ACTIVE_DRYING
57.3,38.5,711.0,54,0,2.3,34.820893189277974,145,-0.56,-1.64,201,ACTIVE_DRYING
58.0,35.6,756.0,55,0,2.3,34.820893189277974,150,0.18,-2.04,196,ACTIVE_DRYING
57.8,35.8,695.0,54,0,2.3,34.820893189277974,155,0.31,0.29,191,ACTIVE_DRYING
57.8,34.2,679.0,54,0,2.3,34.820893189277974,160,0.29,-0.8,186,NEAR_COMPLETE
58.1,33.4,779.0,54,0,2.3,34.820893189277974,165,0.37,-1.35,181,NEAR_COMPLETE
58.1,31.7,734.0,55,0,2.3,34.820893189277974,170,-0.21,-1.45,176,NEAR_COMPLETE
57.8,31.4,764.0,53,0,2.3,34.820893189277974,175,0.01,-1.25,171,NEAR_COMPLETE
58.6,28.4,752.0,56,0,2.3,34.820893189277974,180,0.2,-1.69,166,NEAR_COMPLETE
57.9,29.0,750.0,56,0,2.3,34.820893189277974,185,-0.27,0.25,161,NEAR_COMPLETE
58.4,28.0,692.0,53,0,2.3,34.820893189277974,190,-0.17,-1.79,156,COMPLETE
58.3,27.6,724.0,56,0,2.3,34.820893189277974,195,-0.14,-1.41,151,COMPLETE
57.6,26.5,738.0,53,0,2.3,34.820893189277974,200,-0.33,-1.16,146,COMPLETE
58.1,26.7,739.0,54,0,2.3,34.820893189277974,205,0.57,-0.52,141,COMPLETE
58.3,24.6,699.0,55,0,2.3,34.820893189277974,210,0.1,-0.97,136,COMPLETE
58.4,23.6,680.0,54,0,2.3,34.820893189277974,215,-0.44,-0.21,131,COMPLETE
57.7,22.8,692.0,55,0,2.3,34.820893189277974,220,-0.8,-0.29,126,COMPLETE
58.1,22.5,660.0,57,0,2.3,34.820893189277974,225,0.54,-0.25,121,COMPLETE
58.3,22.4,605.0,54,0,2.3,34.820893189277974,230,-0.36,-0.29,116,COMPLETE
58.0,21.4,655.0,55,0,2.3,34.820893189277974,235,-0.48,-1.65,111,COMPLETE
57.8,19.0,578.0,57,0,2.3,34.820893189277974,240,-0.07,-2.36,106,COMPLETE
57.9,19.0,606.0,53,0,2.3,34.820893189277974,245,0.13,-0.52,101,COMPLETE
58.6,18.8,497.0,55,0,2.3,34.820893189277974,250,0.19,-0.69,96,COMPLETE
57.8,18.2,546.0,56,0,2.3,34.820893189277974,255,-0.24,-0.97,91,COMPLETE
58.4,17.8,518.0,57,0,2.3,34.820893189277974,260,0.33,-0.59,86,COMPLETE
58.2,18.3,542.0,57,0,2.3,34.820893189277974,265,-0.12,0.08,81,COMPLETE
57.8,17.5,492.0,56,0,2.3,34.820893189277974,270,-0.06,-0.45,76,COMPLETE
57.9,18.8,438.0,57,0,2.3,34.820893189277974,275,0.4,0.6,71,COMPLETE
57.9,17.8,400.0,53,0,2.3,34.820893189277974,280,-0.29,-0.68,66,COMPLETE
57.8,18.8,417.0,53,0,2.3,34.820893189277974,285,-0.1,0.02,61,COMPLETE
58.0,18.0,361.0,53,0,2.3,34.820893189277974,290,0.03,-0.95,56,COMPLETE
56.9,17.2,305.0,55,0,2.3,34.820893189277974,295,-0.33,0.36,51,COMPLETE
57.8,16.9,365.0,57,0,2.3,34.820893189277974,300,0.22,0.62,46,COMPLETE
56.4,17.7,240.0,55,0,2.3,34.820893189277974,305,-1.49,0.89,41,COMPLETE
55.1,17.2,218.0,56,0,2.3,34.820893189277974,310,-0.75,0.48,36,COMPLETE
54.4,18.0,208.0,55,0,2.3,34.820893189277974,315,-0.68,0.65,31,COMPLETE
53.8,18.0,152.0,56,0,2.3,34.820893189277974,320,-1.29,0.64,26,COMPLETE
52.6,18.1,154.0,57,0,2.3,34.820893189277974,325,-1.31,0.07,21,COMPLETE
51.8,18.1,80.0,54,0,2.3,34.820893189277974,330,-0.98,0.24,16,COMPLETE
50.8,17.8,73.0,53,0,2.3,34.820893189277974,335,-1.3,-0.24,11,COMPLETE
48.9,18.0,67.0,57,0,2.3,34.820893189277974,340,-1.76,0.12,6,COMPLETE
47.0,17.1,23.0,55,0,2.3,34.820893189277974,345,-1.32,0.01,1,COMPLETE
34.1,73.4,0.0,38,1,1.2,33.98612561459586,0,0.14,0.37,208,INITIAL
39.0,71.7,73.0,49,1,1.2,33.98612561459586,5,4.64,-1.04,203,INITIAL
43.1,71.1,100.0,60,1,1.2,33.98612561459586,10,4.54,-1.38,198,ACTIVE_DRYING
48.0,68.7,133.0,86,1,1.2,33.98612561459586,15,4.46,-2.56,193,ACTIVE_DRYING
51.8,66.7,247.0,84,1,1.2,33.98612561459586,20,4.2,-1.54,188,ACTIVE_DRYING
51.0,65.7,290.0,83,0,1.2,33.98612561459586,25,-1.02,-1.7,183,ACTIVE_DRYING
50.8,64.7,325.0,83,0,1.2,33.98612561459586,30,-1.03,-1.07,178,ACTIVE_DRYING
49.8,61.9,389.0,72,0,1.2,33.98612561459586,35,-1.0,-2.11,173,ACTIVE_DRYING
49.3,60.5,437.0,72,0,1.2,33.98612561459586,40,-0.13,-0.61,168,ACTIVE_DRYING
49.5,60.3,442.0,71,0,1.2,33.98612561459586,45,0.58,-0.64,163,ACTIVE_DRYING
49.3,59.1,562.0,70,0,1.2,33.98612561459586,50,0.22,-1.35,158,ACTIVE_DRYING
50.3,57.2,545.0,72,0,1.2,33.98612561459586,55,0.45,-2.09,153,ACTIVE_DRYING
49.9,56.5,604.0,69,0,1.2,33.98612561459586,60,0.23,-1.42,148,ACTIVE_DRYING
51.2,55.2,658.0,70,0,1.2,33.98612561459586,65,1.46,-1.38,143,ACTIVE_DRYING
52.7,53.9,721.0,70,0,1.2,33.98612561459586,70,1.45,-1.34,138,ACTIVE_DRYING
53.2,52.8,717.0,69,0,1.2,33.98612561459586,75,1.27,-0.6,133,ACTIVE_DRYING
54.3,51.5,732.0,69,0,1.2,33.98612561459586,80,1.83,-0.71,128,ACTIVE_DRYING
56.0,51.2,743.0,69,0,1.2,33.98612561459586,85,1.16,-0.49,123,ACTIVE_DRYING
57.3,50.7,782.0,68,0,1.2,33.98612561459586,90,1.3,-0.74,118,ACTIVE_DRYING
58.1,48.1,781.0,68,0,1.2,33.98612561459586,95,0.6,-2.45,113,ACTIVE_DRYING
58.4,48.0,781.0,68,0,1.2,33.98612561459586,100,0.08,-0.06,108,ACTIVE_DRYING
58.0,46.5,746.0,72,0,1.2,33.98612561459586,105,-0.51,-0.77,103,ACTIVE_DRYING
57.1,45.8,770.0,72,0,1.2,33.98612561459586,110,-0.04,-0.67,98,ACTIVE_DRYING
58.1,44.1,745.0,70,0,1.2,33.98612561459586,115,0.97,-1.89,93,STABILIZING
58.4,43.1,701.0,55,0,1.2,33.98612561459586,120,-0.16,-1.17,88,STABILIZING
57.7,42.8,752.0,54,0,1.2,33.98612561459586,125,-0.5,-1.22,83,STABILIZING
58.3,41.3,672.0,54,0,1.2,33.98612561459586,130,0.69,-2.9,78,STABILIZING
58.1,39.5,686.0,57,0,1.2,33.98612561459586,135,-0.05,-2.48,73,STABILIZING
57.9,38.7,700.0,55,0,1.2,33.98612561459586,140,-0.13,-0.86,68,STABILIZING
58.0,37.9,654.0,57,0,1.2,33.98612561459586,145,-0.13,-1.02,63,STABILIZING
58.1,36.0,574.0,54,0,1.2,33.98612561459586,150,-0.06,-1.48,58,STABILIZING
57.4,36.0,561.0,56,0,1.2,33.98612561459586,155,-0.02,0.22,53,STABILIZING
57.6,36.1,460.0,54,0,1.2,33.98612561459586,160,1.07,-0.55,48,STABILIZING
57.9,33.8,368.0,54,0,1.2,33.98612561459586,165,0.47,-2.06,43,STABILIZING
57.8,33.1,384.0,54,0,1.2,33.98612561459586,170,-0.6,-0.8,38,STABILIZING
57.5,32.4,342.0,55,0,1.2,33.98612561459586,175,-0.44,-1.22,33,NEAR_COMPLETE
57.8,30.8,349.0,56,0,1.2,33.98612561459586,180,-0.42,-1.82,28,NEAR_COMPLETE
56.4,28.9,272.0,54,0,1.2,33.98612561459586,185,-1.39,-0.96,23,NEAR_COMPLETE
56.6,29.8,172.0,56,0,1.2,33.98612561459586,190,-0.26,-0.03,18,NEAR_COMPLETE
54.2,29.2,107.0,53,0,1.2,33.98612561459586,195,-1.9,-0.79,13,NEAR_COMPLETE
53.6,27.4,86.0,53,0,1.2,33.98612561459586,200,-0.41,-1.36,8,NEAR_COMPLETE
52.1,27.4,0.0,56,0,1.2,33.98612561459586,205,-1.21,0.12,3,NEAR_COMPLETE
36.5,72.2,38.0,42,1,2.7,31.557022243545454,0,-0.37,0.16,265,INITIAL
40.2,70.2,21.0,49,1,2.7,31.557022243545454,5,3.93,-2.4,260,INITIAL
44.8,68.1,40.0,59,1,2.7,31.557022243545454,10,4.22,-2.09,255,ACTIVE_DRYING
48.3,66.7,151.0,86,1,2.7,31.557022243545454,15,3.23,-1.41,250,ACTIVE_DRYING
46.7,66.9,151.0,85,0,2.7,31.557022243545454,20,-1.61,-0.21,245,ACTIVE_DRYING
50.2,66.2,214.0,85,1,2.7,31.557022243545454,25,3.44,-1.65,240,ACTIVE_DRYING
50.0,63.7,290.0,87,0,2.7,31.557022243545454,30,-0.62,-2.75,235,ACTIVE_DRYING
49.4,61.8,287.0,71,0,2.7,31.557022243545454,35,-0.55,-1.6,230,ACTIVE_DRYING
48.6,61.0,290.0,72,0,2.7,31.557022243545454,40,-0.54,-1.51,225,ACTIVE_DRYING
48.1,58.3,355.0,71,0,2.7,31.557022243545454,45,-0.55,-2.47,220,ACTIVE_DRYING
48.6,58.9,410.0,70,0,2.7,31.557022243545454,50,0.27,-0.29,215,ACTIVE_DRYING
48.2,55.7,461.0,69,0,2.7,31.557022243545454,55,0.25,-2.84,210,ACTIVE_DRYING
49.3,53.7,490.0,68,0,2.7,31.557022243545454,60,1.3,-1.41,205,ACTIVE_DRYING
49.8,53.6,512.0,68,0,2.7,31.557022243545454,65,0.81,0.51,200,ACTIVE_DRYING
50.1,52.9,575.0,70,0,2.7,31.557022243545454,70,0.56,-1.54,195,ACTIVE_DRYING
51.1,51.2,602.0,72,0,2.7,31.557022243545454,75,0.62,-2.18,190,ACTIVE_DRYING
51.2,49.5,640.0,72,0,2.7,31.557022243545454,80,0.59,-1.19,185,ACTIVE_DRYING
51.5,49.6,585.0,72,0,2.7,31.557022243545454,85,0.19,-0.21,180,ACTIVE_DRYING
52.9,48.8,659.0,69,0,2.7,31.557022243545454,90,0.9,-1.02,175,ACTIVE_DRYING
52.6,47.0,637.0,72,0,2.7,31.557022243545454,95,-0.32,-0.13,170,ACTIVE_DRYING
53.3,46.0,684.0,69,0,2.7,31.557022243545454,100,0.85,-1.1,165,ACTIVE_DRYING
55.1,44.8,663.0,71,0,2.7,31.557022243545454,105,1.48,-1.29,160,ACTIVE_DRYING
55.8,42.9,707.0,57,0,2.7,31.557022243545454,110,0.7,-1.04,155,ACTIVE_DRYING
56.7,42.4,738.0,54,0,2.7,31.557022243545454,115,1.34,0.08,150,ACTIVE_DRYING
57.8,42.1,752.0,56,0,2.7,31.557022243545454,120,1.26,-0.12,145,ACTIVE_DRYING
58.1,41.1,776.0,53,0,2.7,31.557022243545454,125,-0.22,-1.03,140,ACTIVE_DRYING
58.0,40.1,792.0,53,0,2.7,31.557022243545454,130,0.01,-1.52,135,ACTIVE_DRYING
57.9,39.2,729.0,57,0,2.7,31.557022243545454,135,-0.07,-0.87,130,ACTIVE_DRYING
57.9,38.1,712.0,57,0,2.7,31.557022243545454,140,0.23,-1.97,125,ACTIVE_DRYING
58.1,36.2,771.0,56,0,2.7,31.557022243545454,145,-0.27,-2.59,120,ACTIVE_DRYING
58.3,34.6,749.0,54,0,2.7,31.557022243545454,150,0.18,-1.02,115,STABILIZING
57.3,35.0,691.0,56,0,2.7,31.557022243545454,155,-0.37,0.44,110,STABILIZING
58.7,35.0,763.0,56,0,2.7,31.557022243545454,160,0.59,-1.11,105,STABILIZING
58.8,33.6,657.0,54,0,2.7,31.557022243545454,165,-0.31,-2.02,100,NEAR_COMPLETE
57.8,31.9,660.0,56,0,2.7,31.557022243545454,170,-0.72,-1.89,95,NEAR_COMPLETE
58.4,31.4,657.0,57,0,2.7,31.557022243545454,175,0.16,-1.33,90,NEAR_COMPLETE
57.7,29.9,618.0,53,0,2.7,31.557022243545454,180,-0.58,-2.29,85,NEAR_COMPLETE
58.0,28.8,585.0,54,0,2.7,31.557022243545454,185,-0.01,-1.07,80,NEAR_COMPLETE
58.7,27.5,565.0,57,0,2.7,31.557022243545454,190,-0.33,-1.44,75,NEAR_COMPLETE
57.8,26.7,577.0,54,0,2.7,31.557022243545454,195,-1.03,-0.91,70,NEAR_COMPLETE
58.0,26.5,525.0,56,0,2.7,31.557022243545454,200,0.28,-1.25,65,NEAR_COMPLETE
57.9,24.6,538.0,54,0,2.7,31.557022243545454,205,0.11,-2.39,60,COMPLETE
57.7,23.6,448.0,53,0,2.7,31.557022243545454,210,-0.15,-1.04,55,COMPLETE
57.5,24.5,423.0,55,0,2.7,31.557022243545454,215,-0.23,-0.3,50,COMPLETE
57.3,23.5,341.0,53,0,2.7,31.557022243545454,220,-0.1,-2.01,45,COMPLETE
57.0,22.2,298.0,53,0,2.7,31.557022243545454,225,-0.12,-1.48,40,COMPLETE
57.1,20.0,324.0,57,0,2.7,31.557022243545454,230,0.4,-1.07,35,COMPLETE
57.1,20.4,197.0,56,0,2.7,31.557022243545454,235,-1.2,0.88,30,COMPLETE
55.0,20.1,192.0,56,0,2.7,31.557022243545454,240,-1.88,-0.75,25,COMPLETE
54.2,19.0,203.0,54,0,2.7,31.557022243545454,245,-0.57,-0.64,20,COMPLETE
53.8,19.7,134.0,57,0,2.7,31.557022243545454,250,-0.56,-0.11,15,COMPLETE
51.4,19.1,34.0,55,0,2.7,31.557022243545454,255,-2.25,-0.7,10,COMPLETE
50.5,18.1,0.0,53,0,2.7,31.557022243545454,260,-1.22,-0.56,5,COMPLETE
48.8,18.0,0.0,56,0,2.7,31.557022243545454,265,-1.49,-0.25,0,COMPLETE
35.5,72.0,0.0,42,1,2.6,28.261872396183183,0,-0.27,-0.32,357,INITIAL
39.7,70.7,50.0,48,1,2.6,28.261872396183183,5,4.16,-1.31,352,INITIAL
43.7,69.4,47.0,61,1,2.6,28.261872396183183,10,4.33,-2.14,347,ACTIVE_DRYING
47.4,67.1,116.0,86,1,2.6,28.261872396183183,15,4.12,-1.9,342,ACTIVE_DRYING
51.6,65.3,127.0,87,1,2.6,28.261872396183183,20,4.19,-2.29,337,ACTIVE_DRYING
49.8,63.3,123.0,70,0,2.6,28.261872396183183,25,-1.79,-1.88,332,ACTIVE_DRYING
49.5,60.8,165.0,68,0,2.6,28.261872396183183,30,-0.85,-1.69,327,ACTIVE_DRYING
48.4,59.4,183.0,69,0,2.6,28.261872396183183,35,-1.44,0.12,322,ACTIVE_DRYING
46.8,58.7,228.0,70,0,2.6,28.261872396183183,40,-1.18,-0.42,317,ACTIVE_DRYING
46.9,57.7,337.0,70,0,2.6,28.261872396183183,45,0.37,-0.97,312,ACTIVE_DRYING
46.9,56.5,299.0,68,0,2.6,28.261872396183183,50,0.36,-1.54,307,ACTIVE_DRYING
46.3,54.7,345.0,72,0,2.6,28.261872396183183,55,-0.47,-2.42,302,ACTIVE_DRYING
46.3,53.1,391.0,70,0,2.6,28.261872396183183,60,0.09,-0.53,297,ACTIVE_DRYING
46.4,52.0,418.0,68,0,2.6,28.261872396183183,65,0.17,-0.84,292,ACTIVE_DRYING
46.6,50.7,402.0,72,0,2.6,28.261872396183183,70,0.06,-1.09,287,ACTIVE_DRYING
46.1,49.1,446.0,72,0,2.6,28.261872396183183,75,-0.51,-1.73,282,ACTIVE_DRYING
46.7,48.0,509.0,68,0,2.6,28.261872396183183,80,0.44,-1.13,277,ACTIVE_DRYING
47.0,47.5,553.0,71,0,2.6,28.261872396183183,85,0.11,-0.14,272,ACTIVE_DRYING
47.5,46.8,499.0,71,0,2.6,28.261872396183183,90,0.02,-0.84,267,ACTIVE_DRYING
47.4,45.0,563.0,72,0,2.6,28.261872396183183,95,0.23,-1.03,262,ACTIVE_DRYING
48.7,44.0,541.0,71,0,2.6,28.261872396183183,100,0.94,-0.88,257,ACTIVE_DRYING
50.2,43.3,570.0,56,0,2.6,28.261872396183183,105,0.69,-1.22,252,ACTIVE_DRYING
51.2,40.1,633.0,56,0,2.6,28.261872396183183,110,0.78,-2.05,247,ACTIVE_DRYING
51.6,40.5,651.0,55,0,2.6,28.261872396183183,115,0.55,0.14,242,ACTIVE_DRYING
52.6,39.5,670.0,54,0,2.6,28.261872396183183,120,1.03,-0.35,237,ACTIVE_DRYING
53.7,40.0,635.0,53,0,2.6,28.261872396183183,125,1.31,-0.26,232,ACTIVE_DRYING
54.4,37.4,644.0,54,0,2.6,28.261872396183183,130,0.86,-3.02,227,ACTIVE_DRYING
56.6,38.3,736.0,57,0,2.6,28.261872396183183,135,1.96,-0.5,222,ACTIVE_DRYING
57.8,35.2,709.0,57,0,2.6,28.261872396183183,140,0.89,-3.03,217,NEAR_COMPLETE
57.5,34.5,720.0,54,0,2.6,28.261872396183183,145,0.3,-0.9,212,NEAR_COMPLETE
58.1,33.0,761.0,56,0,2.6,28.261872396183183,150,0.55,-0.41,207,NEAR_COMPLETE
57.8,32.4,752.0,56,0,2.6,28.261872396183183,155,-0.27,-1.11,202,NEAR_COMPLETE
58.1,31.5,764.0,54,0,2.6,28.261872396183183,160,0.19,0.03,197,NEAR_COMPLETE
57.7,31.7,775.0,56,0,2.6,28.261872396183183,165,0.02,1.1,192,NEAR_COMPLETE
57.7,31.4,759.0,54,0,2.6,28.261872396183183,170,0.39,-0.65,187,NEAR_COMPLETE
58.0,30.6,735.0,54,0,2.6,28.261872396183183,175,0.38,-1.47,182,COMPLETE
57.8,29.1,750.0,56,0,2.6,28.261872396183183,180,0.22,-1.57,177,COMPLETE
58.3,27.8,767.0,54,0,2.6,28.261872396183183,185,0.19,-0.75,172,COMPLETE
57.5,26.9,793.0,53,0,2.6,28.261872396183183,190,-0.24,-0.61,167,COMPLETE
57.7,26.6,741.0,54,0,2.6,28.261872396183183,195,0.61,-0.72,162,COMPLETE
58.3,25.1,744.0,55,0,2.6,28.261872396183183,200,0.39,-1.68,157,COMPLETE
58.0,23.3,734.0,53,0,2.6,28.261872396183183,205,-0.19,-1.14,152,COMPLETE
58.1,22.5,737.0,55,0,2.6,28.261872396183183,210,-0.09,0.2,147,COMPLETE
58.0,22.2,660.0,57,0,2.6,28.261872396183183,215,-0.11,-0.66,142,COMPLETE
57.5,20.4,687.0,55,0,2.6,28.261872396183183,220,0.03,-1.01,137,COMPLETE
58.3,20.6,670.0,53,0,2.6,28.261872396183183,225,0.18,-0.48,132,COMPLETE
57.5,19.6,686.0,53,0,2.6,28.261872396183183,230,-0.37,-1.01,127,COMPLETE
58.7,19.0,653.0,54,0,2.6,28.261872396183183,235,0.26,-0.43,122,COMPLETE
57.9,17.6,585.0,53,0,2.6,28.261872396183183,240,-0.52,-0.78,117,COMPLETE
58.0,16.9,621.0,56,0,2.6,28.261872396183183,245,-0.05,0.38,112,COMPLETE
57.6,18.5,581.0,54,0,2.6,28.261872396183183,250,0.1,0.78,107,COMPLETE
58.0,18.2,629.0,55,0,2.6,28.261872396183183,255,0.59,-0.23,102,COMPLETE
57.9,17.7,569.0,53,0,2.6,28.261872396183183,260,0.04,-0.35,97,COMPLETE
57.8,17.0,523.0,56,0,2.6,28.261872396183183,265,0.4,0.38,92,COMPLETE
58.2,18.8,572.0,56,0,2.6,28.261872396183183,270,0.19,0.44,87,COMPLETE
58.5,18.7,506.0,53,0,2.6,28.261872396183183,275,-0.23,-0.73,82,COMPLETE
58.5,18.1,481.0,57,0,2.6,28.261872396183183,280,-0.43,-0.7,77,COMPLETE
57.8,17.6,460.0,53,0,2.6,28.261872396183183,285,-0.41,-0.01,72,COMPLETE
57.9,17.4,402.0,55,0,2.6,28.261872396183183,290,0.19,0.22,67,COMPLETE
58.2,17.8,356.0,56,0,2.6,28.261872396183183,295,-0.17,0.42,62,COMPLETE
57.9,18.3,385.0,53,0,2.6,28.261872396183183,300,-0.47,0.46,57,COMPLETE
57.2,18.8,343.0,55,0,2.6,28.261872396183183,305,-0.21,-0.24,52,COMPLETE
56.8,18.8,297.0,53,0,2.6,28.261872396183183,310,-0.18,-0.69,47,COMPLETE
56.0,18.2,263.0,55,0,2.6,28.261872396183183,315,-0.59,-0.98,42,COMPLETE
55.3,18.0,257.0,54,0,2.6,28.261872396183183,320,-0.89,-0.29,37,COMPLETE
54.3,18.2,200.0,54,0,2.6,28.261872396183183,325,-0.55,0.56,32,COMPLETE
54.8,17.3,236.0,57,0,2.6,28.261872396183183,330,-0.55,-0.27,27,COMPLETE
54.0,16.8,179.0,56,0,2.6,28.261872396183183,335,-1.33,0.69,22,COMPLETE
52.9,18.0,158.0,53,0,2.6,28.261872396183183,340,-1.22,1.01,17,COMPLETE
52.1,17.4,51.0,56,0,2.6,28.261872396183183,345,-0.69,0.22,12,COMPLETE
51.3,17.1,110.0,57,0,2.6,28.261872396183183,350,-1.22,0.8,7,COMPLETE
49.5,18.8,24.0,54,0,2.6,28.261872396183183,355,-1.75,1.18,2,COMPLETE
33.2,72.2,0.0,40,1,2.4,35.216828097360846,0,0.26,0.18,296,INITIAL
36.9,70.2,46.0,49,1,2.4,35.216828097360846,5,4.53,-2.13,291,INITIAL
42.2,69.1,89.0,62,1,2.4,35.216828097360846,10,5.27,-1.87,286,ACTIVE_DRYING
46.8,66.5,117.0,85,1,2.4,35.216828097360846,15,4.03,-2.41,281,ACTIVE_DRYING
49.7,65.5,173.0,87,1,2.4,35.216828097360846,20,2.82,-0.61,276,ACTIVE_DRYING
48.3,64.8,203.0,84,0,2.4,35.216828097360846,25,-1.11,-0.82,271,ACTIVE_DRYING
48.0,63.7,266.0,71,0,2.4,35.216828097360846,30,-0.38,-2.1,266,ACTIVE_DRYING
47.3,61.0,240.0,70,0,2.4,35.216828097360846,35,-0.75,-1.85,261,ACTIVE_DRYING
52.1,61.0,324.0,71,1,2.4,35.216828097360846,40,5.77,-0.35,256,ACTIVE_DRYING
51.9,59.6,420.0,68,0,2.4,35.216828097360846,45,-0.05,-1.13,251,ACTIVE_DRYING
52.2,58.5,398.0,72,0,2.4,35.216828097360846,50,0.46,-1.92,246,ACTIVE_DRYING
51.2,57.5,325.0,71,0,2.4,35.216828097360846,55,-0.6,-1.44,241,ACTIVE_DRYING
51.4,56.2,437.0,72,0,2.4,35.216828097360846,60,0.39,-1.84,236,ACTIVE_DRYING
51.9,54.2,476.0,68,0,2.4,35.216828097360846,65,0.75,-1.98,231,ACTIVE_DRYING
52.0,52.1,489.0,70,0,2.4,35.216828097360846,70,0.11,-1.89,226,ACTIVE_DRYING
52.1,51.9,493.0,70,0,2.4,35.216828097360846,75,-0.2,-0.94,221,ACTIVE_DRYING
53.1,50.7,594.0,70,0,2.4,35.216828097360846,80,0.51,-0.98,216,ACTIVE_DRYING
52.9,49.6,591.0,68,0,2.4,35.216828097360846,85,0.06,-2.33,211,ACTIVE_DRYING
53.5,47.4,576.0,70,0,2.4,35.216828097360846,90,1.27,-1.91,206,ACTIVE_DRYING
54.9,46.2,661.0,72,0,2.4,35.216828097360846,95,1.44,-0.98,201,ACTIVE_DRYING
55.4,46.3,631.0,70,0,2.4,35.216828097360846,100,0.73,0.3,196,ACTIVE_DRYING
56.1,45.5,675.0,71,0,2.4,35.216828097360846,105,1.07,-0.66,191,ACTIVE_DRYING
57.0,43.9,681.0,68,0,2.4,35.216828097360846,110,0.93,-0.98,186,ACTIVE_DRYING
57.4,42.9,709.0,56,0,2.4,35.216828097360846,115,1.53,-1.01,181,ACTIVE_DRYING
57.6,41.5,712.0,55,0,2.4,35.216828097360846,120,0.61,-1.41,176,ACTIVE_DRYING
57.7,41.0,731.0,54,0,2.4,35.216828097360846,125,0.11,-1.65,171,NEAR_COMPLETE
58.1,39.2,681.0,57,0,2.4,35.216828097360846,130,0.73,-1.18,166,NEAR_COMPLETE
58.4,38.5,770.0,56,0,2.4,35.216828097360846,135,-0.44,-0.8,161,NEAR_COMPLETE
58.2,37.2,738.0,55,0,2.4,35.216828097360846,140,-0.33,-1.94,156,NEAR_COMPLETE
58.4,36.0,752.0,56,0,2.4,35.216828097360846,145,-0.31,-1.71,151,NEAR_COMPLETE
57.7,34.9,750.0,56,0,2.4,35.216828097360846,150,-0.27,-1.36,146,NEAR_COMPLETE
57.9,33.4,738.0,57,0,2.4,35.216828097360846,155,0.34,-0.4,141,COMPLETE
58.0,33.1,773.0,55,0,2.4,35.216828097360846,160,0.08,0.05,136,COMPLETE
58.0,33.7,713.0,57,0,2.4,35.216828097360846,165,0.3,-0.65,131,COMPLETE
58.0,30.7,734.0,56,0,2.4,35.216828097360846,170,-0.22,-3.32,126,COMPLETE
58.0,29.4,782.0,54,0,2.4,35.216828097360846,175,-0.01,-0.98,121,COMPLETE
57.8,28.7,707.0,57,0,2.4,35.216828097360846,180,0.1,-1.49,116,COMPLETE
58.6,27.7,654.0,53,0,2.4,35.216828097360846,185,0.61,-1.07,111,COMPLETE
58.4,26.7,711.0,57,0,2.4,35.216828097360846,190,-0.29,-0.8,106,COMPLETE
58.1,26.3,704.0,55,0,2.4,35.216828097360846,195,-0.59,-0.28,101,COMPLETE
58.4,25.6,639.0,53,0,2.4,35.216828097360846,200,0.16,-1.53,96,COMPLETE
57.7,23.9,660.0,57,0,2.4,35.216828097360846,205,-0.43,-1.78,91,COMPLETE
57.9,23.7,626.0,57,0,2.4,35.216828097360846,210,0.18,-0.41,86,COMPLETE
58.4,22.0,649.0,54,0,2.4,35.216828097360846,215,0.53,-1.49,81,COMPLETE
57.8,20.9,523.0,57,0,2.4,35.216828097360846,220,-0.44,-1.1,76,COMPLETE
58.1,19.2,503.0,57,0,2.4,35.216828097360846,225,0.28,-0.91,71,COMPLETE
58.0,19.0,519.0,53,0,2.4,35.216828097360846,230,0.12,0.31,66,COMPLETE
57.7,18.8,427.0,53,0,2.4,35.216828097360846,235,-0.28,-0.73,61,COMPLETE
58.3,19.2,454.0,53,0,2.4,35.216828097360846,240,0.24,-0.15,56,COMPLETE
57.3,17.8,408.0,57,0,2.4,35.216828097360846,245,-0.53,-0.68,51,COMPLETE
57.6,18.0,356.0,56,0,2.4,35.216828097360846,250,0.14,0.52,46,COMPLETE
57.3,18.4,368.0,55,0,2.4,35.216828097360846,255,-0.59,-0.03,41,COMPLETE
56.7,17.8,278.0,53,0,2.4,35.216828097360846,260,-0.99,-0.27,36,COMPLETE
56.4,18.2,275.0,53,0,2.4,35.216828097360846,265,-0.7,-0.27,31,COMPLETE
54.9,17.8,199.0,57,0,2.4,35.216828097360846,270,-1.38,-0.73,26,COMPLETE
53.8,19.4,132.0,54,0,2.4,35.216828097360846,275,-1.22,-0.06,21,COMPLETE
53.0,17.6,186.0,53,0,2.4,35.216828097360846,280,-1.37,-1.58,16,COMPLETE
51.4,18.4,71.0,55,0,2.4,35.216828097360846,285,-1.34,0.2,11,COMPLETE
50.7,18.5,94.0,56,0,2.4,35.216828097360846,290,-0.93,-0.36,6,COMPLETE
48.6,17.9,24.0,57,0,2.4,35.216828097360846,295,-1.87,-0.61,1,COMPLETE
34.6,71.9,4.0,38,1,2.1,33.26087243079338,0,0.02,-0.37,269,INITIAL
39.2,71.0,0.0,51,1,2.1,33.26087243079338,5,4.3,-1.13,264,INITIAL
43.7,69.7,96.0,59,1,2.1,33.26087243079338,10,4.13,-1.26,259,ACTIVE_DRYING
47.6,67.8,138.0,86,1,2.1,33.26087243079338,15,3.55,-1.97,254,ACTIVE_DRYING
52.0,67.3,197.0,87,1,2.1,33.26087243079338,20,3.65,-1.38,249,ACTIVE_DRYING
49.9,65.1,194.0,84,0,2.1,33.26087243079338,25,-1.59,-2.23,244,ACTIVE_DRYING
48.7,63.8,235.0,83,0,2.1,33.26087243079338,30,-0.84,-0.56,239,ACTIVE_DRYING
49.4,62.9,303.0,71,0,2.1,33.26087243079338,35,0.06,-0.35,234,ACTIVE_DRYING
48.9,61.5,328.0,70,0,2.1,33.26087243079338,40,-0.94,-1.11,229,ACTIVE_DRYING
48.9,61.0,371.0,70,0,2.1,33.26087243079338,45,-0.52,-1.88,224,ACTIVE_DRYING
48.6,58.0,391.0,68,0,2.1,33.26087243079338,50,-0.83,-2.88,219,ACTIVE_DRYING
48.9,56.9,458.0,68,0,2.1,33.26087243079338,55,-0.37,-1.59,214,ACTIVE_DRYING
49.0,56.8,482.0,72,0,2.1,33.26087243079338,60,-0.46,-0.32,209,ACTIVE_DRYING
49.2,54.7,520.0,69,0,2.1,33.26087243079338,65,0.07,-1.55,204,ACTIVE_DRYING
49.7,54.0,570.0,68,0,2.1,33.26087243079338,70,0.34,-1.15,199,ACTIVE_DRYING
50.2,53.4,519.0,69,0,2.1,33.26087243079338,75,0.84,-0.67,194,ACTIVE_DRYING
50.6,50.6,594.0,69,0,2.1,33.26087243079338,80,0.53,-1.55,189,ACTIVE_DRYING
51.2,50.3,598.0,69,0,2.1,33.26087243079338,85,0.67,0.11,184,ACTIVE_DRYING
52.2,50.2,677.0,69,0,2.1,33.26087243079338,90,1.07,-1.33,179,ACTIVE_DRYING
53.6,48.6,691.0,68,0,2.1,33.26087243079338,95,1.41,-1.51,174,ACTIVE_DRYING
53.9,48.0,676.0,70,0,2.1,33.26087243079338,100,0.32,-0.74,169,ACTIVE_DRYING
55.2,47.6,714.0,72,0,2.1,33.26087243079338,105,1.58,-0.62,164,ACTIVE_DRYING
56.0,45.2,726.0,71,0,2.1,33.26087243079338,110,0.8,-1.77,159,ACTIVE_DRYING
56.9,44.9,744.0,72,0,2.1,33.26087243079338,115,1.35,-0.34,154,ACTIVE_DRYING
58.1,43.3,726.0,54,0,2.1,33.26087243079338,120,0.79,-0.86,149,ACTIVE_DRYING
58.1,43.3,736.0,55,0,2.1,33.26087243079338,125,0.03,-0.59,144,ACTIVE_DRYING
57.7,41.6,797.0,53,0,2.1,33.26087243079338,130,0.06,-2.05,139,ACTIVE_DRYING
57.8,39.2,723.0,56,0,2.1,33.26087243079338,135,0.26,-2.51,134,ACTIVE_DRYING
58.0,38.0,751.0,57,0,2.1,33.26087243079338,140,0.15,-0.81,129,ACTIVE_DRYING
58.6,37.4,652.0,57,0,2.1,33.26087243079338,145,-0.26,-0.77,124,ACTIVE_DRYING
57.8,37.9,770.0,55,0,2.1,33.26087243079338,150,-0.68,-0.56,119,STABILIZING
58.1,36.1,729.0,56,0,2.1,33.26087243079338,155,0.02,-2.8,114,NEAR_COMPLETE
58.1,33.3,714.0,57,0,2.1,33.26087243079338,160,-0.14,-2.6,109,NEAR_COMPLETE
57.6,33.6,673.0,57,0,2.1,33.26087243079338,165,0.2,-0.45,104,NEAR_COMPLETE
58.0,31.9,628.0,54,0,2.1,33.26087243079338,170,0.71,-1.48,99,NEAR_COMPLETE
58.5,31.6,655.0,54,0,2.1,33.26087243079338,175,0.07,-0.4,94,NEAR_COMPLETE
57.8,30.3,668.0,57,0,2.1,33.26087243079338,180,-0.55,-1.63,89,NEAR_COMPLETE
58.0,29.7,569.0,56,0,2.1,33.26087243079338,185,0.4,-1.53,84,NEAR_COMPLETE
58.4,27.9,606.0,55,0,2.1,33.26087243079338,190,-0.11,-2.19,79,COMPLETE
58.0,25.9,541.0,53,0,2.1,33.26087243079338,195,-0.1,-1.71,74,COMPLETE
58.1,25.2,536.0,55,0,2.1,33.26087243079338,200,-0.07,-0.48,69,COMPLETE
58.0,24.7,491.0,55,0,2.1,33.26087243079338,205,0.02,-1.03,64,COMPLETE
58.1,23.7,468.0,55,0,2.1,33.26087243079338,210,0.19,-0.74,59,COMPLETE
58.5,23.2,388.0,54,0,2.1,33.26087243079338,215,-0.17,-0.37,54,COMPLETE
57.3,22.2,443.0,55,0,2.1,33.26087243079338,220,-0.49,-1.38,49,COMPLETE
57.7,21.9,378.0,55,0,2.1,33.26087243079338,225,0.12,-0.35,44,COMPLETE
56.9,21.0,336.0,53,0,2.1,33.26087243079338,230,-0.08,-0.85,39,COMPLETE
55.9,21.1,233.0,57,0,2.1,33.26087243079338,235,-0.83,-0.59,34,COMPLETE
55.3,19.9,239.0,55,0,2.1,33.26087243079338,240,-0.1,-1.62,29,COMPLETE
55.6,18.2,190.0,55,0,2.1,33.26087243079338,245,-0.05,-2.25,24,COMPLETE
54.7,18.4,194.0,56,0,2.1,33.26087243079338,250,-0.71,-0.37,19,COMPLETE
53.1,18.5,78.0,54,0,2.1,33.26087243079338,255,-1.4,-0.09,14,COMPLETE
52.0,18.1,76.0,56,0,2.1,33.26087243079338,260,-0.98,-0.76,9,COMPLETE
51.2,17.9,27.0,57,0,2.1,33.26087243079338,265,-1.21,-0.24,4,COMPLETE
35.1,72.0,26.0,40,1,1.7,34.93473733417673,0,-0.12,-0.56,224,INITIAL
39.6,69.7,71.0,52,1,1.7,34.93473733417673,5,4.22,-2.5,219,INITIAL
44.2,68.0,157.0,58,1,1.7,34.93473733417673,10,4.2,-1.03,214,ACTIVE_DRYING
48.2,66.0,201.0,87,1,1.7,34.93473733417673,15,3.56,-1.85,209,ACTIVE_DRYING
47.5,64.6,201.0,83,0,1.7,34.93473733417673,20,-1.39,-0.99,204,ACTIVE_DRYING
51.9,62.1,291.0,71,1,1.7,34.93473733417673,25,4.36,-1.86,199,ACTIVE_DRYING
51.2,62.2,337.0,68,0,1.7,34.93473733417673,30,-0.52,-0.12,194,ACTIVE_DRYING
51.0,59.7,280.0,72,0,1.7,34.93473733417673,35,-0.25,-1.89,189,ACTIVE_DRYING
51.0,59.1,431.0,69,0,1.7,34.93473733417673,40,-0.1,-1.27,184,ACTIVE_DRYING
51.2,56.2,408.0,71,0,1.7,34.93473733417673,45,-0.47,-2.26,179,ACTIVE_DRYING
51.5,55.6,548.0,69,0,1.7,34.93473733417673,50,0.47,-0.93,174,ACTIVE_DRYING
52.1,54.1,603.0,69,0,1.7,34.93473733417673,55,0.93,-1.71,169,ACTIVE_DRYING
52.1,52.8,551.0,72,0,1.7,34.93473733417673,60,0.42,-0.66,164,ACTIVE_DRYING
53.3,51.8,620.0,72,0,1.7,34.93473733417673,65,1.15,-1.13,159,ACTIVE_DRYING
54.3,50.0,600.0,70,0,1.7,34.93473733417673,70,0.88,-1.89,154,ACTIVE_DRYING
55.3,48.3,641.0,68,0,1.7,34.93473733417673,75,0.76,-1.53,149,ACTIVE_DRYING
56.3,46.4,659.0,69,0,1.7,34.93473733417673,80,1.07,-1.42,144,ACTIVE_DRYING
57.5,46.7,679.0,72,0,1.7,34.93473733417673,85,1.11,-0.07,139,ACTIVE_DRYING
57.8,45.2,683.0,72,0,1.7,34.93473733417673,90,0.99,-1.3,134,ACTIVE_DRYING
57.5,44.3,700.0,69,0,1.7,34.93473733417673,95,0.22,-0.87,129,ACTIVE_DRYING
57.9,43.6,715.0,57,0,1.7,34.93473733417673,100,0.33,-0.25,124,ACTIVE_DRYING
57.9,42.1,727.0,55,0,1.7,34.93473733417673,105,0.06,-1.08,119,ACTIVE_DRYING
57.5,41.7,775.0,54,0,1.7,34.93473733417673,110,0.31,-1.21,114,ACTIVE_DRYING
57.9,39.0,767.0,55,0,1.7,34.93473733417673,115,1.12,-1.97,109,ACTIVE_DRYING
57.6,39.4,723.0,57,0,1.7,34.93473733417673,120,-0.17,-0.05,104,NEAR_COMPLETE
57.4,38.5,742.0,54,0,1.7,34.93473733417673,125,0.56,-0.71,99,NEAR_COMPLETE
58.3,38.1,719.0,55,0,1.7,34.93473733417673,130,0.5,-0.97,94,NEAR_COMPLETE
58.1,37.9,770.0,54,0,1.7,34.93473733417673,135,-0.59,-0.88,89,NEAR_COMPLETE
58.0,35.7,756.0,53,0,1.7,34.93473733417673,140,0.02,-2.83,84,NEAR_COMPLETE
58.4,34.9,694.0,54,0,1.7,34.93473733417673,145,-0.04,-1.0,79,NEAR_COMPLETE
57.9,33.5,673.0,56,0,1.7,34.93473733417673,150,-0.2,-1.15,74,COMPLETE
57.8,32.1,619.0,53,0,1.7,34.93473733417673,155,-0.06,-1.03,69,COMPLETE
57.4,31.5,601.0,57,0,1.7,34.93473733417673,160,0.2,-1.42,64,COMPLETE
57.9,30.2,558.0,57,0,1.7,34.93473733417673,165,0.11,-1.23,59,COMPLETE
57.9,29.8,517.0,53,0,1.7,34.93473733417673,170,0.22,-0.68,54,COMPLETE
57.8,28.7,511.0,56,0,1.7,34.93473733417673,175,0.58,-1.38,49,COMPLETE
58.1,27.5,449.0,56,0,1.7,34.93473733417673,180,0.34,-0.95,44,COMPLETE
57.3,26.9,329.0,55,0,1.7,34.93473733417673,185,-0.8,-0.21,39,COMPLETE
56.5,26.1,262.0,54,0,1.7,34.93473733417673,190,-1.07,-0.83,34,COMPLETE
56.6,26.4,280.0,55,0,1.7,34.93473733417673,195,-0.35,-0.52,29,COMPLETE
55.6,24.7,213.0,55,0,1.7,34.93473733417673,200,-1.23,-1.99,24,COMPLETE
54.8,24.1,199.0,54,0,1.7,34.93473733417673,205,-1.26,-0.91,19,COMPLETE
53.7,23.6,176.0,54,0,1.7,34.93473733417673,210,-1.28,-1.48,14,COMPLETE
51.8,21.6,74.0,57,0,1.7,34.93473733417673,215,-1.34,-1.52,9,COMPLETE
50.3,21.3,0.0,57,0,1.7,34.93473733417673,220,-0.73,-0.16,4,COMPLETE
35.2,74.1,0.0,42,1,1.2,34.85257417203286,0,-0.03,0.14,262,INITIAL
39.7,72.7,51.0,52,1,1.2,34.85257417203286,5,4.2,-1.44,257,INITIAL
44.5,70.4,55.0,59,1,1.2,34.85257417203286,10,4.77,-2.43,252,ACTIVE_DRYING
47.9,69.3,145.0,87,1,1.2,34.85257417203286,15,3.83,-1.81,247,ACTIVE_DRYING
47.2,66.8,225.0,85,0,1.2,34.85257417203286,20,-0.68,-2.33,242,ACTIVE_DRYING
51.5,65.0,296.0,84,1,1.2,34.85257417203286,25,4.45,-1.46,237,ACTIVE_DRYING
51.0,64.8,283.0,83,0,1.2,34.85257417203286,30,-0.58,-0.21,232,ACTIVE_DRYING
49.6,64.3,274.0,70,0,1.2,34.85257417203286,35,-1.23,-1.05,227,ACTIVE_DRYING
49.7,63.1,347.0,71,0,1.2,34.85257417203286,40,0.87,-1.31,222,ACTIVE_DRYING
50.3,61.0,397.0,72,0,1.2,34.85257417203286,45,0.36,-1.27,217,ACTIVE_DRYING
50.8,61.1,423.0,69,0,1.2,34.85257417203286,50,-0.1,-0.74,212,ACTIVE_DRYING
50.5,58.7,476.0,68,0,1.2,34.85257417203286,55,-0.79,-0.39,207,ACTIVE_DRYING
50.6,58.1,492.0,70,0,1.2,34.85257417203286,60,-0.18,-0.36,202,ACTIVE_DRYING
51.1,57.8,500.0,71,0,1.2,34.85257417203286,65,0.55,-0.42,197,ACTIVE_DRYING
51.3,56.8,578.0,69,0,1.2,34.85257417203286,70,0.76,-1.54,192,ACTIVE_DRYING
52.1,55.1,559.0,70,0,1.2,34.85257417203286,75,0.69,-2.16,187,ACTIVE_DRYING
53.1,54.4,620.0,70,0,1.2,34.85257417203286,80,1.49,-1.68,182,ACTIVE_DRYING
54.1,52.3,624.0,71,0,1.2,34.85257417203286,85,1.06,-1.41,177,ACTIVE_DRYING
55.2,50.3,638.0,70,0,1.2,34.85257417203286,90,0.92,-1.65,172,ACTIVE_DRYING
55.9,50.1,661.0,72,0,1.2,34.85257417203286,95,0.81,-0.43,167,ACTIVE_DRYING
56.1,49.3,676.0,68,0,1.2,34.85257417203286,100,0.76,-0.39,162,ACTIVE_DRYING
57.2,48.0,695.0,69,0,1.2,34.85257417203286,105,1.5,-0.4,157,ACTIVE_DRYING
57.9,46.9,710.0,68,0,1.2,34.85257417203286,110,0.47,-1.88,152,ACTIVE_DRYING
58.1,45.6,751.0,71,0,1.2,34.85257417203286,115,0.29,-1.58,147,ACTIVE_DRYING
58.2,45.8,709.0,69,0,1.2,34.85257417203286,120,-0.34,-1.04,142,ACTIVE_DRYING
58.1,44.8,810.0,71,0,1.2,34.85257417203286,125,-0.01,-1.65,137,ACTIVE_DRYING
58.3,41.8,714.0,53,0,1.2,34.85257417203286,130,0.12,-2.12,132,ACTIVE_DRYING
58.5,41.8,736.0,56,0,1.2,34.85257417203286,135,-0.12,-0.14,127,ACTIVE_DRYING
58.0,40.9,761.0,55,0,1.2,34.85257417203286,140,-0.62,-1.32,122,NEAR_COMPLETE
58.3,40.0,746.0,53,0,1.2,34.85257417203286,145,-0.25,-2.15,117,NEAR_COMPLETE
57.8,39.0,740.0,54,0,1.2,34.85257417203286,150,-0.42,-1.73,112,NEAR_COMPLETE
57.8,37.3,684.0,57,0,1.2,34.85257417203286,155,-0.25,-1.3,107,NEAR_COMPLETE
58.1,36.8,704.0,56,0,1.2,34.85257417203286,160,0.25,-1.38,102,NEAR_COMPLETE
58.1,35.1,660.0,55,0,1.2,34.85257417203286,165,-0.0,-2.27,97,NEAR_COMPLETE
57.8,34.6,675.0,56,0,1.2,34.85257417203286,170,0.34,-1.22,92,COMPLETE
58.4,32.7,633.0,54,0,1.2,34.85257417203286,175,0.02,-1.91,87,COMPLETE
58.5,32.3,624.0,57,0,1.2,34.85257417203286,180,-0.5,0.2,82,COMPLETE
57.5,31.3,617.0,57,0,1.2,34.85257417203286,185,-0.9,-1.2,77,COMPLETE
58.1,30.8,604.0,55,0,1.2,34.85257417203286,190,0.51,-0.5,72,COMPLETE
57.7,29.7,551.0,57,0,1.2,34.85257417203286,195,0.0,-0.37,67,COMPLETE
57.8,29.2,509.0,55,0,1.2,34.85257417203286,200,0.6,-0.63,62,COMPLETE
58.4,27.7,459.0,55,0,1.2,34.85257417203286,205,0.47,-0.84,57,COMPLETE
57.0,27.8,436.0,54,0,1.2,34.85257417203286,210,-0.78,0.17,52,COMPLETE
57.3,27.0,390.0,54,0,1.2,34.85257417203286,215,0.79,-1.28,47,COMPLETE
57.6,26.3,420.0,54,0,1.2,34.85257417203286,220,0.41,-0.64,42,COMPLETE
57.2,27.6,306.0,57,0,1.2,34.85257417203286,225,-0.6,0.07,37,COMPLETE
56.8,26.1,310.0,54,0,1.2,34.85257417203286,230,-0.43,-1.48,32,COMPLETE
56.0,25.2,234.0,56,0,1.2,34.85257417203286,235,-0.34,-1.03,27,COMPLETE
55.5,23.8,188.0,57,0,1.2,34.85257417203286,240,-0.31,-0.93,22,COMPLETE
55.1,23.8,133.0,54,0,1.2,34.85257417203286,245,-0.8,-0.53,17,COMPLETE
53.6,21.6,118.0,53,0,1.2,34.85257417203286,250,-1.43,-1.45,12,COMPLETE
52.6,21.6,117.0,57,0,1.2,34.85257417203286,255,-0.8,-0.36,7,COMPLETE
51.1,19.2,16.0,57,0,1.2,34.85257417203286,260,-1.45,-1.54,2,COMPLETE
34.9,70.4,17.0,39,1,1.6,31.76523037165911,0,0.1,-0.45,302,INITIAL
38.5,68.7,43.0,52,1,1.6,31.76523037165911,5,4.09,-1.86,297,INITIAL
42.5,67.7,27.0,61,1,1.6,31.76523037165911,10,3.87,-1.42,292,ACTIVE_DRYING
46.4,65.8,166.0,87,1,1.6,31.76523037165911,15,3.46,-1.92,287,ACTIVE_DRYING
49.6,64.5,139.0,87,1,1.6,31.76523037165911,20,3.84,-0.98,282,ACTIVE_DRYING
49.7,62.9,142.0,68,0,1.6,31.76523037165911,25,-0.17,-2.01,277,ACTIVE_DRYING
48.6,61.2,221.0,71,0,1.6,31.76523037165911,30,-1.14,-2.34,272,ACTIVE_DRYING
48.5,59.4,355.0,70,0,1.6,31.76523037165911,35,-0.06,-0.41,267,ACTIVE_DRYING
48.3,58.9,334.0,69,0,1.6,31.76523037165911,40,-0.75,-0.15,262,ACTIVE_DRYING
47.1,58.2,304.0,68,0,1.6,31.76523037165911,45,-0.83,-1.35,257,ACTIVE_DRYING
47.5,56.1,375.0,72,0,1.6,31.76523037165911,50,0.18,-2.08,252,ACTIVE_DRYING
47.3,54.9,394.0,68,0,1.6,31.76523037165911,55,-0.22,-1.13,247,ACTIVE_DRYING
47.4,52.9,436.0,70,0,1.6,31.76523037165911,60,0.09,-1.39,242,ACTIVE_DRYING
47.6,53.6,455.0,71,0,1.6,31.76523037165911,65,0.41,0.08,237,ACTIVE_DRYING
47.6,50.7,460.0,71,0,1.6,31.76523037165911,70,0.13,-3.37,232,ACTIVE_DRYING
48.5,49.1,540.0,68,0,1.6,31.76523037165911,75,0.02,-0.61,227,ACTIVE_DRYING
48.7,47.6,546.0,69,0,1.6,31.76523037165911,80,0.58,-0.62,222,ACTIVE_DRYING
49.1,46.7,509.0,71,0,1.6,31.76523037165911,85,0.34,-1.1,217,ACTIVE_DRYING
49.0,45.7,645.0,70,0,1.6,31.76523037165911,90,0.65,-1.67,212,ACTIVE_DRYING
49.9,44.8,614.0,69,0,1.6,31.76523037165911,95,1.03,-1.4,207,ACTIVE_DRYING
51.2,43.7,640.0,57,0,1.6,31.76523037165911,100,1.42,-1.33,202,ACTIVE_DRYING
52.1,42.2,607.0,54,0,1.6,31.76523037165911,105,0.95,-1.27,197,ACTIVE_DRYING
53.4,40.9,700.0,54,0,1.6,31.76523037165911,110,0.96,-1.41,192,ACTIVE_DRYING
53.7,40.3,771.0,54,0,1.6,31.76523037165911,115,0.56,-0.4,187,ACTIVE_DRYING
54.8,39.1,695.0,54,0,1.6,31.76523037165911,120,0.86,-0.86,182,ACTIVE_DRYING
56.4,38.1,683.0,54,0,1.6,31.76523037165911,125,1.22,-0.17,177,ACTIVE_DRYING
57.3,37.8,719.0,55,0,1.6,31.76523037165911,130,0.86,-0.26,172,ACTIVE_DRYING
58.1,36.8,762.0,55,0,1.6,31.76523037165911,135,0.89,-0.61,167,ACTIVE_DRYING
57.8,36.5,772.0,57,0,1.6,31.76523037165911,140,-0.28,-0.8,162,ACTIVE_DRYING
57.8,34.8,707.0,55,0,1.6,31.76523037165911,145,-0.22,-1.8,157,ACTIVE_DRYING
57.9,34.0,731.0,55,0,1.6,31.76523037165911,150,0.11,-1.33,152,ACTIVE_DRYING
58.2,34.2,780.0,54,0,1.6,31.76523037165911,155,0.18,-1.14,147,ACTIVE_DRYING
58.1,31.4,788.0,54,0,1.6,31.76523037165911,160,-0.48,-1.64,142,NEAR_COMPLETE
58.7,31.8,799.0,56,0,1.6,31.76523037165911,165,-0.04,0.14,137,NEAR_COMPLETE
58.1,29.7,763.0,55,0,1.6,31.76523037165911,170,-0.94,-1.59,132,NEAR_COMPLETE
57.9,29.5,747.0,57,0,1.6,31.76523037165911,175,-0.26,0.3,127,NEAR_COMPLETE
58.1,28.7,744.0,55,0,1.6,31.76523037165911,180,-0.26,-0.88,122,NEAR_COMPLETE
58.6,29.8,763.0,56,0,1.6,31.76523037165911,185,-0.46,-0.05,117,NEAR_COMPLETE
57.9,28.5,687.0,54,0,1.6,31.76523037165911,190,-0.49,-1.73,112,NEAR_COMPLETE
57.7,27.6,662.0,57,0,1.6,31.76523037165911,195,0.08,-1.9,107,NEAR_COMPLETE
57.7,26.6,656.0,56,0,1.6,31.76523037165911,200,0.69,-1.35,102,COMPLETE
58.2,25.0,656.0,57,0,1.6,31.76523037165911,205,0.2,-0.73,97,COMPLETE
58.2,24.2,546.0,57,0,1.6,31.76523037165911,210,-0.39,-0.7,92,COMPLETE
58.1,24.1,577.0,57,0,1.6,31.76523037165911,215,0.15,-0.76,87,COMPLETE
57.9,23.8,575.0,56,0,1.6,31.76523037165911,220,-0.14,-0.68,82,COMPLETE
58.0,22.5,524.0,57,0,1.6,31.76523037165911,225,0.31,-0.95,77,COMPLETE
58.5,20.9,518.0,57,0,1.6,31.76523037165911,230,-0.5,-0.06,72,COMPLETE
58.1,22.2,489.0,56,0,1.6,31.76523037165911,235,-0.28,0.67,67,COMPLETE
57.8,20.6,380.0,54,0,1.6,31.76523037165911,240,-0.92,-0.69,62,COMPLETE
56.9,21.5,415.0,55,0,1.6,31.76523037165911,245,-1.01,0.56,57,COMPLETE
57.5,20.7,412.0,56,0,1.6,31.76523037165911,250,0.31,-0.74,52,COMPLETE
57.1,19.9,380.0,54,0,1.6,31.76523037165911,255,-0.18,-0.71,47,COMPLETE
56.4,19.1,284.0,56,0,1.6,31.76523037165911,260,0.03,-0.31,42,COMPLETE
56.1,18.6,356.0,54,0,1.6,31.76523037165911,265,0.35,0.75,37,COMPLETE
56.1,18.7,243.0,57,0,1.6,31.76523037165911,270,0.41,-0.29,32,COMPLETE
55.2,17.6,183.0,57,0,1.6,31.76523037165911,275,-0.96,-1.02,27,COMPLETE
53.4,17.6,176.0,57,0,1.6,31.76523037165911,280,-1.24,0.64,22,COMPLETE
53.2,18.3,154.0,57,0,1.6,31.76523037165911,285,-0.16,0.47,17,COMPLETE
52.1,17.7,77.0,53,0,1.6,31.76523037165911,290,-0.61,-0.5,12,COMPLETE
50.7,18.5,79.0,55,0,1.6,31.76523037165911,295,-0.92,0.22,7,COMPLETE
49.3,17.2,34.0,57,0,1.6,31.76523037165911,300,-1.58,-0.64,2,COMPLETE
35.8,76.0,37.0,40,1,2.4,28.623362802676912,0,0.27,-0.0,261,INITIAL
39.6,75.0,0.0,49,1,2.4,28.623362802676912,5,3.55,-1.01,256,INITIAL
43.5,74.1,35.0,62,1,2.4,28.623362802676912,10,3.38,-1.9,251,ACTIVE_DRYING
46.3,72.2,115.0,86,1,2.4,28.623362802676912,15,3.34,-2.41,246,ACTIVE_DRYING
50.6,70.8,186.0,83,1,2.4,28.623362802676912,20,4.28,-1.92,241,ACTIVE_DRYING
48.8,68.2,205.0,83,0,2.4,28.623362802676912,25,-1.49,-2.51,236,ACTIVE_DRYING
47.5,65.4,199.0,86,0,2.4,28.623362802676912,30,-0.71,-2.54,231,ACTIVE_DRYING
46.5,64.2,278.0,84,0,2.4,28.623362802676912,35,-0.52,-1.66,226,ACTIVE_DRYING
52.0,63.0,377.0,72,1,2.4,28.623362802676912,40,5.77,-2.6,221,ACTIVE_DRYING
51.5,60.8,388.0,72,0,2.4,28.623362802676912,45,0.16,-2.34,216,ACTIVE_DRYING
51.6,58.1,388.0,68,0,2.4,28.623362802676912,50,-0.24,-2.08,211,ACTIVE_DRYING
51.3,56.7,458.0,72,0,2.4,28.623362802676912,55,0.42,-1.44,206,ACTIVE_DRYING
51.1,54.7,503.0,69,0,2.4,28.623362802676912,60,-0.38,-1.84,201,ACTIVE_DRYING
52.2,54.8,536.0,69,0,2.4,28.623362802676912,65,1.12,-0.86,196,ACTIVE_DRYING
52.5,51.3,537.0,70,0,2.4,28.623362802676912,70,0.62,-3.22,191,ACTIVE_DRYING
52.8,49.2,585.0,69,0,2.4,28.623362802676912,75,0.73,-1.29,186,ACTIVE_DRYING
54.5,49.0,668.0,68,0,2.4,28.623362802676912,80,1.89,-0.48,181,ACTIVE_DRYING
55.2,47.6,625.0,71,0,2.4,28.623362802676912,85,0.48,-1.34,176,ACTIVE_DRYING
55.0,46.5,710.0,70,0,2.4,28.623362802676912,90,0.27,-0.34,171,ACTIVE_DRYING
56.8,45.5,676.0,70,0,2.4,28.623362802676912,95,1.84,-0.15,166,ACTIVE_DRYING
57.7,45.1,684.0,69,0,2.4,28.623362802676912,100,0.25,-0.95,161,ACTIVE_DRYING
57.9,43.0,716.0,57,0,2.4,28.623362802676912,105,-0.01,-2.77,156,ACTIVE_DRYING
58.5,42.2,792.0,53,0,2.4,28.623362802676912,110,0.24,-0.6,151,ACTIVE_DRYING
57.8,41.4,764.0,54,0,2.4,28.623362802676912,115,-0.74,-0.82,146,NEAR_COMPLETE
58.5,39.2,821.0,56,0,2.4,28.623362802676912,120,0.09,-1.73,141,NEAR_COMPLETE
57.9,37.2,726.0,54,0,2.4,28.623362802676912,125,-0.6,-1.52,136,NEAR_COMPLETE
58.1,37.2,746.0,54,0,2.4,28.623362802676912,130,-0.05,-0.46,131,NEAR_COMPLETE
57.8,36.2,750.0,55,0,2.4,28.623362802676912,135,-0.03,-0.98,126,NEAR_COMPLETE
58.7,35.7,706.0,55,0,2.4,28.623362802676912,140,0.08,-1.36,121,NEAR_COMPLETE
57.7,33.5,754.0,56,0,2.4,28.623362802676912,145,-0.91,-2.67,116,COMPLETE
57.8,31.8,754.0,55,0,2.4,28.623362802676912,150,0.25,-0.76,111,COMPLETE
58.0,31.4,737.0,53,0,2.4,28.623362802676912,155,-0.08,-0.44,106,COMPLETE
58.5,30.8,682.0,55,0,2.4,28.623362802676912,160,0.11,-1.22,101,COMPLETE
57.8,29.9,704.0,56,0,2.4,28.623362802676912,165,-0.48,-1.23,96,COMPLETE
58.2,29.4,707.0,56,0,2.4,28.623362802676912,170,0.01,-0.5,91,COMPLETE
58.0,28.2,608.0,57,0,2.4,28.623362802676912,175,-0.37,-0.87,86,COMPLETE
57.7,26.9,591.0,54,0,2.4,28.623362802676912,180,-0.07,-0.97,81,COMPLETE
58.2,25.9,608.0,55,0,2.4,28.623362802676912,185,0.13,-0.83,76,COMPLETE
58.4,26.5,577.0,54,0,2.4,28.623362802676912,190,0.15,0.13,71,COMPLETE
58.0,24.5,484.0,54,0,2.4,28.623362802676912,195,-0.38,-1.19,66,COMPLETE
57.6,23.9,509.0,54,0,2.4,28.623362802676912,200,0.11,-0.29,61,COMPLETE
57.9,24.1,423.0,56,0,2.4,28.623362802676912,205,0.49,-0.05,56,COMPLETE
57.8,24.1,424.0,54,0,2.4,28.623362802676912,210,0.22,-0.49,51,COMPLETE
57.7,23.7,386.0,55,0,2.4,28.623362802676912,215,0.63,-0.92,46,COMPLETE
57.3,23.0,333.0,57,0,2.4,28.623362802676912,220,-0.05,-0.91,41,COMPLETE
57.1,22.5,265.0,56,0,2.4,28.623362802676912,225,-0.44,-1.9,36,COMPLETE
56.2,20.3,280.0,56,0,2.4,28.623362802676912,230,-0.65,-1.96,31,COMPLETE
55.8,21.1,228.0,54,0,2.4,28.623362802676912,235,-0.82,-0.08,26,COMPLETE
54.6,20.5,172.0,57,0,2.4,28.623362802676912,240,-1.14,-1.11,21,COMPLETE
53.6,18.4,169.0,53,0,2.4,28.623362802676912,245,-1.34,-0.97,16,COMPLETE
51.6,19.3,44.0,57,0,2.4,28.623362802676912,250,-1.39,0.48,11,COMPLETE
50.8,18.8,71.0,54,0,2.4,28.623362802676912,255,-0.98,-1.73,6,COMPLETE
48.6,18.4,24.0,55,0,2.4,28.623362802676912,260,-2.34,-0.91,1,COMPLETE
35.1,70.8,0.0,42,1,2.3,36.787958861815575,0,-0.01,0.66,182,INITIAL
38.5,70.1,40.0,52,1,2.3,36.787958861815575,5,3.85,-0.98,177,INITIAL
43.4,68.4,152.0,58,1,2.3,36.787958861815575,10,5.11,-2.0,172,ACTIVE_DRYING
47.0,66.4,193.0,84,1,2.3,36.787958861815575,15,4.35,-1.6,167,ACTIVE_DRYING
51.7,64.7,293.0,87,1,2.3,36.787958861815575,20,4.63,-0.84,162,ACTIVE_DRYING
51.5,64.5,332.0,85,0,2.3,36.787958861815575,25,-0.4,-0.3,157,ACTIVE_DRYING
51.0,62.7,367.0,69,0,2.3,36.787958861815575,30,-0.12,-1.78,152,ACTIVE_DRYING
51.5,61.8,400.0,72,0,2.3,36.787958861815575,35,0.4,-1.24,147,ACTIVE_DRYING
51.7,60.3,472.0,69,0,2.3,36.787958861815575,40,-0.34,-1.19,142,ACTIVE_DRYING
51.4,59.2,526.0,69,0,2.3,36.787958861815575,45,-0.22,-0.67,137,ACTIVE_DRYING
52.6,58.6,559.0,70,0,2.3,36.787958861815575,50,0.83,-1.08,132,ACTIVE_DRYING
52.8,55.3,613.0,68,0,2.3,36.787958861815575,55,0.32,-2.2,127,ACTIVE_DRYING
54.4,54.5,633.0,72,0,2.3,36.787958861815575,60,0.88,-0.25,122,ACTIVE_DRYING
54.5,53.4,669.0,71,0,2.3,36.787958861815575,65,0.21,-2.16,117,ACTIVE_DRYING
55.5,52.6,710.0,69,0,2.3,36.787958861815575,70,1.37,-1.56,112,ACTIVE_DRYING
56.4,50.7,739.0,69,0,2.3,36.787958861815575,75,1.25,-1.93,107,ACTIVE_DRYING
57.4,49.6,748.0,68,0,2.3,36.787958861815575,80,1.23,-1.41,102,ACTIVE_DRYING
57.4,47.8,709.0,68,0,2.3,36.787958861815575,85,0.55,-1.53,97,ACTIVE_DRYING
58.1,47.1,707.0,68,0,2.3,36.787958861815575,90,0.73,-1.08,92,ACTIVE_DRYING
58.1,45.9,736.0,72,0,2.3,36.787958861815575,95,-0.12,-1.96,87,ACTIVE_DRYING
58.3,44.6,730.0,53,0,2.3,36.787958861815575,100,-0.14,-1.16,82,ACTIVE_DRYING
57.6,44.2,723.0,57,0,2.3,36.787958861815575,105,-0.26,-1.55,77,STABILIZING
58.6,42.4,692.0,55,0,2.3,36.787958861815575,110,0.29,-1.73,72,STABILIZING
58.1,41.6,660.0,54,0,2.3,36.787958861815575,115,-0.73,-0.94,67,STABILIZING
58.2,40.6,631.0,56,0,2.3,36.787958861815575,120,-0.09,-1.64,62,STABILIZING
57.8,38.2,641.0,56,0,2.3,36.787958861815575,125,0.02,-2.03,57,NEAR_COMPLETE
58.4,37.5,626.0,54,0,2.3,36.787958861815575,130,0.23,-0.88,52,NEAR_COMPLETE
58.0,37.3,556.0,53,0,2.3,36.787958861815575,135,-0.25,-0.49,47,NEAR_COMPLETE
58.2,36.4,573.0,53,0,2.3,36.787958861815575,140,0.32,-1.04,42,NEAR_COMPLETE
58.0,34.8,473.0,57,0,2.3,36.787958861815575,145,0.17,-1.36,37,NEAR_COMPLETE
58.0,34.9,342.0,53,0,2.3,36.787958861815575,150,-0.06,-0.01,32,NEAR_COMPLETE
57.2,34.2,351.0,57,0,2.3,36.787958861815575,155,-0.78,-0.95,27,COMPLETE
56.8,32.7,248.0,56,0,2.3,36.787958861815575,160,-0.55,-0.99,22,COMPLETE
56.3,31.7,199.0,56,0,2.3,36.787958861815575,165,-0.93,-1.43,17,COMPLETE
54.5,30.3,158.0,53,0,2.3,36.787958861815575,170,-1.36,-1.44,12,COMPLETE
52.7,28.0,68.0,56,0,2.3,36.787958861815575,175,-1.74,-1.37,7,COMPLETE
51.2,27.5,48.0,57,0,2.3,36.787958861815575,180,-1.3,-0.14,2,COMPLETE
32.7,71.7,2.0,41,1,1.6,38.78436530395234,0,-0.05,0.09,306,INITIAL
37.1,71.9,27.0,50,1,1.6,38.78436530395234,5,4.56,-0.03,301,INITIAL
41.8,70.7,130.0,61,1,1.6,38.78436530395234,10,4.28,-1.14,296,ACTIVE_DRYING
45.8,69.4,113.0,84,1,1.6,38.78436530395234,15,4.03,-0.97,291,ACTIVE_DRYING
50.3,67.2,166.0,83,1,1.6,38.78436530395234,20,3.84,-1.28,286,ACTIVE_DRYING
48.5,66.4,183.0,84,0,1.6,38.78436530395234,25,-1.99,-0.53,281,ACTIVE_DRYING
47.6,64.3,309.0,87,0,1.6,38.78436530395234,30,-1.05,-1.81,276,ACTIVE_DRYING
52.6,64.4,274.0,71,1,1.6,38.78436530395234,35,4.67,-0.98,271,ACTIVE_DRYING
51.4,61.9,268.0,68,0,1.6,38.78436530395234,40,-0.73,-2.54,266,ACTIVE_DRYING
51.2,60.5,301.0,68,0,1.6,38.78436530395234,45,0.33,-1.88,261,ACTIVE_DRYING
50.7,58.6,390.0,70,0,1.6,38.78436530395234,50,-0.91,-1.68,256,ACTIVE_DRYING
50.8,56.7,389.0,68,0,1.6,38.78436530395234,55,0.54,-0.95,251,ACTIVE_DRYING
50.8,55.9,422.0,70,0,1.6,38.78436530395234,60,-0.21,-1.45,246,ACTIVE_DRYING
51.5,55.3,515.0,69,0,1.6,38.78436530395234,65,0.56,-0.83,241,ACTIVE_DRYING
51.5,55.0,487.0,72,0,1.6,38.78436530395234,70,-0.13,0.29,236,ACTIVE_DRYING
51.9,54.2,489.0,69,0,1.6,38.78436530395234,75,-0.03,-0.77,231,ACTIVE_DRYING
52.6,52.9,610.0,71,0,1.6,38.78436530395234,80,0.64,-1.29,226,ACTIVE_DRYING
53.2,52.2,601.0,70,0,1.6,38.78436530395234,85,0.19,-1.16,221,ACTIVE_DRYING
53.2,50.7,577.0,72,0,1.6,38.78436530395234,90,0.44,-1.39,216,ACTIVE_DRYING
53.3,50.3,629.0,68,0,1.6,38.78436530395234,95,0.39,-0.31,211,ACTIVE_DRYING
54.1,49.0,644.0,72,0,1.6,38.78436530395234,100,1.24,-0.83,206,ACTIVE_DRYING
55.5,47.9,672.0,68,0,1.6,38.78436530395234,105,1.52,-1.18,201,ACTIVE_DRYING
56.5,46.7,774.0,72,0,1.6,38.78436530395234,110,0.33,-0.64,196,ACTIVE_DRYING
57.4,45.6,742.0,70,0,1.6,38.78436530395234,115,0.71,-0.74,191,ACTIVE_DRYING
58.4,44.3,669.0,68,0,1.6,38.78436530395234,120,0.77,-1.33,186,ACTIVE_DRYING
57.9,44.0,781.0,57,0,1.6,38.78436530395234,125,-0.28,-0.33,181,ACTIVE_DRYING
58.0,43.6,731.0,57,0,1.6,38.78436530395234,130,-0.09,-0.59,176,ACTIVE_DRYING
58.1,42.7,736.0,54,0,1.6,38.78436530395234,135,0.25,-0.68,171,ACTIVE_DRYING
58.2,42.2,737.0,56,0,1.6,38.78436530395234,140,0.09,-0.83,166,ACTIVE_DRYING
57.4,40.4,728.0,56,0,1.6,38.78436530395234,145,-0.09,-1.45,161,ACTIVE_DRYING
58.4,38.8,734.0,54,0,1.6,38.78436530395234,150,0.67,-0.87,156,ACTIVE_DRYING
58.0,38.0,786.0,55,0,1.6,38.78436530395234,155,-0.28,0.03,151,ACTIVE_DRYING
57.4,37.2,770.0,57,0,1.6,38.78436530395234,160,0.19,-0.3,146,ACTIVE_DRYING
57.8,36.4,800.0,55,0,1.6,38.78436530395234,165,0.86,-0.38,141,ACTIVE_DRYING
57.8,36.0,803.0,55,0,1.6,38.78436530395234,170,0.61,-0.38,136,STABILIZING
57.7,35.6,690.0,54,0,1.6,38.78436530395234,175,-0.02,-0.12,131,STABILIZING
57.9,33.7,721.0,56,0,1.6,38.78436530395234,180,0.14,0.39,126,NEAR_COMPLETE
57.6,33.6,751.0,53,0,1.6,38.78436530395234,185,0.55,0.78,121,NEAR_COMPLETE
58.2,32.4,735.0,54,0,1.6,38.78436530395234,190,0.52,-0.67,116,NEAR_COMPLETE
57.4,31.6,669.0,53,0,1.6,38.78436530395234,195,-0.18,-0.72,111,NEAR_COMPLETE
58.1,32.8,631.0,55,0,1.6,38.78436530395234,200,0.58,0.02,106,NEAR_COMPLETE
58.1,30.4,614.0,57,0,1.6,38.78436530395234,205,-0.06,-2.98,101,NEAR_COMPLETE
58.4,29.7,637.0,55,0,1.6,38.78436530395234,210,-0.13,-1.03,96,NEAR_COMPLETE
58.7,28.9,613.0,54,0,1.6,38.78436530395234,215,-0.01,-0.34,91,COMPLETE
58.0,28.4,555.0,57,0,1.6,38.78436530395234,220,-0.42,-0.62,86,COMPLETE
58.0,27.2,556.0,53,0,1.6,38.78436530395234,225,0.08,-1.13,81,COMPLETE
58.5,27.3,538.0,55,0,1.6,38.78436530395234,230,0.37,-0.6,76,COMPLETE
57.9,25.2,461.0,54,0,1.6,38.78436530395234,235,-0.45,-1.75,71,COMPLETE
58.0,25.4,442.0,53,0,1.6,38.78436530395234,240,-0.27,0.1,66,COMPLETE
57.4,24.2,495.0,55,0,1.6,38.78436530395234,245,-0.56,-1.0,61,COMPLETE
57.5,23.3,463.0,57,0,1.6,38.78436530395234,250,-0.04,0.0,56,COMPLETE
56.8,22.6,393.0,55,0,1.6,38.78436530395234,255,0.22,-1.27,51,COMPLETE
56.8,22.0,349.0,55,0,1.6,38.78436530395234,260,0.0,-1.08,46,COMPLETE
57.1,20.6,376.0,56,0,1.6,38.78436530395234,265,-0.0,-1.58,41,COMPLETE
55.6,20.5,281.0,56,0,1.6,38.78436530395234,270,-1.26,0.37,36,COMPLETE
55.6,19.0,286.0,54,0,1.6,38.78436530395234,275,-0.2,-1.17,31,COMPLETE
55.0,18.8,241.0,53,0,1.6,38.78436530395234,280,-0.95,0.71,26,COMPLETE
54.3,18.4,168.0,57,0,1.6,38.78436530395234,285,-1.45,0.59,21,COMPLETE
52.5,18.6,88.0,56,0,1.6,38.78436530395234,290,-1.43,0.91,16,COMPLETE
51.9,19.0,56.0,57,0,1.6,38.78436530395234,295,-0.36,-0.39,11,COMPLETE
50.9,18.9,63.0,55,0,1.6,38.78436530395234,300,-1.09,-0.82,6,COMPLETE
50.0,18.0,75.0,53,0,1.6,38.78436530395234,305,-0.54,-0.51,1,COMPLETE
35.4,75.8,12.0,38,1,1.1,32.60629191235127,0,0.24,-0.63,256,INITIAL
39.7,74.7,30.0,50,1,1.1,32.60629191235127,5,4.12,-1.63,251,INITIAL
44.3,72.9,185.0,60,1,1.1,32.60629191235127,10,4.59,-2.2,246,ACTIVE_DRYING
48.5,70.4,211.0,86,1,1.1,32.60629191235127,15,3.84,-1.55,241,ACTIVE_DRYING
46.7,69.8,169.0,85,0,1.1,32.60629191235127,20,-1.99,-0.6,236,ACTIVE_DRYING
50.9,69.5,227.0,85,1,1.1,32.60629191235127,25,3.87,-0.48,231,ACTIVE_DRYING
49.8,67.2,247.0,86,0,1.1,32.60629191235127,30,-1.26,-2.69,226,ACTIVE_DRYING
49.2,64.9,341.0,83,0,1.1,32.60629191235127,35,-0.83,-1.61,221,ACTIVE_DRYING
49.5,64.4,403.0,86,0,1.1,32.60629191235127,40,-0.13,-1.02,216,ACTIVE_DRYING
48.4,63.7,331.0,71,0,1.1,32.60629191235127,45,-0.31,-2.68,211,ACTIVE_DRYING
49.6,61.7,455.0,71,0,1.1,32.60629191235127,50,1.16,-2.13,206,ACTIVE_DRYING
49.1,59.9,457.0,70,0,1.1,32.60629191235127,55,0.26,-1.79,201,ACTIVE_DRYING
49.6,58.8,568.0,68,0,1.1,32.60629191235127,60,0.72,-0.98,196,ACTIVE_DRYING
50.2,57.1,531.0,69,0,1.1,32.60629191235127,65,0.9,-0.71,191,ACTIVE_DRYING
51.3,56.6,597.0,70,0,1.1,32.60629191235127,70,0.68,-1.35,186,ACTIVE_DRYING
50.7,56.0,580.0,71,0,1.1,32.60629191235127,75,-0.4,-1.42,181,ACTIVE_DRYING
51.8,52.9,546.0,70,0,1.1,32.60629191235127,80,0.6,-2.28,176,ACTIVE_DRYING
52.5,53.1,626.0,69,0,1.1,32.60629191235127,85,0.84,0.25,171,ACTIVE_DRYING
52.9,51.6,667.0,72,0,1.1,32.60629191235127,90,0.56,-1.5,166,ACTIVE_DRYING
54.6,49.8,712.0,70,0,1.1,32.60629191235127,95,1.43,-1.33,161,ACTIVE_DRYING
54.7,49.0,758.0,69,0,1.1,32.60629191235127,100,0.64,-1.29,156,ACTIVE_DRYING
55.9,48.0,716.0,71,0,1.1,32.60629191235127,105,1.17,-0.61,151,ACTIVE_DRYING
57.2,47.1,717.0,68,0,1.1,32.60629191235127,110,1.05,-1.47,146,ACTIVE_DRYING
57.7,46.0,749.0,69,0,1.1,32.60629191235127,115,0.89,-2.24,141,ACTIVE_DRYING
57.6,44.3,716.0,70,0,1.1,32.60629191235127,120,0.5,-1.51,136,ACTIVE_DRYING
57.3,43.6,744.0,55,0,1.1,32.60629191235127,125,0.58,-1.46,131,ACTIVE_DRYING
58.3,42.6,761.0,55,0,1.1,32.60629191235127,130,0.66,-1.28,126,ACTIVE_DRYING
58.0,40.1,695.0,56,0,1.1,32.60629191235127,135,-0.86,-1.88,121,ACTIVE_DRYING
57.7,40.3,746.0,53,0,1.1,32.60629191235127,140,-0.24,-0.43,116,ACTIVE_DRYING
58.5,38.6,758.0,55,0,1.1,32.60629191235127,145,0.27,-1.29,111,STABILIZING
58.0,38.4,772.0,57,0,1.1,32.60629191235127,150,-0.5,-0.4,106,STABILIZING
57.8,37.1,708.0,56,0,1.1,32.60629191235127,155,-0.0,-1.72,101,STABILIZING
58.2,35.1,699.0,55,0,1.1,32.60629191235127,160,0.02,-1.99,96,NEAR_COMPLETE
58.3,34.1,705.0,53,0,1.1,32.60629191235127,165,0.16,-1.12,91,NEAR_COMPLETE
57.9,32.5,655.0,56,0,1.1,32.60629191235127,170,-0.62,-1.09,86,NEAR_COMPLETE
58.1,33.5,673.0,56,0,1.1,32.60629191235127,175,0.34,-0.24,81,NEAR_COMPLETE
57.9,31.4,593.0,53,0,1.1,32.60629191235127,180,0.25,-2.23,76,NEAR_COMPLETE
58.2,30.8,530.0,53,0,1.1,32.60629191235127,185,-0.04,-1.25,71,NEAR_COMPLETE
58.3,29.2,534.0,57,0,1.1,32.60629191235127,190,0.04,-0.82,66,NEAR_COMPLETE
58.0,29.2,530.0,54,0,1.1,32.60629191235127,195,-0.54,-0.04,61,NEAR_COMPLETE
58.2,28.7,538.0,53,0,1.1,32.60629191235127,200,0.17,-0.61,56,COMPLETE
58.1,28.2,408.0,54,0,1.1,32.60629191235127,205,0.21,-0.25,51,COMPLETE
57.6,27.4,390.0,57,0,1.1,32.60629191235127,210,-0.5,-0.52,46,COMPLETE
58.2,25.5,415.0,57,0,1.1,32.60629191235127,215,0.2,-1.98,41,COMPLETE
57.7,25.0,327.0,53,0,1.1,32.60629191235127,220,-0.78,-0.1,36,COMPLETE
56.9,24.0,266.0,56,0,1.1,32.60629191235127,225,-1.02,-0.48,31,COMPLETE
56.7,23.8,269.0,55,0,1.1,32.60629191235127,230,-0.43,0.5,26,COMPLETE
55.6,23.0,194.0,55,0,1.1,32.60629191235127,235,-1.07,-0.42,21,COMPLETE
53.6,24.2,99.0,53,0,1.1,32.60629191235127,240,-1.6,0.26,16,COMPLETE
53.2,22.9,142.0,55,0,1.1,32.60629191235127,245,-0.56,-2.11,11,COMPLETE
52.3,20.2,59.0,55,0,1.1,32.60629191235127,250,-0.92,-2.17,6,COMPLETE
50.2,21.4,0.0,53,0,1.1,32.60629191235127,255,-2.14,0.69,1,COMPLETE
34.4,74.4,0.0,38,1,1.2,37.25152697551474,0,-0.2,-0.5,203,INITIAL
39.2,72.1,0.0,50,1,1.2,37.25152697551474,5,5.24,-1.62,198,INITIAL
43.5,71.4,95.0,59,1,1.2,37.25152697551474,10,3.83,-1.41,193,ACTIVE_DRYING
47.2,69.5,147.0,83,1,1.2,37.25152697551474,15,3.33,-1.66,188,ACTIVE_DRYING
50.5,68.7,233.0,85,1,1.2,37.25152697551474,20,3.97,-1.13,183,ACTIVE_DRYING
50.4,66.6,313.0,85,0,1.2,37.25152697551474,25,-0.06,-2.08,178,ACTIVE_DRYING
50.0,66.3,361.0,84,0,1.2,37.25152697551474,30,-0.54,-1.08,173,ACTIVE_DRYING
48.9,65.1,376.0,87,0,1.2,37.25152697551474,35,-1.05,-1.91,168,ACTIVE_DRYING
48.6,63.2,381.0,68,0,1.2,37.25152697551474,40,0.16,-2.18,163,ACTIVE_DRYING
49.4,61.5,454.0,68,0,1.2,37.25152697551474,45,-0.06,-2.36,158,ACTIVE_DRYING
49.3,60.2,488.0,70,0,1.2,37.25152697551474,50,-0.11,-1.65,153,ACTIVE_DRYING
49.6,58.1,595.0,70,0,1.2,37.25152697551474,55,0.13,-2.33,148,ACTIVE_DRYING
50.2,56.4,609.0,72,0,1.2,37.25152697551474,60,0.74,-1.69,143,ACTIVE_DRYING
51.0,56.0,566.0,70,0,1.2,37.25152697551474,65,0.82,-0.6,138,ACTIVE_DRYING
52.3,53.9,672.0,68,0,1.2,37.25152697551474,70,0.82,-1.48,133,ACTIVE_DRYING
52.3,54.1,653.0,70,0,1.2,37.25152697551474,75,0.06,-0.55,128,ACTIVE_DRYING
54.0,52.8,676.0,72,0,1.2,37.25152697551474,80,1.19,-1.19,123,ACTIVE_DRYING
53.4,51.6,768.0,72,0,1.2,37.25152697551474,85,0.4,-1.06,118,ACTIVE_DRYING
55.1,50.4,757.0,68,0,1.2,37.25152697551474,90,2.09,-0.93,113,ACTIVE_DRYING
56.5,48.4,771.0,70,0,1.2,37.25152697551474,95,1.34,-2.32,108,ACTIVE_DRYING
57.3,47.3,731.0,68,0,1.2,37.25152697551474,100,0.66,-0.39,103,ACTIVE_DRYING
58.1,46.5,731.0,69,0,1.2,37.25152697551474,105,0.3,-1.56,98,ACTIVE_DRYING
58.1,45.0,697.0,68,0,1.2,37.25152697551474,110,-0.07,-1.5,93,ACTIVE_DRYING
57.4,44.6,763.0,55,0,1.2,37.25152697551474,115,-0.19,-1.9,88,STABILIZING
57.6,41.5,705.0,53,0,1.2,37.25152697551474,120,0.56,-2.2,83,STABILIZING
57.8,39.0,721.0,56,0,1.2,37.25152697551474,125,0.81,-1.76,78,STABILIZING
58.1,38.6,669.0,53,0,1.2,37.25152697551474,130,0.36,0.36,73,NEAR_COMPLETE
57.3,37.8,687.0,57,0,1.2,37.25152697551474,135,-0.34,-0.92,68,NEAR_COMPLETE
58.2,36.8,610.0,54,0,1.2,37.25152697551474,140,0.64,-0.66,63,NEAR_COMPLETE
57.9,35.5,555.0,57,0,1.2,37.25152697551474,145,-0.28,-1.27,58,NEAR_COMPLETE
57.6,33.9,539.0,54,0,1.2,37.25152697551474,150,0.46,-0.93,53,NEAR_COMPLETE
57.6,33.8,497.0,55,0,1.2,37.25152697551474,155,0.72,0.28,48,COMPLETE
58.3,32.8,441.0,55,0,1.2,37.25152697551474,160,0.13,-0.91,43,COMPLETE
58.2,31.5,435.0,57,0,1.2,37.25152697551474,165,-0.43,-0.76,38,COMPLETE
57.6,31.3,335.0,54,0,1.2,37.25152697551474,170,-0.42,-0.91,33,COMPLETE
56.8,30.3,266.0,57,0,1.2,37.25152697551474,175,-0.26,-1.7,28,COMPLETE
57.0,29.5,288.0,56,0,1.2,37.25152697551474,180,0.23,-1.46,23,COMPLETE
56.5,27.0,216.0,53,0,1.2,37.25152697551474,185,-0.81,-1.59,18,COMPLETE
55.1,26.1,132.0,54,0,1.2,37.25152697551474,190,-1.66,-0.41,13,COMPLETE
53.3,24.7,100.0,56,0,1.2,37.25152697551474,195,-1.75,-0.66,8,COMPLETE
52.6,24.4,78.0,53,0,1.2,37.25152697551474,200,-0.96,-1.08,3,COMPLETE
33.7,73.6,0.0,38,1,2.0,28.848398862480735,0,-0.04,-0.52,235,INITIAL
37.5,71.9,32.0,50,1,2.0,28.848398862480735,5,3.93,-1.5,230,INITIAL
41.8,70.2,128.0,61,1,2.0,28.848398862480735,10,5.22,-1.82,225,ACTIVE_DRYING
46.4,69.3,182.0,83,1,2.0,28.848398862480735,15,4.55,-1.36,220,ACTIVE_DRYING
51.3,66.0,281.0,86,1,2.0,28.848398862480735,20,4.54,-2.91,215,ACTIVE_DRYING
49.9,65.0,280.0,84,0,2.0,28.848398862480735,25,-1.48,-0.4,210,ACTIVE_DRYING
48.7,64.0,294.0,86,0,2.0,28.848398862480735,30,-1.14,-1.68,205,ACTIVE_DRYING
48.3,61.4,341.0,70,0,2.0,28.848398862480735,35,-0.22,-2.06,200,ACTIVE_DRYING
48.2,61.2,347.0,68,0,2.0,28.848398862480735,40,-0.38,-0.6,195,ACTIVE_DRYING
48.4,59.5,458.0,72,0,2.0,28.848398862480735,45,0.02,-1.76,190,ACTIVE_DRYING
48.8,58.7,490.0,69,0,2.0,28.848398862480735,50,0.22,-1.38,185,ACTIVE_DRYING
49.3,55.8,496.0,72,0,2.0,28.848398862480735,55,0.66,-2.43,180,ACTIVE_DRYING
49.8,53.8,557.0,71,0,2.0,28.848398862480735,60,0.06,-1.94,175,ACTIVE_DRYING
50.0,53.2,578.0,68,0,2.0,28.848398862480735,65,0.43,-0.14,170,ACTIVE_DRYING
50.7,52.5,574.0,68,0,2.0,28.848398862480735,70,0.6,-1.65,165,ACTIVE_DRYING
51.7,51.4,604.0,72,0,2.0,28.848398862480735,75,0.83,-1.75,160,ACTIVE_DRYING
52.7,49.6,690.0,69,0,2.0,28.848398862480735,80,0.72,-2.16,155,ACTIVE_DRYING
52.7,47.1,685.0,70,0,2.0,28.848398862480735,85,0.41,-2.19,150,ACTIVE_DRYING
54.1,46.4,702.0,69,0,2.0,28.848398862480735,90,0.92,-0.01,145,ACTIVE_DRYING
54.9,45.3,701.0,68,0,2.0,28.848398862480735,95,1.43,-0.96,140,ACTIVE_DRYING
55.9,43.8,707.0,71,0,2.0,28.848398862480735,100,1.46,-1.66,135,ACTIVE_DRYING
57.6,44.1,724.0,53,0,2.0,28.848398862480735,105,1.84,-0.41,130,ACTIVE_DRYING
57.6,42.3,747.0,55,0,2.0,28.848398862480735,110,0.44,-1.25,125,ACTIVE_DRYING
58.2,42.1,684.0,54,0,2.0,28.848398862480735,115,0.66,-0.23,120,ACTIVE_DRYING
58.4,40.5,728.0,56,0,2.0,28.848398862480735,120,-0.21,-1.33,115,ACTIVE_DRYING
57.6,40.2,749.0,56,0,2.0,28.848398862480735,125,-0.43,-0.24,110,ACTIVE_DRYING
57.7,37.8,711.0,57,0,2.0,28.848398862480735,130,0.26,-1.73,105,NEAR_COMPLETE
58.2,37.2,716.0,54,0,2.0,28.848398862480735,135,-0.2,-0.34,100,NEAR_COMPLETE
57.8,35.8,742.0,56,0,2.0,28.848398862480735,140,-0.17,-1.38,95,NEAR_COMPLETE
57.9,34.8,686.0,55,0,2.0,28.848398862480735,145,0.48,-1.02,90,NEAR_COMPLETE
58.2,33.3,667.0,57,0,2.0,28.848398862480735,150,0.16,-0.98,85,NEAR_COMPLETE
57.6,32.4,662.0,56,0,2.0,28.848398862480735,155,-0.25,-1.48,80,NEAR_COMPLETE
57.5,32.0,595.0,55,0,2.0,28.848398862480735,160,0.19,-0.39,75,NEAR_COMPLETE
57.7,30.8,579.0,56,0,2.0,28.848398862480735,165,0.59,-1.05,70,COMPLETE
58.6,30.8,553.0,57,0,2.0,28.848398862480735,170,0.41,0.14,65,COMPLETE
58.2,30.2,542.0,53,0,2.0,28.848398862480735,175,-0.51,-0.28,60,COMPLETE
57.9,28.8,483.0,57,0,2.0,28.848398862480735,180,-0.12,-1.16,55,COMPLETE
57.8,29.2,497.0,56,0,2.0,28.848398862480735,185,0.08,-0.73,50,COMPLETE
57.7,27.1,427.0,55,0,2.0,28.848398862480735,190,-0.58,-2.2,45,COMPLETE
57.0,25.5,416.0,55,0,2.0,28.848398862480735,195,-0.52,-0.9,40,COMPLETE
56.6,25.4,325.0,57,0,2.0,28.848398862480735,200,-0.62,-0.45,35,COMPLETE
56.0,24.4,338.0,55,0,2.0,28.848398862480735,205,-0.75,-0.53,30,COMPLETE
55.2,24.6,216.0,57,0,2.0,28.848398862480735,210,-0.79,-0.48,25,COMPLETE
54.4,23.3,195.0,56,0,2.0,28.848398862480735,215,-0.8,-1.02,20,COMPLETE
53.4,22.2,178.0,54,0,2.0,28.848398862480735,220,-1.35,-1.1,15,COMPLETE
52.7,21.9,113.0,57,0,2.0,28.848398862480735,225,-0.71,-1.45,10,COMPLETE
51.7,20.1,20.0,57,0,2.0,28.848398862480735,230,-1.09,-1.84,5,COMPLETE
49.8,19.5,7.0,53,0,2.0,28.848398862480735,235,-2.02,-0.55,0,COMPLETE
35.1,74.3,0.0,40,1,2.6,31.48076255462904,0,0.05,-0.42,247,INITIAL
40.2,73.6,54.0,49,1,2.6,31.48076255462904,5,4.51,-0.77,242,INITIAL
43.5,72.9,28.0,60,1,2.6,31.48076255462904,10,3.6,-2.03,237,ACTIVE_DRYING
47.8,68.8,123.0,84,1,2.6,31.48076255462904,15,4.26,-3.49,232,ACTIVE_DRYING
51.7,67.9,187.0,86,1,2.6,31.48076255462904,20,4.33,-1.29,227,ACTIVE_DRYING
50.2,65.4,203.0,87,0,2.6,31.48076255462904,25,-1.22,-2.08,222,ACTIVE_DRYING
49.4,64.4,346.0,85,0,2.6,31.48076255462904,30,-0.18,-0.92,217,ACTIVE_DRYING
50.2,62.6,335.0,72,0,2.6,31.48076255462904,35,0.39,-1.06,212,ACTIVE_DRYING
49.8,60.6,370.0,70,0,2.6,31.48076255462904,40,-0.65,-0.47,207,ACTIVE_DRYING
48.7,62.1,370.0,71,0,2.6,31.48076255462904,45,-0.7,0.77,202,ACTIVE_DRYING
49.0,59.3,432.0,69,0,2.6,31.48076255462904,50,0.12,-2.06,197,ACTIVE_DRYING
48.6,59.1,527.0,68,0,2.6,31.48076255462904,55,-0.2,-0.57,192,ACTIVE_DRYING
49.2,56.6,486.0,69,0,2.6,31.48076255462904,60,1.55,-3.04,187,ACTIVE_DRYING
49.7,55.3,501.0,70,0,2.6,31.48076255462904,65,0.48,-1.33,182,ACTIVE_DRYING
50.2,54.0,581.0,71,0,2.6,31.48076255462904,70,1.14,-1.71,177,ACTIVE_DRYING
51.1,51.3,654.0,69,0,2.6,31.48076255462904,75,0.88,-2.12,172,ACTIVE_DRYING
51.4,50.1,583.0,72,0,2.6,31.48076255462904,80,0.63,-1.03,167,ACTIVE_DRYING
52.9,49.9,686.0,71,0,2.6,31.48076255462904,85,1.01,-0.58,162,ACTIVE_DRYING
53.4,48.1,692.0,69,0,2.6,31.48076255462904,90,0.74,-1.28,157,ACTIVE_DRYING
53.9,46.5,678.0,69,0,2.6,31.48076255462904,95,0.81,-1.35,152,ACTIVE_DRYING
55.4,45.3,695.0,70,0,2.6,31.48076255462904,100,1.46,-0.53,147,ACTIVE_DRYING
56.7,44.7,771.0,72,0,2.6,31.48076255462904,105,0.83,-1.18,142,ACTIVE_DRYING
58.0,44.5,765.0,57,0,2.6,31.48076255462904,110,1.19,-0.84,137,ACTIVE_DRYING
57.6,41.6,785.0,53,0,2.6,31.48076255462904,115,-0.05,-1.8,132,ACTIVE_DRYING
58.0,40.6,759.0,55,0,2.6,31.48076255462904,120,0.37,-0.41,127,ACTIVE_DRYING
57.8,39.7,781.0,57,0,2.6,31.48076255462904,125,0.02,-1.05,122,ACTIVE_DRYING
58.4,37.3,734.0,54,0,2.6,31.48076255462904,130,0.11,-1.95,117,ACTIVE_DRYING
57.8,37.2,776.0,57,0,2.6,31.48076255462904,135,-0.5,-0.55,112,ACTIVE_DRYING
58.2,36.1,730.0,57,0,2.6,31.48076255462904,140,0.14,-0.7,107,STABILIZING
58.0,34.9,750.0,54,0,2.6,31.48076255462904,145,0.11,-1.09,102,STABILIZING
58.3,33.6,683.0,56,0,2.6,31.48076255462904,150,-0.01,-1.25,97,STABILIZING
57.5,32.7,657.0,56,0,2.6,31.48076255462904,155,-0.2,-1.14,92,NEAR_COMPLETE
58.5,31.8,658.0,57,0,2.6,31.48076255462904,160,0.41,-0.85,87,NEAR_COMPLETE
57.8,29.8,607.0,53,0,2.6,31.48076255462904,165,-0.35,-0.58,82,NEAR_COMPLETE
58.2,30.5,612.0,56,0,2.6,31.48076255462904,170,-0.1,0.83,77,NEAR_COMPLETE
57.9,29.5,625.0,53,0,2.6,31.48076255462904,175,-0.19,-0.93,72,NEAR_COMPLETE
57.7,28.8,558.0,56,0,2.6,31.48076255462904,180,0.38,-0.51,67,NEAR_COMPLETE
57.3,27.7,547.0,55,0,2.6,31.48076255462904,185,0.61,-1.25,62,NEAR_COMPLETE
57.8,27.4,467.0,54,0,2.6,31.48076255462904,190,0.91,-0.89,57,NEAR_COMPLETE
58.1,26.5,405.0,53,0,2.6,31.48076255462904,195,0.04,-1.42,52,COMPLETE
58.2,25.9,439.0,54,0,2.6,31.48076255462904,200,-0.14,-0.43,47,COMPLETE
57.9,24.8,366.0,53,0,2.6,31.48076255462904,205,-0.63,-1.55,42,COMPLETE
57.6,24.1,347.0,54,0,2.6,31.48076255462904,210,-0.57,-1.43,37,COMPLETE
56.5,23.6,294.0,56,0,2.6,31.48076255462904,215,-1.21,-1.06,32,COMPLETE
56.1,22.3,226.0,56,0,2.6,31.48076255462904,220,-0.37,-1.4,27,COMPLETE
55.1,22.1,222.0,56,0,2.6,31.48076255462904,225,-1.03,-0.24,22,COMPLETE
53.8,20.8,123.0,55,0,2.6,31.48076255462904,230,-1.19,-1.94,17,COMPLETE
52.6,19.4,165.0,56,0,2.6,31.48076255462904,235,-0.72,-1.88,12,COMPLETE
51.6,19.6,62.0,56,0,2.6,31.48076255462904,240,-0.71,-1.34,7,COMPLETE
50.1,17.7,25.0,53,0,2.6,31.48076255462904,245,-1.08,-1.78,2,COMPLETE
33.1,74.1,0.0,42,1,1.0,29.216594414222623,0,0.16,0.39,203,INITIAL
37.2,72.7,80.0,51,1,1.0,29.216594414222623,5,5.01,-1.35,198,INITIAL
41.9,70.7,142.0,62,1,1.0,29.216594414222623,10,4.8,-1.49,193,ACTIVE_DRYING
46.4,69.8,203.0,84,1,1.0,29.216594414222623,15,4.59,-1.1,188,ACTIVE_DRYING
50.2,67.5,193.0,87,1,1.0,29.216594414222623,20,3.85,-2.28,183,ACTIVE_DRYING
49.0,67.1,260.0,84,0,1.0,29.216594414222623,25,-0.76,-1.2,178,ACTIVE_DRYING
49.1,65.4,356.0,86,0,1.0,29.216594414222623,30,0.22,-1.83,173,ACTIVE_DRYING
49.1,63.6,345.0,86,0,1.0,29.216594414222623,35,0.04,-1.52,168,ACTIVE_DRYING
48.7,61.9,442.0,68,0,1.0,29.216594414222623,40,-0.37,-1.34,163,ACTIVE_DRYING
48.9,60.3,487.0,70,0,1.0,29.216594414222623,45,0.05,-1.3,158,ACTIVE_DRYING
49.5,59.5,469.0,70,0,1.0,29.216594414222623,50,-0.15,-0.8,153,ACTIVE_DRYING
49.8,56.5,557.0,68,0,1.0,29.216594414222623,55,0.29,-2.39,148,ACTIVE_DRYING
50.2,55.7,617.0,70,0,1.0,29.216594414222623,60,0.58,-0.73,143,ACTIVE_DRYING
51.2,54.8,599.0,71,0,1.0,29.216594414222623,65,0.76,-1.04,138,ACTIVE_DRYING
52.0,52.7,661.0,71,0,1.0,29.216594414222623,70,1.22,-0.82,133,ACTIVE_DRYING
52.9,51.9,695.0,70,0,1.0,29.216594414222623,75,1.33,-0.94,128,ACTIVE_DRYING
54.6,49.7,732.0,68,0,1.0,29.216594414222623,80,1.28,-1.54,123,ACTIVE_DRYING
54.9,50.0,731.0,72,0,1.0,29.216594414222623,85,1.19,0.8,118,ACTIVE_DRYING
56.5,48.5,676.0,69,0,1.0,29.216594414222623,90,1.17,-0.57,113,ACTIVE_DRYING
57.7,47.3,766.0,72,0,1.0,29.216594414222623,95,1.09,-1.55,108,ACTIVE_DRYING
58.0,46.1,759.0,70,0,1.0,29.216594414222623,100,-0.06,-1.14,103,ACTIVE_DRYING
58.0,45.6,767.0,71,0,1.0,29.216594414222623,105,-0.01,-0.67,98,ACTIVE_DRYING
58.0,43.1,679.0,71,0,1.0,29.216594414222623,110,-0.34,-1.74,93,NEAR_COMPLETE
58.4,42.1,740.0,54,0,1.0,29.216594414222623,115,0.04,-0.68,88,NEAR_COMPLETE
57.7,41.8,745.0,57,0,1.0,29.216594414222623,120,-0.53,-0.92,83,NEAR_COMPLETE
57.5,40.0,747.0,56,0,1.0,29.216594414222623,125,0.48,-1.94,78,NEAR_COMPLETE
58.2,39.0,710.0,53,0,1.0,29.216594414222623,130,0.25,-0.36,73,NEAR_COMPLETE
57.5,37.6,629.0,56,0,1.0,29.216594414222623,135,-0.43,-1.21,68,NEAR_COMPLETE
57.7,36.5,630.0,55,0,1.0,29.216594414222623,140,0.5,-1.21,63,COMPLETE
57.6,35.2,531.0,57,0,1.0,29.216594414222623,145,0.53,-1.72,58,COMPLETE
58.5,34.5,500.0,55,0,1.0,29.216594414222623,150,0.5,-1.83,53,COMPLETE
58.0,31.9,553.0,54,0,1.0,29.216594414222623,155,-0.52,-1.83,48,COMPLETE
58.3,30.4,484.0,55,0,1.0,29.216594414222623,160,0.08,-0.96,43,COMPLETE
57.5,30.5,439.0,57,0,1.0,29.216594414222623,165,0.13,-1.07,38,COMPLETE
57.8,29.9,351.0,55,0,1.0,29.216594414222623,170,0.71,-1.23,33,COMPLETE
57.4,29.0,289.0,57,0,1.0,29.216594414222623,175,-0.25,-1.52,28,COMPLETE
56.4,27.8,265.0,56,0,1.0,29.216594414222623,180,-0.34,-1.51,23,COMPLETE
56.4,27.2,226.0,56,0,1.0,29.216594414222623,185,-0.29,-1.24,18,COMPLETE
54.6,26.2,71.0,56,0,1.0,29.216594414222623,190,-1.22,-0.79,13,COMPLETE
53.8,25.2,122.0,57,0,1.0,29.216594414222623,195,-0.38,-0.88,8,COMPLETE
51.8,24.9,54.0,56,0,1.0,29.216594414222623,200,-1.64,-0.87,3,COMPLETE
35.3,73.8,15.0,42,1,1.0,32.76680713770861,0,0.05,-0.17,335,INITIAL
39.4,72.5,0.0,50,1,1.0,32.76680713770861,5,3.42,-1.64,330,INITIAL
44.0,71.8,48.0,59,1,1.0,32.76680713770861,10,3.86,-0.47,325,ACTIVE_DRYING
46.7,70.1,102.0,83,1,1.0,32.76680713770861,15,2.34,-1.16,320,ACTIVE_DRYING
50.5,69.1,209.0,87,1,1.0,32.76680713770861,20,3.71,-0.77,315,ACTIVE_DRYING
49.6,66.5,185.0,83,0,1.0,32.76680713770861,25,-1.04,-3.05,310,ACTIVE_DRYING
48.6,63.0,235.0,84,0,1.0,32.76680713770861,30,-0.57,-2.6,305,ACTIVE_DRYING
49.4,62.2,261.0,71,0,1.0,32.76680713770861,35,-0.01,-0.61,300,ACTIVE_DRYING
47.8,59.5,267.0,69,0,1.0,32.76680713770861,40,-1.22,-2.16,295,ACTIVE_DRYING
47.2,59.1,271.0,69,0,1.0,32.76680713770861,45,0.01,-0.54,290,ACTIVE_DRYING
46.5,58.5,310.0,68,0,1.0,32.76680713770861,50,-0.12,-1.62,285,ACTIVE_DRYING
46.9,56.8,345.0,72,0,1.0,32.76680713770861,55,-0.03,-1.66,280,ACTIVE_DRYING
46.2,55.7,379.0,70,0,1.0,32.76680713770861,60,-0.37,-0.98,275,ACTIVE_DRYING
46.4,55.2,361.0,69,0,1.0,32.76680713770861,65,-0.1,-1.41,270,ACTIVE_DRYING
46.2,53.1,423.0,71,0,1.0,32.76680713770861,70,-0.08,-0.95,265,ACTIVE_DRYING
46.7,52.9,484.0,71,0,1.0,32.76680713770861,75,0.29,-0.17,260,ACTIVE_DRYING
46.8,51.5,516.0,71,0,1.0,32.76680713770861,80,0.39,-0.31,255,ACTIVE_DRYING
47.2,51.0,502.0,70,0,1.0,32.76680713770861,85,-0.27,-0.13,250,ACTIVE_DRYING
48.2,50.3,543.0,72,0,1.0,32.76680713770861,90,0.67,-0.83,245,ACTIVE_DRYING
48.9,50.0,595.0,69,0,1.0,32.76680713770861,95,0.2,-1.11,240,ACTIVE_DRYING
48.5,48.1,600.0,69,0,1.0,32.76680713770861,100,-0.04,-2.31,235,ACTIVE_DRYING
49.7,47.3,586.0,72,0,1.0,32.76680713770861,105,0.83,-1.39,230,ACTIVE_DRYING
50.5,47.1,629.0,69,0,1.0,32.76680713770861,110,0.88,0.22,225,ACTIVE_DRYING
52.3,45.7,715.0,70,0,1.0,32.76680713770861,115,1.35,-1.48,220,ACTIVE_DRYING
52.2,45.3,670.0,70,0,1.0,32.76680713770861,120,0.5,-1.09,215,ACTIVE_DRYING
54.1,45.6,673.0,57,0,1.0,32.76680713770861,125,1.96,-0.3,210,ACTIVE_DRYING
55.5,43.0,715.0,57,0,1.0,32.76680713770861,130,1.75,-2.11,205,ACTIVE_DRYING
57.4,42.3,730.0,57,0,1.0,32.76680713770861,135,1.01,-0.83,200,ACTIVE_DRYING
58.0,40.3,729.0,55,0,1.0,32.76680713770861,140,0.43,-1.71,195,ACTIVE_DRYING
57.9,40.2,722.0,56,0,1.0,32.76680713770861,145,0.08,0.16,190,ACTIVE_DRYING
57.9,40.5,702.0,55,0,1.0,32.76680713770861,150,-0.1,-0.55,185,NEAR_COMPLETE
57.8,37.3,762.0,54,0,1.0,32.76680713770861,155,0.4,-2.37,180,NEAR_COMPLETE
57.5,37.2,731.0,57,0,1.0,32.76680713770861,160,-0.18,-0.13,175,NEAR_COMPLETE
58.1,37.2,743.0,54,0,1.0,32.76680713770861,165,0.41,-0.75,170,NEAR_COMPLETE
58.0,34.8,745.0,55,0,1.0,32.76680713770861,170,-0.31,-1.84,165,NEAR_COMPLETE
57.7,33.8,735.0,55,0,1.0,32.76680713770861,175,0.08,-0.42,160,NEAR_COMPLETE
57.6,33.9,770.0,53,0,1.0,32.76680713770861,180,0.29,-0.07,155,NEAR_COMPLETE
58.1,32.3,764.0,57,0,1.0,32.76680713770861,185,0.9,-1.07,150,COMPLETE
58.1,32.5,731.0,54,0,1.0,32.76680713770861,190,-0.24,-0.08,145,COMPLETE
58.3,31.4,752.0,56,0,1.0,32.76680713770861,195,0.17,-0.77,140,COMPLETE
58.4,29.8,661.0,56,0,1.0,32.76680713770861,200,-0.46,-1.06,135,COMPLETE
57.8,30.6,678.0,54,0,1.0,32.76680713770861,205,-0.34,-0.45,130,COMPLETE
58.0,27.7,677.0,56,0,1.0,32.76680713770861,210,0.53,-3.17,125,COMPLETE
58.5,26.4,688.0,55,0,1.0,32.76680713770861,215,0.09,-0.91,120,COMPLETE
57.7,26.4,614.0,55,0,1.0,32.76680713770861,220,-0.34,0.28,115,COMPLETE
58.0,26.1,654.0,53,0,1.0,32.76680713770861,225,0.35,-0.98,110,COMPLETE
58.3,24.0,623.0,57,0,1.0,32.76680713770861,230,0.01,-1.18,105,COMPLETE
58.4,23.2,600.0,57,0,1.0,32.76680713770861,235,-0.4,-0.2,100,COMPLETE
58.1,24.4,573.0,54,0,1.0,32.76680713770861,240,-0.67,0.74,95,COMPLETE
58.2,23.3,506.0,55,0,1.0,32.76680713770861,245,-0.12,-1.13,90,COMPLETE
58.1,23.1,519.0,54,0,1.0,32.76680713770861,250,-0.43,0.74,85,COMPLETE
58.1,22.6,504.0,54,0,1.0,32.76680713770861,255,0.01,-0.7,80,COMPLETE
57.9,21.0,462.0,57,0,1.0,32.76680713770861,260,0.27,-0.83,75,COMPLETE
57.8,21.0,448.0,54,0,1.0,32.76680713770861,265,0.09,-0.21,70,COMPLETE
58.3,20.7,453.0,54,0,1.0,32.76680713770861,270,0.14,-0.16,65,COMPLETE
57.9,19.6,456.0,57,0,1.0,32.76680713770861,275,-0.24,-0.53,60,COMPLETE
57.8,19.8,412.0,55,0,1.0,32.76680713770861,280,-0.09,0.11,55,COMPLETE
57.8,18.8,356.0,56,0,1.0,32.76680713770861,285,0.49,-0.07,50,COMPLETE
57.9,18.5,339.0,57,0,1.0,32.76680713770861,290,-0.45,0.25,45,COMPLETE
56.9,18.2,266.0,54,0,1.0,32.76680713770861,295,-0.88,-0.64,40,COMPLETE
56.9,17.1,264.0,55,0,1.0,32.76680713770861,300,-0.39,-0.49,35,COMPLETE
55.8,18.2,200.0,56,0,1.0,32.76680713770861,305,-0.91,0.84,30,COMPLETE
55.4,18.2,197.0,54,0,1.0,32.76680713770861,310,-0.8,-0.58,25,COMPLETE
54.2,17.7,147.0,53,0,1.0,32.76680713770861,315,-1.05,-0.27,20,COMPLETE
53.1,18.3,141.0,53,0,1.0,32.76680713770861,320,-0.43,1.04,15,COMPLETE
52.6,17.2,63.0,53,0,1.0,32.76680713770861,325,-0.61,-0.63,10,COMPLETE
51.4,18.3,53.0,53,0,1.0,32.76680713770861,330,-1.43,0.63,5,COMPLETE
49.7,17.1,21.0,55,0,1.0,32.76680713770861,335,-1.63,-0.56,0,COMPLETE
34.4,74.4,25.0,42,1,2.8,29.30252388575502,0,0.32,-0.16,346,INITIAL
38.6,74.3,25.0,52,1,2.8,29.30252388575502,5,4.08,-0.64,341,INITIAL
42.4,73.2,73.0,62,1,2.8,29.30252388575502,10,3.67,-1.66,336,ACTIVE_DRYING
45.6,70.2,116.0,86,1,2.8,29.30252388575502,15,3.9,-3.15,331,ACTIVE_DRYING
50.0,68.5,114.0,83,1,2.8,29.30252388575502,20,4.18,-2.14,326,ACTIVE_DRYING
48.6,66.5,237.0,86,0,2.8,29.30252388575502,25,-1.27,-2.17,321,ACTIVE_DRYING
47.3,66.0,201.0,83,0,2.8,29.30252388575502,30,-1.26,-1.65,316,ACTIVE_DRYING
51.1,63.1,243.0,72,1,2.8,29.30252388575502,35,4.27,-2.86,311,ACTIVE_DRYING
51.0,61.8,242.0,71,0,2.8,29.30252388575502,40,-0.27,-1.83,306,ACTIVE_DRYING
50.6,61.1,298.0,71,0,2.8,29.30252388575502,45,-0.58,-1.42,301,ACTIVE_DRYING
50.5,59.0,351.0,69,0,2.8,29.30252388575502,50,-0.03,-2.07,296,ACTIVE_DRYING
50.2,57.0,322.0,72,0,2.8,29.30252388575502,55,-0.68,-1.71,291,ACTIVE_DRYING
50.3,55.2,374.0,72,0,2.8,29.30252388575502,60,0.15,-1.43,286,ACTIVE_DRYING
50.7,54.3,447.0,70,0,2.8,29.30252388575502,65,0.93,-1.11,281,ACTIVE_DRYING
51.2,53.1,450.0,70,0,2.8,29.30252388575502,70,0.39,-1.46,276,ACTIVE_DRYING
51.0,51.7,487.0,68,0,2.8,29.30252388575502,75,-0.34,-1.42,271,ACTIVE_DRYING
51.7,49.9,464.0,70,0,2.8,29.30252388575502,80,0.04,-1.55,266,ACTIVE_DRYING
52.3,47.8,489.0,69,0,2.8,29.30252388575502,85,0.12,-1.52,261,ACTIVE_DRYING
52.5,47.1,522.0,72,0,2.8,29.30252388575502,90,0.27,-0.65,256,ACTIVE_DRYING
52.2,46.3,569.0,70,0,2.8,29.30252388575502,95,0.08,-0.81,251,ACTIVE_DRYING
53.3,44.6,574.0,69,0,2.8,29.30252388575502,100,1.36,-1.54,246,ACTIVE_DRYING
53.9,43.4,634.0,53,0,2.8,29.30252388575502,105,0.78,-1.44,241,ACTIVE_DRYING
55.2,42.1,595.0,55,0,2.8,29.30252388575502,110,0.94,-2.2,236,ACTIVE_DRYING
55.8,41.9,644.0,53,0,2.8,29.30252388575502,115,0.46,-0.93,231,ACTIVE_DRYING
56.8,39.8,678.0,57,0,2.8,29.30252388575502,120,1.47,-1.9,226,ACTIVE_DRYING
57.9,38.4,656.0,56,0,2.8,29.30252388575502,125,0.67,-1.31,221,NEAR_COMPLETE
58.0,37.2,686.0,54,0,2.8,29.30252388575502,130,0.08,-0.81,216,NEAR_COMPLETE
57.8,36.8,672.0,55,0,2.8,29.30252388575502,135,-0.03,-0.7,211,NEAR_COMPLETE
58.3,36.6,710.0,55,0,2.8,29.30252388575502,140,-0.06,-1.06,206,NEAR_COMPLETE
58.2,35.9,725.0,56,0,2.8,29.30252388575502,145,-0.62,-1.34,201,NEAR_COMPLETE
57.7,34.6,727.0,54,0,2.8,29.30252388575502,150,0.16,-1.13,196,NEAR_COMPLETE
57.6,33.5,776.0,54,0,2.8,29.30252388575502,155,0.36,-1.32,191,COMPLETE
58.0,32.1,757.0,53,0,2.8,29.30252388575502,160,0.63,-0.63,186,COMPLETE
57.8,31.9,726.0,54,0,2.8,29.30252388575502,165,-0.04,-0.21,181,COMPLETE
58.2,30.6,777.0,55,0,2.8,29.30252388575502,170,-0.08,-0.5,176,COMPLETE
58.5,31.2,777.0,55,0,2.8,29.30252388575502,175,-0.35,0.69,171,COMPLETE
58.2,31.3,790.0,53,0,2.8,29.30252388575502,180,-0.55,-1.59,166,COMPLETE
58.1,29.9,721.0,53,0,2.8,29.30252388575502,185,0.13,-2.28,161,COMPLETE
58.0,28.1,767.0,57,0,2.8,29.30252388575502,190,0.11,-2.21,156,COMPLETE
57.8,26.0,762.0,57,0,2.8,29.30252388575502,195,-0.31,-1.44,151,COMPLETE
57.5,24.6,710.0,57,0,2.8,29.30252388575502,200,0.2,-1.1,146,COMPLETE
57.8,23.4,723.0,55,0,2.8,29.30252388575502,205,0.87,-0.74,141,COMPLETE
57.6,23.7,744.0,57,0,2.8,29.30252388575502,210,0.17,-0.26,136,COMPLETE
57.8,20.8,686.0,55,0,2.8,29.30252388575502,215,0.27,-2.8,131,COMPLETE
57.7,20.4,675.0,53,0,2.8,29.30252388575502,220,0.31,-0.92,126,COMPLETE
58.2,19.9,650.0,57,0,2.8,29.30252388575502,225,0.35,0.07,121,COMPLETE
58.6,20.2,655.0,56,0,2.8,29.30252388575502,230,-0.31,0.53,116,COMPLETE
57.4,20.4,597.0,55,0,2.8,29.30252388575502,235,-0.3,-0.14,111,COMPLETE
58.2,19.4,609.0,53,0,2.8,29.30252388575502,240,0.52,-0.65,106,COMPLETE
57.8,18.4,651.0,56,0,2.8,29.30252388575502,245,-0.26,-0.43,101,COMPLETE
58.1,18.0,570.0,54,0,2.8,29.30252388575502,250,0.25,-0.32,96,COMPLETE
57.9,18.0,545.0,54,0,2.8,29.30252388575502,255,-0.14,-0.18,91,COMPLETE
57.8,18.9,554.0,57,0,2.8,29.30252388575502,260,0.18,0.35,86,COMPLETE
58.2,18.5,504.0,54,0,2.8,29.30252388575502,265,0.44,-0.68,81,COMPLETE
58.3,17.5,512.0,55,0,2.8,29.30252388575502,270,-0.35,-0.35,76,COMPLETE
58.3,18.3,500.0,54,0,2.8,29.30252388575502,275,-0.06,0.48,71,COMPLETE
57.9,17.8,429.0,56,0,2.8,29.30252388575502,280,-0.04,-0.24,66,COMPLETE
58.2,17.9,388.0,56,0,2.8,29.30252388575502,285,0.03,-0.04,61,COMPLETE
57.9,18.5,389.0,57,0,2.8,29.30252388575502,290,-0.18,-0.01,56,COMPLETE
57.0,17.9,350.0,53,0,2.8,29.30252388575502,295,-0.79,-0.45,51,COMPLETE
56.8,18.0,278.0,53,0,2.8,29.30252388575502,300,0.39,-0.13,46,COMPLETE
56.3,17.9,282.0,54,0,2.8,29.30252388575502,305,-0.04,0.01,41,COMPLETE
56.1,19.0,255.0,56,0,2.8,29.30252388575502,310,-0.09,0.18,36,COMPLETE
56.2,18.3,220.0,56,0,2.8,29.30252388575502,315,0.03,-0.72,31,COMPLETE
55.2,18.0,145.0,54,0,2.8,29.30252388575502,320,-1.56,-0.49,26,COMPLETE
54.2,17.6,121.0,54,0,2.8,29.30252388575502,325,-1.07,-0.18,21,COMPLETE
52.9,17.9,107.0,54,0,2.8,29.30252388575502,330,-1.73,0.61,16,COMPLETE
51.3,18.9,98.0,53,0,2.8,29.30252388575502,335,-1.76,0.69,11,COMPLETE
49.8,18.0,33.0,55,0,2.8,29.30252388575502,340,-1.41,-1.19,6,COMPLETE
48.7,17.9,25.0,55,0,2.8,29.30252388575502,345,-1.26,-0.16,1,COMPLETE
35.0,71.6,0.0,41,1,2.0,27.59168635820039,0,-0.45,0.27,193,INITIAL
38.9,69.9,0.0,52,1,2.0,27.59168635820039,5,3.88,-1.67,188,INITIAL
43.5,67.7,167.0,59,1,2.0,27.59168635820039,10,4.14,-2.25,183,ACTIVE_DRYING
47.7,66.7,222.0,85,1,2.0,27.59168635820039,15,4.01,-1.77,178,ACTIVE_DRYING
51.5,64.9,196.0,85,1,2.0,27.59168635820039,20,4.15,-1.85,173,ACTIVE_DRYING
50.3,63.3,277.0,86,0,2.0,27.59168635820039,25,-1.26,-1.86,168,ACTIVE_DRYING
50.7,61.4,367.0,70,0,2.0,27.59168635820039,30,-0.02,-2.25,163,ACTIVE_DRYING
50.6,59.9,480.0,68,0,2.0,27.59168635820039,35,-0.29,-1.89,158,ACTIVE_DRYING
49.9,58.0,469.0,68,0,2.0,27.59168635820039,40,-0.23,-1.53,153,ACTIVE_DRYING
50.8,57.0,463.0,71,0,2.0,27.59168635820039,45,1.14,-1.01,148,ACTIVE_DRYING
51.2,56.6,534.0,71,0,2.0,27.59168635820039,50,0.49,-0.91,143,ACTIVE_DRYING
51.8,54.7,629.0,69,0,2.0,27.59168635820039,55,0.72,-2.28,138,ACTIVE_DRYING
52.1,53.9,653.0,69,0,2.0,27.59168635820039,60,0.38,-0.5,133,ACTIVE_DRYING
53.0,52.6,593.0,68,0,2.0,27.59168635820039,65,0.83,-0.8,128,ACTIVE_DRYING
53.8,51.3,734.0,72,0,2.0,27.59168635820039,70,1.01,-0.87,123,ACTIVE_DRYING
55.3,50.3,772.0,71,0,2.0,27.59168635820039,75,1.87,-1.3,118,ACTIVE_DRYING
57.1,48.7,719.0,68,0,2.0,27.59168635820039,80,1.31,-2.4,113,ACTIVE_DRYING
57.6,47.3,737.0,69,0,2.0,27.59168635820039,85,0.61,-1.31,108,ACTIVE_DRYING
57.6,46.0,762.0,70,0,2.0,27.59168635820039,90,0.36,-1.83,103,ACTIVE_DRYING
57.8,44.9,759.0,69,0,2.0,27.59168635820039,95,0.27,-2.12,98,ACTIVE_DRYING
58.0,43.0,777.0,54,0,2.0,27.59168635820039,100,0.55,-2.74,93,ACTIVE_DRYING
58.3,41.0,746.0,54,0,2.0,27.59168635820039,105,0.11,-1.04,88,ACTIVE_DRYING
57.8,40.6,773.0,55,0,2.0,27.59168635820039,110,-0.76,-0.71,83,STABILIZING
57.9,40.4,726.0,55,0,2.0,27.59168635820039,115,0.16,-0.72,78,STABILIZING
58.0,39.6,720.0,56,0,2.0,27.59168635820039,120,0.3,-1.51,73,NEAR_COMPLETE
57.8,38.4,663.0,55,0,2.0,27.59168635820039,125,0.41,-1.19,68,NEAR_COMPLETE
58.1,37.1,646.0,56,0,2.0,27.59168635820039,130,0.15,-1.17,63,NEAR_COMPLETE
57.8,36.4,620.0,56,0,2.0,27.59168635820039,135,-0.43,-0.83,58,NEAR_COMPLETE
57.9,35.4,610.0,54,0,2.0,27.59168635820039,140,0.05,-1.42,53,NEAR_COMPLETE
57.8,33.5,473.0,55,0,2.0,27.59168635820039,145,0.23,-1.39,48,NEAR_COMPLETE
57.9,33.5,474.0,55,0,2.0,27.59168635820039,150,0.46,-0.5,43,NEAR_COMPLETE
57.8,31.7,428.0,56,0,2.0,27.59168635820039,155,0.54,-1.53,38,COMPLETE
57.8,31.9,396.0,56,0,2.0,27.59168635820039,160,0.27,-0.51,33,COMPLETE
57.0,30.6,270.0,56,0,2.0,27.59168635820039,165,-0.65,-0.95,28,COMPLETE
56.9,30.0,232.0,54,0,2.0,27.59168635820039,170,-0.04,-0.51,23,COMPLETE
56.4,29.7,202.0,53,0,2.0,27.59168635820039,175,-0.71,-0.06,18,COMPLETE
55.2,29.2,169.0,53,0,2.0,27.59168635820039,180,-1.13,-0.71,13,COMPLETE
53.7,28.2,83.0,53,0,2.0,27.59168635820039,185,-1.44,-0.34,8,COMPLETE
52.0,27.7,20.0,53,0,2.0,27.59168635820039,190,-1.27,0.07,3,COMPLETE
34.0,72.4,49.0,42,1,1.3,37.81152833133004,0,0.39,0.16,204,INITIAL
38.6,71.3,32.0,49,1,1.3,37.81152833133004,5,4.69,-1.4,199,INITIAL
42.9,69.3,66.0,59,1,1.3,37.81152833133004,10,4.11,-1.51,194,ACTIVE_DRYING
46.2,67.7,166.0,83,1,1.3,37.81152833133004,15,3.64,-1.22,189,ACTIVE_DRYING
50.7,67.1,204.0,83,1,1.3,37.81152833133004,20,3.96,-0.28,184,ACTIVE_DRYING
49.3,66.5,253.0,84,0,1.3,37.81152833133004,25,-0.94,-1.16,179,ACTIVE_DRYING
48.9,64.9,328.0,84,0,1.3,37.81152833133004,30,-0.87,-1.82,174,ACTIVE_DRYING
48.4,63.4,391.0,72,0,1.3,37.81152833133004,35,-0.53,-1.0,169,ACTIVE_DRYING
48.1,62.2,431.0,72,0,1.3,37.81152833133004,40,0.08,-0.9,164,ACTIVE_DRYING
48.5,62.1,422.0,72,0,1.3,37.81152833133004,45,0.06,-0.83,159,ACTIVE_DRYING
48.6,60.8,487.0,72,0,1.3,37.81152833133004,50,0.04,-2.02,154,ACTIVE_DRYING
49.1,59.7,565.0,72,0,1.3,37.81152833133004,55,0.44,-1.49,149,ACTIVE_DRYING
50.0,58.4,607.0,71,0,1.3,37.81152833133004,60,0.98,-1.51,144,ACTIVE_DRYING
51.0,56.9,591.0,69,0,1.3,37.81152833133004,65,0.41,-0.2,139,ACTIVE_DRYING
51.6,57.1,683.0,69,0,1.3,37.81152833133004,70,0.53,0.26,134,ACTIVE_DRYING
52.7,53.9,663.0,71,0,1.3,37.81152833133004,75,1.04,-2.13,129,ACTIVE_DRYING
53.2,53.3,730.0,71,0,1.3,37.81152833133004,80,0.71,-0.67,124,ACTIVE_DRYING
54.9,51.8,716.0,69,0,1.3,37.81152833133004,85,0.85,-1.49,119,ACTIVE_DRYING
55.7,50.5,745.0,72,0,1.3,37.81152833133004,90,0.53,-1.04,114,ACTIVE_DRYING
56.5,49.4,754.0,71,0,1.3,37.81152833133004,95,0.3,-0.9,109,ACTIVE_DRYING
58.5,47.8,700.0,70,0,1.3,37.81152833133004,100,1.49,-0.77,104,ACTIVE_DRYING
58.2,48.9,743.0,72,0,1.3,37.81152833133004,105,-0.76,0.02,99,ACTIVE_DRYING
57.8,46.4,730.0,69,0,1.3,37.81152833133004,110,-0.2,-2.12,94,ACTIVE_DRYING
58.0,45.5,719.0,71,0,1.3,37.81152833133004,115,-0.01,-0.39,89,STABILIZING
58.1,45.8,717.0,70,0,1.3,37.81152833133004,120,0.41,-0.3,84,STABILIZING
58.3,43.7,689.0,70,0,1.3,37.81152833133004,125,0.07,-1.97,79,STABILIZING
58.2,41.9,640.0,53,0,1.3,37.81152833133004,130,-0.53,-0.37,74,STABILIZING
58.2,42.4,661.0,54,0,1.3,37.81152833133004,135,-0.42,-0.07,69,STABILIZING
57.8,40.0,597.0,55,0,1.3,37.81152833133004,140,0.02,-2.56,64,STABILIZING
57.8,38.0,625.0,57,0,1.3,37.81152833133004,145,0.34,-1.9,59,NEAR_COMPLETE
58.0,37.4,554.0,55,0,1.3,37.81152833133004,150,0.31,-0.57,54,NEAR_COMPLETE
57.8,36.7,476.0,54,0,1.3,37.81152833133004,155,0.06,-0.63,49,NEAR_COMPLETE
57.6,36.0,490.0,56,0,1.3,37.81152833133004,160,-0.03,-0.49,44,NEAR_COMPLETE
57.9,35.5,390.0,54,0,1.3,37.81152833133004,165,-0.18,0.07,39,NEAR_COMPLETE
57.2,33.8,375.0,55,0,1.3,37.81152833133004,170,-0.64,-1.77,34,NEAR_COMPLETE
56.5,32.1,353.0,57,0,1.3,37.81152833133004,175,-0.66,-1.03,29,COMPLETE
56.5,31.9,262.0,54,0,1.3,37.81152833133004,180,-0.22,-0.03,24,COMPLETE
55.1,30.5,245.0,54,0,1.3,37.81152833133004,185,-0.81,-1.19,19,COMPLETE
54.1,28.6,191.0,54,0,1.3,37.81152833133004,190,-0.91,-0.63,14,COMPLETE
52.3,29.2,93.0,57,0,1.3,37.81152833133004,195,-1.6,-0.18,9,COMPLETE
51.3,27.0,8.0,54,0,1.3,37.81152833133004,200,-0.8,-1.76,4,COMPLETE
34.1,72.6,0.0,40,1,1.2,27.44102430657763,0,0.1,0.25,233,INITIAL
37.8,70.5,21.0,50,1,1.2,27.44102430657763,5,3.92,-2.86,228,INITIAL
42.5,68.5,122.0,62,1,1.2,27.44102430657763,10,5.34,-2.2,223,ACTIVE_DRYING
46.5,65.3,166.0,84,1,1.2,27.44102430657763,15,4.91,-1.93,218,ACTIVE_DRYING
51.2,63.8,237.0,83,1,1.2,27.44102430657763,20,5.1,-0.8,213,ACTIVE_DRYING
50.9,63.2,236.0,71,0,1.2,27.44102430657763,25,-0.95,-1.19,208,ACTIVE_DRYING
51.0,61.5,332.0,72,0,1.2,27.44102430657763,30,-0.31,-1.1,203,ACTIVE_DRYING
50.6,59.0,336.0,68,0,1.2,27.44102430657763,35,-0.68,-1.33,198,ACTIVE_DRYING
49.9,58.7,369.0,68,0,1.2,27.44102430657763,40,-0.24,-0.72,193,ACTIVE_DRYING
50.1,57.2,408.0,72,0,1.2,27.44102430657763,45,0.03,-0.86,188,ACTIVE_DRYING
50.1,55.7,501.0,68,0,1.2,27.44102430657763,50,-0.54,-1.5,183,ACTIVE_DRYING
49.8,55.8,499.0,68,0,1.2,27.44102430657763,55,-0.09,-0.88,178,ACTIVE_DRYING
51.0,53.0,554.0,69,0,1.2,27.44102430657763,60,0.96,-2.49,173,ACTIVE_DRYING
51.4,51.7,557.0,72,0,1.2,27.44102430657763,65,0.93,-0.81,168,ACTIVE_DRYING
52.5,51.9,606.0,68,0,1.2,27.44102430657763,70,0.81,-0.74,163,ACTIVE_DRYING
52.5,50.4,618.0,69,0,1.2,27.44102430657763,75,0.35,-1.89,158,ACTIVE_DRYING
53.6,49.1,644.0,71,0,1.2,27.44102430657763,80,0.72,-2.02,153,ACTIVE_DRYING
54.7,46.3,662.0,71,0,1.2,27.44102430657763,85,0.88,-2.82,148,ACTIVE_DRYING
55.3,45.0,713.0,72,0,1.2,27.44102430657763,90,0.34,-1.73,143,ACTIVE_DRYING
56.7,43.3,711.0,55,0,1.2,27.44102430657763,95,1.21,-1.58,138,ACTIVE_DRYING
57.2,42.6,732.0,54,0,1.2,27.44102430657763,100,0.98,-0.49,133,ACTIVE_DRYING
57.4,41.5,723.0,55,0,1.2,27.44102430657763,105,0.82,-0.51,128,ACTIVE_DRYING
58.0,41.8,777.0,55,0,1.2,27.44102430657763,110,0.3,-1.48,123,ACTIVE_DRYING
57.4,39.3,725.0,53,0,1.2,27.44102430657763,115,-0.08,-1.74,118,ACTIVE_DRYING
57.3,39.4,826.0,53,0,1.2,27.44102430657763,120,0.54,-0.52,113,NEAR_COMPLETE
57.9,37.3,777.0,55,0,1.2,27.44102430657763,125,0.41,-2.13,108,NEAR_COMPLETE
58.2,37.7,749.0,56,0,1.2,27.44102430657763,130,0.1,-1.15,103,NEAR_COMPLETE
58.2,34.2,691.0,56,0,1.2,27.44102430657763,135,-0.12,-3.49,98,NEAR_COMPLETE
58.2,34.1,673.0,56,0,1.2,27.44102430657763,140,-0.29,-0.33,93,NEAR_COMPLETE
57.9,33.4,633.0,53,0,1.2,27.44102430657763,145,-0.5,-1.17,88,NEAR_COMPLETE
57.6,31.0,650.0,54,0,1.2,27.44102430657763,150,0.25,-1.42,83,NEAR_COMPLETE
57.9,30.6,670.0,53,0,1.2,27.44102430657763,155,0.57,-0.34,78,COMPLETE
58.1,30.5,588.0,55,0,1.2,27.44102430657763,160,0.12,-0.87,73,COMPLETE
58.1,28.2,593.0,53,0,1.2,27.44102430657763,165,-0.03,-2.45,68,COMPLETE
57.9,27.0,528.0,55,0,1.2,27.44102430657763,170,-0.01,-1.15,63,COMPLETE
57.5,26.1,541.0,56,0,1.2,27.44102430657763,175,-0.09,-0.48,58,COMPLETE
57.9,25.4,457.0,57,0,1.2,27.44102430657763,180,0.3,-0.67,53,COMPLETE
57.8,24.8,447.0,54,0,1.2,27.44102430657763,185,0.2,-0.3,48,COMPLETE
57.7,23.9,386.0,56,0,1.2,27.44102430657763,190,0.05,-1.37,43,COMPLETE
57.3,23.1,365.0,54,0,1.2,27.44102430657763,195,-0.21,-0.91,38,COMPLETE
56.5,22.4,306.0,54,0,1.2,27.44102430657763,200,-0.69,-0.63,33,COMPLETE
56.1,22.2,268.0,53,0,1.2,27.44102430657763,205,-0.26,0.51,28,COMPLETE
55.6,21.3,237.0,54,0,1.2,27.44102430657763,210,-0.42,-0.55,23,COMPLETE
55.0,21.5,225.0,56,0,1.2,27.44102430657763,215,-0.49,-0.1,18,COMPLETE
54.1,21.7,96.0,53,0,1.2,27.44102430657763,220,-1.25,-0.09,13,COMPLETE
52.9,19.8,132.0,56,0,1.2,27.44102430657763,225,-0.98,-0.89,8,COMPLETE
51.6,20.4,80.0,55,0,1.2,27.44102430657763,230,-1.0,-0.12,3,COMPLETE
34.8,72.6,7.0,41,1,2.2,26.674987524525545,0,0.15,-0.19,352,INITIAL
38.8,70.4,25.0,49,1,2.2,26.674987524525545,5,3.86,-1.23,347,INITIAL
44.3,69.3,50.0,59,1,2.2,26.674987524525545,10,4.47,-1.49,342,ACTIVE_DRYING
47.1,67.4,143.0,85,1,2.2,26.674987524525545,15,3.68,-1.47,337,ACTIVE_DRYING
51.2,65.6,136.0,84,1,2.2,26.674987524525545,20,4.29,-1.9,332,ACTIVE_DRYING
49.7,63.7,183.0,85,0,2.2,26.674987524525545,25,-0.84,-1.89,327,ACTIVE_DRYING
49.2,62.6,191.0,70,0,2.2,26.674987524525545,30,-0.66,-1.27,322,ACTIVE_DRYING
47.8,60.2,248.0,70,0,2.2,26.674987524525545,35,-1.77,-2.32,317,ACTIVE_DRYING
52.8,58.7,282.0,71,1,2.2,26.674987524525545,40,5.16,-1.28,312,ACTIVE_DRYING
52.4,57.7,326.0,68,0,2.2,26.674987524525545,45,-0.31,-0.84,307,ACTIVE_DRYING
51.2,56.6,291.0,70,0,2.2,26.674987524525545,50,-0.69,-0.79,302,ACTIVE_DRYING
50.9,55.7,352.0,70,0,2.2,26.674987524525545,55,-0.34,-0.62,297,ACTIVE_DRYING
50.6,54.2,410.0,71,0,2.2,26.674987524525545,60,0.31,-1.97,292,ACTIVE_DRYING
51.4,52.3,472.0,71,0,2.2,26.674987524525545,65,0.52,-1.74,287,ACTIVE_DRYING
51.5,51.8,459.0,70,0,2.2,26.674987524525545,70,-0.27,-0.85,282,ACTIVE_DRYING
51.2,49.7,436.0,70,0,2.2,26.674987524525545,75,-0.49,-1.99,277,ACTIVE_DRYING
51.1,48.3,489.0,71,0,2.2,26.674987524525545,80,0.52,-0.82,272,ACTIVE_DRYING
51.6,47.8,533.0,71,0,2.2,26.674987524525545,85,0.57,-0.52,267,ACTIVE_DRYING
51.4,45.9,519.0,69,0,2.2,26.674987524525545,90,0.71,-1.51,262,ACTIVE_DRYING
52.1,46.3,550.0,72,0,2.2,26.674987524525545,95,1.29,-0.36,257,ACTIVE_DRYING
52.7,44.9,572.0,68,0,2.2,26.674987524525545,100,0.65,-1.7,252,ACTIVE_DRYING
53.8,42.6,606.0,56,0,2.2,26.674987524525545,105,1.01,-2.17,247,ACTIVE_DRYING
54.5,41.7,593.0,53,0,2.2,26.674987524525545,110,0.75,-1.6,242,ACTIVE_DRYING
55.2,39.1,584.0,55,0,2.2,26.674987524525545,115,0.61,-1.73,237,NEAR_COMPLETE
56.2,40.1,666.0,56,0,2.2,26.674987524525545,120,1.15,-0.04,232,NEAR_COMPLETE
57.4,37.3,651.0,56,0,2.2,26.674987524525545,125,1.1,-2.99,227,NEAR_COMPLETE
57.5,35.4,687.0,56,0,2.2,26.674987524525545,130,0.28,-1.65,222,NEAR_COMPLETE
58.0,34.9,692.0,57,0,2.2,26.674987524525545,135,0.91,-0.84,217,NEAR_COMPLETE
57.8,33.0,721.0,55,0,2.2,26.674987524525545,140,0.24,-1.52,212,NEAR_COMPLETE
57.9,31.9,703.0,55,0,2.2,26.674987524525545,145,0.52,-0.56,207,COMPLETE
57.7,32.2,763.0,54,0,2.2,26.674987524525545,150,-0.06,0.13,202,COMPLETE
57.6,30.8,746.0,54,0,2.2,26.674987524525545,155,0.3,-1.0,197,COMPLETE
58.2,31.0,745.0,57,0,2.2,26.674987524525545,160,0.37,-0.52,192,COMPLETE
57.9,28.2,745.0,54,0,2.2,26.674987524525545,165,-0.9,-2.21,187,COMPLETE
58.3,28.8,791.0,57,0,2.2,26.674987524525545,170,0.14,0.18,182,COMPLETE
58.3,27.5,765.0,53,0,2.2,26.674987524525545,175,-0.23,-1.55,177,COMPLETE
57.9,26.3,762.0,57,0,2.2,26.674987524525545,180,-0.33,-1.1,172,COMPLETE
57.8,24.6,763.0,56,0,2.2,26.674987524525545,185,0.1,-1.04,167,COMPLETE
58.1,24.0,773.0,57,0,2.2,26.674987524525545,190,0.14,0.23,162,COMPLETE
57.9,23.2,723.0,54,0,2.2,26.674987524525545,195,-0.39,0.06,157,COMPLETE
58.4,22.9,751.0,56,0,2.2,26.674987524525545,200,0.03,-0.48,152,COMPLETE
58.1,21.8,724.0,54,0,2.2,26.674987524525545,205,-0.74,-1.44,147,COMPLETE
58.7,20.3,746.0,54,0,2.2,26.674987524525545,210,-0.0,-2.02,142,COMPLETE
57.9,19.0,747.0,55,0,2.2,26.674987524525545,215,-0.18,-1.54,137,COMPLETE
58.1,19.0,667.0,56,0,2.2,26.674987524525545,220,0.16,-0.8,132,COMPLETE
58.1,18.9,632.0,54,0,2.2,26.674987524525545,225,0.06,-0.53,127,COMPLETE
57.9,18.1,656.0,55,0,2.2,26.674987524525545,230,0.0,-1.14,122,COMPLETE
57.4,18.4,675.0,55,0,2.2,26.674987524525545,235,0.29,-0.9,117,COMPLETE
58.4,17.8,587.0,56,0,2.2,26.674987524525545,240,0.63,-0.5,112,COMPLETE
58.3,17.8,598.0,57,0,2.2,26.674987524525545,245,-0.23,-0.15,107,COMPLETE
57.9,17.9,584.0,57,0,2.2,26.674987524525545,250,-0.12,0.35,102,COMPLETE
58.0,18.2,524.0,56,0,2.2,26.674987524525545,255,-0.19,0.37,97,COMPLETE
57.7,18.7,574.0,56,0,2.2,26.674987524525545,260,-0.12,-0.2,92,COMPLETE
58.2,18.5,452.0,57,0,2.2,26.674987524525545,265,0.66,-1.14,87,COMPLETE
58.1,18.5,545.0,54,0,2.2,26.674987524525545,270,-0.01,-0.14,82,COMPLETE
58.3,17.8,487.0,56,0,2.2,26.674987524525545,275,0.0,-0.8,77,COMPLETE
57.6,18.6,423.0,57,0,2.2,26.674987524525545,280,-0.2,0.3,72,COMPLETE
57.9,16.8,444.0,55,0,2.2,26.674987524525545,285,-0.08,-0.43,67,COMPLETE
57.9,18.0,384.0,55,0,2.2,26.674987524525545,290,-0.02,1.74,62,COMPLETE
57.7,17.6,413.0,54,0,2.2,26.674987524525545,295,-0.12,-0.14,57,COMPLETE
56.8,17.2,344.0,56,0,2.2,26.674987524525545,300,-0.89,0.12,52,COMPLETE
56.4,18.2,313.0,55,0,2.2,26.674987524525545,305,-0.67,1.48,47,COMPLETE
56.0,18.1,310.0,57,0,2.2,26.674987524525545,310,-0.71,-0.15,42,COMPLETE
55.4,18.1,222.0,56,0,2.2,26.674987524525545,315,-0.25,0.14,37,COMPLETE
54.7,18.5,252.0,53,0,2.2,26.674987524525545,320,-0.65,-0.25,32,COMPLETE
54.0,19.1,168.0,53,0,2.2,26.674987524525545,325,-0.58,-0.33,27,COMPLETE
53.0,17.7,161.0,57,0,2.2,26.674987524525545,330,-1.16,-1.38,22,COMPLETE
51.9,17.9,76.0,55,0,2.2,26.674987524525545,335,-1.37,0.11,17,COMPLETE
50.5,17.5,76.0,56,0,2.2,26.674987524525545,340,-1.11,-0.03,12,COMPLETE
49.2,16.8,47.0,54,0,2.2,26.674987524525545,345,-1.52,0.7,7,COMPLETE
47.5,17.8,0.0,56,0,2.2,26.674987524525545,350,-1.13,1.33,2,COMPLETE
35.9,72.1,0.0,39,1,1.9,27.944050786776113,0,0.23,0.67,346,INITIAL
39.9,71.1,0.0,52,1,1.9,27.944050786776113,5,4.08,-1.13,341,INITIAL
43.6,69.0,36.0,62,1,1.9,27.944050786776113,10,3.95,-2.47,336,ACTIVE_DRYING
48.5,67.4,107.0,87,1,1.9,27.944050786776113,15,4.04,-1.47,331,ACTIVE_DRYING
51.9,65.1,155.0,85,1,1.9,27.944050786776113,20,3.1,-2.46,326,ACTIVE_DRYING
49.8,64.5,175.0,86,0,1.9,27.944050786776113,25,-1.91,-1.11,321,ACTIVE_DRYING
49.1,63.5,214.0,69,0,1.9,27.944050786776113,30,-0.37,-1.92,316,ACTIVE_DRYING
48.0,60.6,257.0,70,0,1.9,27.944050786776113,35,-0.58,-2.23,311,ACTIVE_DRYING
47.9,60.0,245.0,69,0,1.9,27.944050786776113,40,-0.75,-0.98,306,ACTIVE_DRYING
47.6,57.4,303.0,68,0,1.9,27.944050786776113,45,-0.21,-1.83,301,ACTIVE_DRYING
47.2,56.3,343.0,72,0,1.9,27.944050786776113,50,-0.7,-0.99,296,ACTIVE_DRYING
47.1,54.8,337.0,68,0,1.9,27.944050786776113,55,0.09,-1.33,291,ACTIVE_DRYING
46.7,53.7,327.0,72,0,1.9,27.944050786776113,60,-0.66,-1.48,286,ACTIVE_DRYING
46.3,52.8,381.0,71,0,1.9,27.944050786776113,65,0.1,-1.26,281,ACTIVE_DRYING
47.1,50.9,426.0,69,0,1.9,27.944050786776113,70,0.99,-1.55,276,ACTIVE_DRYING
48.2,50.7,496.0,69,0,1.9,27.944050786776113,75,1.04,-1.24,271,ACTIVE_DRYING
47.7,48.5,463.0,72,0,1.9,27.944050786776113,80,-0.12,-2.7,266,ACTIVE_DRYING
49.1,46.5,503.0,71,0,1.9,27.944050786776113,85,1.62,-2.01,261,ACTIVE_DRYING
50.0,46.1,559.0,71,0,1.9,27.944050786776113,90,1.24,-0.71,256,ACTIVE_DRYING
51.1,45.2,596.0,68,0,1.9,27.944050786776113,95,0.01,-1.29,251,ACTIVE_DRYING
51.9,44.1,583.0,70,0,1.9,27.944050786776113,100,0.28,-1.04,246,ACTIVE_DRYING
52.3,42.2,567.0,55,0,1.9,27.944050786776113,105,0.95,-1.6,241,ACTIVE_DRYING
54.2,42.3,681.0,55,0,1.9,27.944050786776113,110,1.41,-0.69,236,ACTIVE_DRYING
54.8,40.6,684.0,57,0,1.9,27.944050786776113,115,0.73,-1.54,231,ACTIVE_DRYING
55.9,39.9,627.0,57,0,1.9,27.944050786776113,120,1.33,-1.42,226,ACTIVE_DRYING
57.2,38.5,700.0,53,0,1.9,27.944050786776113,125,1.55,-1.11,221,ACTIVE_DRYING
57.8,37.6,695.0,56,0,1.9,27.944050786776113,130,0.75,-0.54,216,ACTIVE_DRYING
58.4,37.2,694.0,54,0,1.9,27.944050786776113,135,0.57,-0.12,211,NEAR_COMPLETE
57.6,36.7,734.0,57,0,1.9,27.944050786776113,140,-0.19,-1.19,206,NEAR_COMPLETE
58.5,33.7,717.0,57,0,1.9,27.944050786776113,145,0.52,-2.87,201,NEAR_COMPLETE
57.6,34.7,713.0,55,0,1.9,27.944050786776113,150,-0.29,-0.26,196,NEAR_COMPLETE
58.1,32.0,790.0,54,0,1.9,27.944050786776113,155,0.59,-2.83,191,NEAR_COMPLETE
58.1,29.6,754.0,54,0,1.9,27.944050786776113,160,-0.15,-1.62,186,NEAR_COMPLETE
57.9,29.6,726.0,54,0,1.9,27.944050786776113,165,-0.24,0.71,181,NEAR_COMPLETE
58.3,28.7,730.0,57,0,1.9,27.944050786776113,170,-0.03,-0.78,176,COMPLETE
57.8,28.8,782.0,56,0,1.9,27.944050786776113,175,-0.21,-0.43,171,COMPLETE
58.3,28.0,781.0,55,0,1.9,27.944050786776113,180,0.03,-0.19,166,COMPLETE
57.4,26.5,788.0,57,0,1.9,27.944050786776113,185,-0.13,-0.22,161,COMPLETE
58.1,26.1,734.0,56,0,1.9,27.944050786776113,190,0.6,-1.12,156,COMPLETE
58.0,24.1,753.0,53,0,1.9,27.944050786776113,195,-0.17,-1.51,151,COMPLETE
58.2,23.6,739.0,53,0,1.9,27.944050786776113,200,0.65,0.08,146,COMPLETE
58.1,22.7,724.0,56,0,1.9,27.944050786776113,205,0.04,-0.5,141,COMPLETE
58.7,22.7,738.0,57,0,1.9,27.944050786776113,210,0.03,-0.34,136,COMPLETE
58.3,21.5,654.0,56,0,1.9,27.944050786776113,215,-0.44,-1.48,131,COMPLETE
57.9,20.2,766.0,57,0,1.9,27.944050786776113,220,-0.49,-1.05,126,COMPLETE
58.3,19.4,658.0,56,0,1.9,27.944050786776113,225,0.04,-1.35,121,COMPLETE
58.0,18.3,642.0,53,0,1.9,27.944050786776113,230,-0.57,-0.78,116,COMPLETE
57.9,17.8,621.0,53,0,1.9,27.944050786776113,235,-0.02,-0.92,111,COMPLETE
58.1,18.7,620.0,56,0,1.9,27.944050786776113,240,0.02,0.13,106,COMPLETE
58.3,18.9,602.0,54,0,1.9,27.944050786776113,245,-0.21,-0.34,101,COMPLETE
57.8,17.9,570.0,55,0,1.9,27.944050786776113,250,-0.18,-0.98,96,COMPLETE
58.2,18.2,523.0,55,0,1.9,27.944050786776113,255,0.55,0.05,91,COMPLETE
57.9,18.4,546.0,56,0,1.9,27.944050786776113,260,0.17,-0.32,86,COMPLETE
57.4,17.2,478.0,57,0,1.9,27.944050786776113,265,-0.07,0.15,81,COMPLETE
57.9,18.2,440.0,54,0,1.9,27.944050786776113,270,0.73,1.15,76,COMPLETE
57.7,18.4,433.0,55,0,1.9,27.944050786776113,275,0.15,-0.21,71,COMPLETE
58.2,18.4,446.0,57,0,1.9,27.944050786776113,280,0.07,-0.42,66,COMPLETE
58.1,17.9,434.0,53,0,1.9,27.944050786776113,285,-0.6,-0.14,61,COMPLETE
58.0,18.5,375.0,54,0,1.9,27.944050786776113,290,-0.45,0.37,56,COMPLETE
58.0,17.9,320.0,54,0,1.9,27.944050786776113,295,-0.45,-0.39,51,COMPLETE
57.3,17.5,313.0,57,0,1.9,27.944050786776113,300,-0.43,0.16,46,COMPLETE
57.6,18.7,324.0,56,0,1.9,27.944050786776113,305,0.02,0.93,41,COMPLETE
56.7,17.3,240.0,56,0,1.9,27.944050786776113,310,-0.73,-0.71,36,COMPLETE
55.9,17.7,177.0,56,0,1.9,27.944050786776113,315,-0.62,0.98,31,COMPLETE
54.9,19.0,170.0,54,0,1.9,27.944050786776113,320,-1.49,0.08,26,COMPLETE
53.0,17.4,119.0,54,0,1.9,27.944050786776113,325,-1.42,-0.98,21,COMPLETE
51.9,16.4,144.0,53,0,1.9,27.944050786776113,330,-0.73,0.46,16,COMPLETE
50.9,18.0,92.0,53,0,1.9,27.944050786776113,335,-1.13,1.98,11,COMPLETE
49.5,18.4,39.0,55,0,1.9,27.944050786776113,340,-1.46,-0.42,6,COMPLETE
48.2,18.6,39.0,56,0,1.9,27.944050786776113,345,-1.83,0.06,1,COMPLETE
37.0,71.8,16.0,42,1,1.5,25.047600281439088,0,-0.08,0.44,345,INITIAL
41.6,70.6,37.0,49,1,1.5,25.047600281439088,5,4.28,-0.61,340,INITIAL
44.8,69.1,73.0,61,1,1.5,25.047600281439088,10,3.49,-1.16,335,ACTIVE_DRYING
48.5,67.2,77.0,84,1,1.5,25.047600281439088,15,3.63,-2.26,330,ACTIVE_DRYING
46.6,65.2,158.0,85,0,1.5,25.047600281439088,20,-1.92,-3.0,325,ACTIVE_DRYING
50.5,63.8,121.0,86,1,1.5,25.047600281439088,25,3.48,-1.73,320,ACTIVE_DRYING
48.6,62.3,207.0,71,0,1.5,25.047600281439088,30,-0.98,-2.16,315,ACTIVE_DRYING
48.7,60.0,201.0,68,0,1.5,25.047600281439088,35,0.01,-2.09,310,ACTIVE_DRYING
47.0,59.8,282.0,72,0,1.5,25.047600281439088,40,-1.07,-1.25,305,ACTIVE_DRYING
46.0,57.1,239.0,72,0,1.5,25.047600281439088,45,-0.33,-2.59,300,ACTIVE_DRYING
46.2,54.6,310.0,70,0,1.5,25.047600281439088,50,-0.19,-1.11,295,ACTIVE_DRYING
45.9,53.9,361.0,68,0,1.5,25.047600281439088,55,-0.06,-0.63,290,ACTIVE_DRYING
46.5,53.6,414.0,69,0,1.5,25.047600281439088,60,0.27,-0.51,285,ACTIVE_DRYING
45.8,50.5,382.0,71,0,1.5,25.047600281439088,65,-0.51,-2.55,280,ACTIVE_DRYING
46.8,49.1,511.0,70,0,1.5,25.047600281439088,70,0.45,-1.69,275,ACTIVE_DRYING
46.2,48.0,474.0,71,0,1.5,25.047600281439088,75,-0.63,-1.04,270,ACTIVE_DRYING
46.4,47.0,475.0,72,0,1.5,25.047600281439088,80,0.04,-1.04,265,ACTIVE_DRYING
47.3,45.5,478.0,70,0,1.5,25.047600281439088,85,0.93,-1.42,260,ACTIVE_DRYING
47.7,44.0,522.0,70,0,1.5,25.047600281439088,90,0.32,-1.45,255,ACTIVE_DRYING
48.3,44.1,633.0,53,0,1.5,25.047600281439088,95,0.75,-1.44,250,ACTIVE_DRYING
49.2,41.3,564.0,53,0,1.5,25.047600281439088,100,0.86,-2.56,245,ACTIVE_DRYING
50.0,41.6,565.0,55,0,1.5,25.047600281439088,105,0.8,-1.69,240,ACTIVE_DRYING
51.1,37.8,568.0,54,0,1.5,25.047600281439088,110,1.33,-3.23,235,ACTIVE_DRYING
52.1,37.7,615.0,56,0,1.5,25.047600281439088,115,1.08,-1.14,230,ACTIVE_DRYING
53.3,36.4,710.0,56,0,1.5,25.047600281439088,120,1.33,-1.2,225,ACTIVE_DRYING
54.3,35.8,655.0,54,0,1.5,25.047600281439088,125,0.93,-0.89,220,ACTIVE_DRYING
55.6,34.7,665.0,55,0,1.5,25.047600281439088,130,1.09,-0.88,215,NEAR_COMPLETE
56.5,33.3,731.0,55,0,1.5,25.047600281439088,135,0.76,-1.49,210,NEAR_COMPLETE
57.3,33.2,710.0,54,0,1.5,25.047600281439088,140,0.86,-0.38,205,NEAR_COMPLETE
58.1,31.9,690.0,56,0,1.5,25.047600281439088,145,0.22,-1.88,200,NEAR_COMPLETE
58.0,29.5,700.0,56,0,1.5,25.047600281439088,150,0.15,-2.12,195,NEAR_COMPLETE
58.4,29.5,797.0,53,0,1.5,25.047600281439088,155,0.2,-0.34,190,NEAR_COMPLETE
57.9,29.0,793.0,53,0,1.5,25.047600281439088,160,0.06,-1.49,185,NEAR_COMPLETE
57.9,27.9,742.0,55,0,1.5,25.047600281439088,165,-0.01,-1.17,180,COMPLETE
58.1,26.7,753.0,54,0,1.5,25.047600281439088,170,0.11,-1.24,175,COMPLETE
57.9,24.6,768.0,57,0,1.5,25.047600281439088,175,-0.35,-1.49,170,COMPLETE
57.8,24.5,755.0,57,0,1.5,25.047600281439088,180,-0.09,-0.06,165,COMPLETE
58.0,23.6,757.0,53,0,1.5,25.047600281439088,185,-0.02,-0.59,160,COMPLETE
57.9,22.0,748.0,54,0,1.5,25.047600281439088,190,-0.07,-1.21,155,COMPLETE
57.8,21.5,750.0,54,0,1.5,25.047600281439088,195,0.51,0.1,150,COMPLETE
58.3,20.8,754.0,54,0,1.5,25.047600281439088,200,0.03,0.04,145,COMPLETE
58.1,19.6,709.0,56,0,1.5,25.047600281439088,205,0.27,-1.38,140,COMPLETE
58.4,19.1,676.0,54,0,1.5,25.047600281439088,210,0.06,0.38,135,COMPLETE
57.7,19.6,668.0,54,0,1.5,25.047600281439088,215,-0.35,-0.26,130,COMPLETE
58.0,18.1,710.0,56,0,1.5,25.047600281439088,220,0.25,-0.92,125,COMPLETE
58.1,17.7,587.0,57,0,1.5,25.047600281439088,225,-0.08,-0.09,120,COMPLETE
58.3,17.7,676.0,57,0,1.5,25.047600281439088,230,0.13,0.14,115,COMPLETE
58.3,17.6,586.0,54,0,1.5,25.047600281439088,235,0.25,0.09,110,COMPLETE
58.5,17.7,572.0,57,0,1.5,25.047600281439088,240,-0.21,0.19,105,COMPLETE
58.4,17.0,592.0,55,0,1.5,25.047600281439088,245,-0.45,0.71,100,COMPLETE
58.3,17.9,586.0,53,0,1.5,25.047600281439088,250,-0.06,1.38,95,COMPLETE
57.2,17.3,527.0,57,0,1.5,25.047600281439088,255,-0.37,-0.23,90,COMPLETE
58.4,18.6,529.0,54,0,1.5,25.047600281439088,260,0.72,0.45,85,COMPLETE
58.4,18.7,485.0,56,0,1.5,25.047600281439088,265,-0.38,-0.65,80,COMPLETE
58.5,17.1,467.0,54,0,1.5,25.047600281439088,270,0.04,-0.69,75,COMPLETE
58.0,17.6,490.0,53,0,1.5,25.047600281439088,275,-0.73,0.88,70,COMPLETE
58.1,18.2,393.0,57,0,1.5,25.047600281439088,280,-0.33,0.55,65,COMPLETE
58.0,17.3,423.0,55,0,1.5,25.047600281439088,285,-0.19,-0.26,60,COMPLETE
57.6,18.3,313.0,57,0,1.5,25.047600281439088,290,-0.23,0.52,55,COMPLETE
57.2,18.5,354.0,57,0,1.5,25.047600281439088,295,-0.33,0.0,50,COMPLETE
57.0,18.2,284.0,54,0,1.5,25.047600281439088,300,-0.49,-0.47,45,COMPLETE
56.2,18.2,222.0,57,0,1.5,25.047600281439088,305,-0.52,0.12,40,COMPLETE
55.2,17.6,246.0,56,0,1.5,25.047600281439088,310,-0.47,-0.31,35,COMPLETE
54.6,18.7,204.0,54,0,1.5,25.047600281439088,315,-0.67,0.25,30,COMPLETE
53.7,17.9,199.0,54,0,1.5,25.047600281439088,320,-0.74,-0.86,25,COMPLETE
52.7,17.7,118.0,54,0,1.5,25.047600281439088,325,-1.12,0.42,20,COMPLETE
51.9,17.8,123.0,54,0,1.5,25.047600281439088,330,-1.19,0.58,15,COMPLETE
50.1,18.3,64.0,55,0,1.5,25.047600281439088,335,-1.32,0.11,10,COMPLETE
48.7,18.2,22.0,54,0,1.5,25.047600281439088,340,-1.5,-0.63,5,COMPLETE
47.2,17.9,15.0,57,0,1.5,25.047600281439088,345,-1.78,-0.08,0,COMPLETE
34.0,71.4,47.0,42,1,2.8,26.117090945009277,0,0.0,0.36,340,INITIAL
38.8,70.1,0.0,50,1,2.8,26.117090945009277,5,4.42,-1.75,335,INITIAL
43.4,67.2,99.0,59,1,2.8,26.117090945009277,10,4.31,-2.49,330,ACTIVE_DRYING
46.7,66.2,63.0,86,1,2.8,26.117090945009277,15,2.7,-2.38,325,ACTIVE_DRYING
50.2,63.1,115.0,87,1,2.8,26.117090945009277,20,3.4,-2.27,320,ACTIVE_DRYING
48.5,61.8,203.0,69,0,2.8,26.117090945009277,25,-1.51,-0.97,315,ACTIVE_DRYING
48.7,59.6,200.0,68,0,2.8,26.117090945009277,30,-0.68,-1.91,310,ACTIVE_DRYING
46.9,57.4,240.0,71,0,2.8,26.117090945009277,35,-2.4,-1.7,305,ACTIVE_DRYING
45.6,55.0,249.0,71,0,2.8,26.117090945009277,40,-1.17,-0.85,300,ACTIVE_DRYING
45.6,54.5,267.0,71,0,2.8,26.117090945009277,45,-0.4,-0.05,295,ACTIVE_DRYING
45.4,53.6,348.0,69,0,2.8,26.117090945009277,50,-0.47,-1.2,290,ACTIVE_DRYING
44.3,51.3,310.0,69,0,2.8,26.117090945009277,55,-0.93,-0.88,285,ACTIVE_DRYING
45.3,50.6,402.0,69,0,2.8,26.117090945009277,60,0.64,-0.02,280,ACTIVE_DRYING
44.6,49.8,404.0,72,0,2.8,26.117090945009277,65,-0.7,-0.79,275,ACTIVE_DRYING
45.3,48.4,435.0,69,0,2.8,26.117090945009277,70,0.61,-0.76,270,ACTIVE_DRYING
45.6,48.4,496.0,68,0,2.8,26.117090945009277,75,0.55,-1.55,265,ACTIVE_DRYING
46.2,46.0,481.0,69,0,2.8,26.117090945009277,80,0.33,-2.64,260,ACTIVE_DRYING
46.6,45.4,532.0,69,0,2.8,26.117090945009277,85,0.45,-0.54,255,ACTIVE_DRYING
47.1,44.2,565.0,69,0,2.8,26.117090945009277,90,0.36,-1.18,250,ACTIVE_DRYING
48.0,43.0,595.0,56,0,2.8,26.117090945009277,95,0.74,-0.91,245,ACTIVE_DRYING
49.3,43.4,575.0,56,0,2.8,26.117090945009277,100,0.53,-0.46,240,ACTIVE_DRYING
50.3,41.6,647.0,56,0,2.8,26.117090945009277,105,0.85,-1.48,235,ACTIVE_DRYING
51.1,41.2,581.0,56,0,2.8,26.117090945009277,110,0.65,-1.08,230,ACTIVE_DRYING
52.1,40.4,640.0,57,0,2.8,26.117090945009277,115,0.24,-0.51,225,ACTIVE_DRYING
52.9,38.9,640.0,53,0,2.8,26.117090945009277,120,0.95,-1.05,220,ACTIVE_DRYING
53.1,37.1,658.0,55,0,2.8,26.117090945009277,125,0.33,-1.49,215,NEAR_COMPLETE
54.8,36.7,719.0,55,0,2.8,26.117090945009277,130,1.97,-0.39,210,NEAR_COMPLETE
56.8,36.0,741.0,54,0,2.8,26.117090945009277,135,1.71,-0.44,205,NEAR_COMPLETE
57.5,34.7,716.0,57,0,2.8,26.117090945009277,140,0.92,0.08,200,NEAR_COMPLETE
58.3,35.3,766.0,56,0,2.8,26.117090945009277,145,0.75,0.63,195,NEAR_COMPLETE
57.5,33.6,759.0,57,0,2.8,26.117090945009277,150,-0.39,-1.34,190,NEAR_COMPLETE
58.0,34.6,733.0,53,0,2.8,26.117090945009277,155,0.6,0.14,185,NEAR_COMPLETE
58.3,32.2,766.0,57,0,2.8,26.117090945009277,160,0.06,-0.93,180,COMPLETE
58.2,31.2,733.0,56,0,2.8,26.117090945009277,165,-0.4,-0.56,175,COMPLETE
57.7,31.8,742.0,54,0,2.8,26.117090945009277,170,-0.53,-0.43,170,COMPLETE
57.5,30.6,815.0,53,0,2.8,26.117090945009277,175,0.21,-1.06,165,COMPLETE
57.9,29.8,731.0,56,0,2.8,26.117090945009277,180,0.69,-1.16,160,COMPLETE
57.8,29.3,766.0,54,0,2.8,26.117090945009277,185,0.2,-0.83,155,COMPLETE
58.0,27.5,747.0,54,0,2.8,26.117090945009277,190,0.08,-2.13,150,COMPLETE
58.2,27.8,741.0,56,0,2.8,26.117090945009277,195,-0.32,-0.04,145,COMPLETE
58.3,27.0,717.0,55,0,2.8,26.117090945009277,200,-0.02,-0.16,140,COMPLETE
58.1,26.9,720.0,55,0,2.8,26.117090945009277,205,-0.28,-0.09,135,COMPLETE
58.2,25.8,651.0,55,0,2.8,26.117090945009277,210,-0.14,-1.51,130,COMPLETE
57.7,25.0,666.0,56,0,2.8,26.117090945009277,215,-0.0,-0.81,125,COMPLETE
58.0,25.1,652.0,57,0,2.8,26.117090945009277,220,0.5,-0.44,120,COMPLETE
58.2,24.0,675.0,53,0,2.8,26.117090945009277,225,-0.06,-1.42,115,COMPLETE
57.7,23.0,625.0,55,0,2.8,26.117090945009277,230,-0.14,-1.23,110,COMPLETE
58.0,21.7,608.0,54,0,2.8,26.117090945009277,235,0.45,-1.33,105,COMPLETE
58.5,21.9,615.0,55,0,2.8,26.117090945009277,240,-0.15,0.61,100,COMPLETE
58.2,21.3,584.0,55,0,2.8,26.117090945009277,245,-0.64,-0.76,95,COMPLETE
57.8,20.4,617.0,55,0,2.8,26.117090945009277,250,-0.42,-0.55,90,COMPLETE
58.0,19.9,530.0,53,0,2.8,26.117090945009277,255,0.5,-0.53,85,COMPLETE
58.1,19.1,636.0,56,0,2.8,26.117090945009277,260,0.14,-0.45,80,COMPLETE
58.2,18.1,546.0,55,0,2.8,26.117090945009277,265,-0.12,-0.54,75,COMPLETE
57.6,18.1,437.0,55,0,2.8,26.117090945009277,270,-0.09,0.35,70,COMPLETE
57.8,17.8,430.0,57,0,2.8,26.117090945009277,275,0.08,-0.05,65,COMPLETE
57.8,18.7,405.0,55,0,2.8,26.117090945009277,280,0.34,0.61,60,COMPLETE
57.9,18.2,410.0,56,0,2.8,26.117090945009277,285,0.12,-0.61,55,COMPLETE
57.5,17.8,368.0,57,0,2.8,26.117090945009277,290,-0.19,-0.76,50,COMPLETE
57.2,18.4,255.0,57,0,2.8,26.117090945009277,295,-0.18,0.64,45,COMPLETE
56.0,17.6,301.0,53,0,2.8,26.117090945009277,300,-0.36,-0.46,40,COMPLETE
55.7,17.4,250.0,55,0,2.8,26.117090945009277,305,-0.43,0.68,35,COMPLETE
55.1,17.9,205.0,57,0,2.8,26.117090945009277,310,-0.81,0.89,30,COMPLETE
54.3,18.4,185.0,56,0,2.8,26.117090945009277,315,-0.75,0.63,25,COMPLETE
53.5,17.9,187.0,56,0,2.8,26.117090945009277,320,-0.86,-0.49,20,COMPLETE
53.1,17.2,143.0,57,0,2.8,26.117090945009277,325,-0.7,0.07,15,COMPLETE
51.3,18.5,80.0,53,0,2.8,26.117090945009277,330,-1.4,0.94,10,COMPLETE
49.8,17.4,19.0,57,0,2.8,26.117090945009277,335,-0.71,-0.41,5,COMPLETE
49.1,17.5,0.0,56,0,2.8,26.117090945009277,340,-1.33,0.89,0,COMPLETE
34.1,73.1,0.0,39,1,2.3,26.302279538926786,0,0.14,0.04,206,INITIAL
38.5,69.7,29.0,50,1,2.3,26.302279538926786,5,4.78,-2.67,201,INITIAL
43.6,68.5,159.0,60,1,2.3,26.302279538926786,10,5.36,-1.12,196,ACTIVE_DRYING
47.8,67.9,193.0,84,1,2.3,26.302279538926786,15,3.98,-0.21,191,ACTIVE_DRYING
51.4,66.4,229.0,86,1,2.3,26.302279538926786,20,3.94,-1.46,186,ACTIVE_DRYING
50.6,65.4,279.0,83,0,2.3,26.302279538926786,25,-0.62,-1.4,181,ACTIVE_DRYING
50.6,62.8,284.0,68,0,2.3,26.302279538926786,30,-0.47,-2.14,176,ACTIVE_DRYING
50.1,61.0,389.0,71,0,2.3,26.302279538926786,35,-1.01,-1.69,171,ACTIVE_DRYING
49.7,59.4,432.0,68,0,2.3,26.302279538926786,40,-0.02,-2.26,166,ACTIVE_DRYING
49.8,57.7,513.0,68,0,2.3,26.302279538926786,45,0.33,-2.19,161,ACTIVE_DRYING
51.0,55.4,538.0,69,0,2.3,26.302279538926786,50,1.32,-1.86,156,ACTIVE_DRYING
51.8,55.6,535.0,69,0,2.3,26.302279538926786,55,0.89,0.13,151,ACTIVE_DRYING
52.8,54.5,611.0,72,0,2.3,26.302279538926786,60,1.23,-1.71,146,ACTIVE_DRYING
53.0,52.5,635.0,70,0,2.3,26.302279538926786,65,0.3,-1.68,141,ACTIVE_DRYING
54.1,51.1,736.0,68,0,2.3,26.302279538926786,70,1.27,-0.57,136,ACTIVE_DRYING
55.3,50.8,694.0,68,0,2.3,26.302279538926786,75,0.64,-1.18,131,ACTIVE_DRYING
56.4,49.0,715.0,69,0,2.3,26.302279538926786,80,0.95,-2.14,126,ACTIVE_DRYING
58.0,47.2,739.0,70,0,2.3,26.302279538926786,85,1.06,-1.49,121,ACTIVE_DRYING
58.0,46.4,741.0,69,0,2.3,26.302279538926786,90,-0.09,-0.96,116,ACTIVE_DRYING
58.0,44.4,720.0,72,0,2.3,26.302279538926786,95,-0.02,-1.02,111,ACTIVE_DRYING
57.3,44.1,732.0,55,0,2.3,26.302279538926786,100,-0.13,-0.74,106,ACTIVE_DRYING
58.0,42.9,789.0,55,0,2.3,26.302279538926786,105,0.77,-1.3,101,ACTIVE_DRYING
58.3,41.6,764.0,57,0,2.3,26.302279538926786,110,0.02,-0.94,96,ACTIVE_DRYING
57.9,39.9,751.0,54,0,2.3,26.302279538926786,115,-0.31,-1.35,91,STABILIZING
58.1,39.2,678.0,56,0,2.3,26.302279538926786,120,0.08,-0.45,86,STABILIZING
57.8,38.9,710.0,55,0,2.3,26.302279538926786,125,-0.13,-1.46,81,STABILIZING
58.4,37.5,694.0,57,0,2.3,26.302279538926786,130,0.01,-1.19,76,STABILIZING
58.6,37.0,647.0,57,0,2.3,26.302279538926786,135,-0.39,-0.26,71,NEAR_COMPLETE
57.7,36.0,675.0,56,0,2.3,26.302279538926786,140,-0.48,-1.33,66,NEAR_COMPLETE
57.6,34.6,600.0,53,0,2.3,26.302279538926786,145,0.18,-2.22,61,NEAR_COMPLETE
58.0,32.2,548.0,55,0,2.3,26.302279538926786,150,0.38,-2.18,56,NEAR_COMPLETE
58.4,31.4,469.0,56,0,2.3,26.302279538926786,155,0.03,0.04,51,NEAR_COMPLETE
57.6,30.1,479.0,53,0,2.3,26.302279538926786,160,-0.56,-1.02,46,NEAR_COMPLETE
58.0,28.8,419.0,53,0,2.3,26.302279538926786,165,0.73,-0.86,41,NEAR_COMPLETE
57.7,28.8,375.0,55,0,2.3,26.302279538926786,170,0.23,-0.53,36,NEAR_COMPLETE
58.1,26.8,325.0,57,0,2.3,26.302279538926786,175,0.32,-0.26,31,COMPLETE
57.7,26.4,290.0,55,0,2.3,26.302279538926786,180,-0.9,0.52,26,COMPLETE
56.2,26.5,221.0,53,0,2.3,26.302279538926786,185,-0.97,-0.28,21,COMPLETE
56.4,24.7,254.0,55,0,2.3,26.302279538926786,190,0.06,-0.73,16,COMPLETE
55.5,25.4,100.0,53,0,2.3,26.302279538926786,195,-1.31,0.45,11,COMPLETE
54.3,23.9,32.0,57,0,2.3,26.302279538926786,200,-1.39,-0.56,6,COMPLETE
52.8,24.4,20.0,53,0,2.3,26.302279538926786,205,-1.4,0.36,1,COMPLETE
33.6,75.1,13.0,41,1,2.5,25.41712107453183,0,0.06,-0.13,250,INITIAL
38.6,72.4,34.0,52,1,2.5,25.41712107453183,5,4.87,-2.26,245,INITIAL
41.9,70.9,0.0,62,1,2.5,25.41712107453183,10,3.54,-1.19,240,ACTIVE_DRYING
45.5,69.1,88.0,87,1,2.5,25.41712107453183,15,4.03,-1.59,235,ACTIVE_DRYING
49.2,67.6,187.0,83,1,2.5,25.41712107453183,20,3.9,-0.96,230,ACTIVE_DRYING
48.5,65.3,225.0,87,0,2.5,25.41712107453183,25,-0.89,-1.97,225,ACTIVE_DRYING
46.9,65.1,227.0,83,0,2.5,25.41712107453183,30,-1.05,-0.61,220,ACTIVE_DRYING
51.7,62.5,295.0,70,1,2.5,25.41712107453183,35,4.03,-2.31,215,ACTIVE_DRYING
51.7,61.7,352.0,70,0,2.5,25.41712107453183,40,-0.47,-0.72,210,ACTIVE_DRYING
50.2,59.3,368.0,72,0,2.5,25.41712107453183,45,-1.08,-2.1,205,ACTIVE_DRYING
50.8,58.1,467.0,68,0,2.5,25.41712107453183,50,0.61,-1.23,200,ACTIVE_DRYING
52.0,57.0,487.0,68,0,2.5,25.41712107453183,55,0.55,-0.72,195,ACTIVE_DRYING
51.7,55.3,515.0,71,0,2.5,25.41712107453183,60,-0.19,-1.67,190,ACTIVE_DRYING
53.1,55.1,544.0,69,0,2.5,25.41712107453183,65,1.18,-1.12,185,ACTIVE_DRYING
54.2,54.0,624.0,70,0,2.5,25.41712107453183,70,0.83,-1.87,180,ACTIVE_DRYING
55.2,53.2,681.0,68,0,2.5,25.41712107453183,75,0.58,-1.78,175,ACTIVE_DRYING
55.7,51.1,624.0,71,0,2.5,25.41712107453183,80,0.39,-3.13,170,ACTIVE_DRYING
56.5,49.5,647.0,70,0,2.5,25.41712107453183,85,0.78,-1.85,165,ACTIVE_DRYING
57.5,47.6,715.0,70,0,2.5,25.41712107453183,90,0.92,-1.64,160,NEAR_COMPLETE
57.8,46.3,715.0,70,0,2.5,25.41712107453183,95,0.71,-1.79,155,NEAR_COMPLETE
57.6,43.2,659.0,68,0,2.5,25.41712107453183,100,0.43,-2.59,150,NEAR_COMPLETE
57.9,43.2,724.0,57,0,2.5,25.41712107453183,105,0.75,0.02,145,NEAR_COMPLETE
57.9,41.2,731.0,57,0,2.5,25.41712107453183,110,0.21,-1.4,140,NEAR_COMPLETE
58.2,39.7,742.0,55,0,2.5,25.41712107453183,115,-0.09,-1.82,135,NEAR_COMPLETE
58.1,38.5,737.0,53,0,2.5,25.41712107453183,120,0.03,-1.21,130,COMPLETE
58.6,37.1,662.0,55,0,2.5,25.41712107453183,125,-0.43,-2.0,125,COMPLETE
57.8,35.7,741.0,57,0,2.5,25.41712107453183,130,-0.58,-0.98,120,COMPLETE
57.8,35.0,700.0,53,0,2.5,25.41712107453183,135,0.15,-0.55,115,COMPLETE
57.8,34.8,703.0,56,0,2.5,25.41712107453183,140,0.11,-0.42,110,COMPLETE
57.8,34.0,739.0,54,0,2.5,25.41712107453183,145,0.43,-0.49,105,COMPLETE
58.0,33.2,723.0,53,0,2.5,25.41712107453183,150,-0.32,-1.66,100,COMPLETE
57.3,32.3,670.0,54,0,2.5,25.41712107453183,155,-0.37,-1.38,95,COMPLETE
58.3,31.1,699.0,57,0,2.5,25.41712107453183,160,0.94,-2.1,90,COMPLETE
57.7,29.3,659.0,53,0,2.5,25.41712107453183,165,-0.47,-1.48,85,COMPLETE
57.8,27.9,565.0,54,0,2.5,25.41712107453183,170,0.32,-0.44,80,COMPLETE
58.0,27.9,614.0,56,0,2.5,25.41712107453183,175,0.29,-0.24,75,COMPLETE
57.9,27.6,603.0,53,0,2.5,25.41712107453183,180,-0.13,-0.02,70,COMPLETE
58.0,25.9,568.0,54,0,2.5,25.41712107453183,185,0.06,-1.13,65,COMPLETE
57.9,26.3,541.0,55,0,2.5,25.41712107453183,190,0.15,0.17,60,COMPLETE
57.6,25.6,461.0,53,0,2.5,25.41712107453183,195,0.07,-0.98,55,COMPLETE
57.7,24.8,457.0,55,0,2.5,25.41712107453183,200,0.98,-1.01,50,COMPLETE
57.4,23.1,376.0,54,0,2.5,25.41712107453183,205,-0.3,-0.49,45,COMPLETE
57.2,21.7,393.0,53,0,2.5,25.41712107453183,210,-0.27,-0.31,40,COMPLETE
56.6,21.8,326.0,57,0,2.5,25.41712107453183,215,-0.67,-0.15,35,COMPLETE
55.5,22.0,251.0,55,0,2.5,25.41712107453183,220,-0.76,-0.62,30,COMPLETE
55.0,20.3,308.0,53,0,2.5,25.41712107453183,225,-0.42,-1.48,25,COMPLETE
54.6,19.3,224.0,56,0,2.5,25.41712107453183,230,-0.08,0.01,20,COMPLETE
53.2,18.9,179.0,57,0,2.5,25.41712107453183,235,-0.71,-0.58,15,COMPLETE
52.4,18.9,129.0,56,0,2.5,25.41712107453183,240,-0.5,-1.37,10,COMPLETE
51.1,19.0,9.0,55,0,2.5,25.41712107453183,245,-1.51,-0.38,5,COMPLETE
49.9,18.2,0.0,57,0,2.5,25.41712107453183,250,-1.22,-1.4,0,COMPLETE
33.0,73.5,28.0,42,1,2.8,31.310203099168216,0,-0.15,-0.36,257,INITIAL
37.3,73.4,0.0,51,1,2.8,31.310203099168216,5,3.98,-1.7,252,INITIAL
41.6,69.0,64.0,62,1,2.8,31.310203099168216,10,3.92,-3.91,247,ACTIVE_DRYING
45.5,69.2,157.0,86,1,2.8,31.310203099168216,15,3.57,-1.22,242,ACTIVE_DRYING
49.4,66.3,220.0,87,1,2.8,31.310203099168216,20,3.87,-2.96,237,ACTIVE_DRYING
48.5,64.8,201.0,83,0,2.8,31.310203099168216,25,-1.25,-1.46,232,ACTIVE_DRYING
48.0,63.6,303.0,71,0,2.8,31.310203099168216,30,-0.44,-1.57,227,ACTIVE_DRYING
48.6,61.9,320.0,70,0,2.8,31.310203099168216,35,0.0,-2.83,222,ACTIVE_DRYING
52.8,60.9,363.0,70,1,2.8,31.310203099168216,40,4.13,-1.3,217,ACTIVE_DRYING
52.5,58.6,372.0,71,0,2.8,31.310203099168216,45,0.31,-1.85,212,ACTIVE_DRYING
53.1,57.3,495.0,71,0,2.8,31.310203099168216,50,0.92,-1.5,207,ACTIVE_DRYING
53.4,56.8,457.0,71,0,2.8,31.310203099168216,55,0.14,-1.01,202,ACTIVE_DRYING
53.8,55.2,498.0,70,0,2.8,31.310203099168216,60,0.02,-2.16,197,ACTIVE_DRYING
53.7,54.1,573.0,71,0,2.8,31.310203099168216,65,0.45,-1.72,192,ACTIVE_DRYING
54.6,52.4,576.0,69,0,2.8,31.310203099168216,70,1.21,-1.7,187,ACTIVE_DRYING
55.2,52.0,614.0,70,0,2.8,31.310203099168216,75,0.23,-0.47,182,ACTIVE_DRYING
55.3,50.0,576.0,72,0,2.8,31.310203099168216,80,0.11,-1.32,177,ACTIVE_DRYING
56.6,50.3,673.0,71,0,2.8,31.310203099168216,85,1.18,-0.51,172,ACTIVE_DRYING
57.3,47.7,713.0,72,0,2.8,31.310203099168216,90,0.74,-2.2,167,ACTIVE_DRYING
57.9,47.2,719.0,68,0,2.8,31.310203099168216,95,0.66,-0.62,162,ACTIVE_DRYING
57.9,44.9,778.0,71,0,2.8,31.310203099168216,100,0.28,-1.42,157,ACTIVE_DRYING
57.5,45.0,735.0,70,0,2.8,31.310203099168216,105,0.36,-0.5,152,ACTIVE_DRYING
57.8,43.6,723.0,56,0,2.8,31.310203099168216,110,0.81,-1.91,147,ACTIVE_DRYING
57.8,41.7,751.0,54,0,2.8,31.310203099168216,115,0.15,-1.57,142,ACTIVE_DRYING
57.9,39.6,727.0,55,0,2.8,31.310203099168216,120,0.47,-0.93,137,ACTIVE_DRYING
57.9,39.8,786.0,56,0,2.8,31.310203099168216,125,-0.1,0.31,132,ACTIVE_DRYING
58.4,38.9,718.0,57,0,2.8,31.310203099168216,130,-0.07,-0.98,127,ACTIVE_DRYING
57.8,37.5,766.0,53,0,2.8,31.310203099168216,135,-0.5,-0.22,122,NEAR_COMPLETE
57.7,37.6,734.0,53,0,2.8,31.310203099168216,140,0.1,0.6,117,NEAR_COMPLETE
57.8,37.2,772.0,56,0,2.8,31.310203099168216,145,0.23,-0.5,112,NEAR_COMPLETE
57.7,36.3,697.0,56,0,2.8,31.310203099168216,150,0.17,-0.48,107,NEAR_COMPLETE
57.8,34.2,676.0,57,0,2.8,31.310203099168216,155,0.24,-1.37,102,NEAR_COMPLETE
58.0,34.8,635.0,57,0,2.8,31.310203099168216,160,0.32,-0.18,97,NEAR_COMPLETE
57.6,31.6,680.0,57,0,2.8,31.310203099168216,165,0.26,-3.1,92,NEAR_COMPLETE
58.1,31.0,659.0,55,0,2.8,31.310203099168216,170,0.33,-0.55,87,NEAR_COMPLETE
57.6,29.3,622.0,53,0,2.8,31.310203099168216,175,0.03,-1.58,82,COMPLETE
58.0,28.8,589.0,54,0,2.8,31.310203099168216,180,0.37,-0.57,77,COMPLETE
57.5,27.6,553.0,53,0,2.8,31.310203099168216,185,-0.18,-1.13,72,COMPLETE
57.6,28.0,624.0,55,0,2.8,31.310203099168216,190,0.18,0.5,67,COMPLETE
57.9,27.1,532.0,55,0,2.8,31.310203099168216,195,0.37,-0.95,62,COMPLETE
58.5,26.5,516.0,53,0,2.8,31.310203099168216,200,0.03,-1.25,57,COMPLETE
58.4,26.5,445.0,54,0,2.8,31.310203099168216,205,-0.41,-0.47,52,COMPLETE
56.9,25.0,367.0,53,0,2.8,31.310203099168216,210,-0.86,-1.04,47,COMPLETE
56.5,24.7,342.0,53,0,2.8,31.310203099168216,215,-0.2,-0.58,42,COMPLETE
56.1,24.3,292.0,56,0,2.8,31.310203099168216,220,-0.05,-0.72,37,COMPLETE
55.3,23.0,240.0,56,0,2.8,31.310203099168216,225,-0.47,-1.66,32,COMPLETE
54.9,22.2,198.0,56,0,2.8,31.310203099168216,230,-0.38,-0.76,27,COMPLETE
54.0,21.4,164.0,55,0,2.8,31.310203099168216,235,-0.92,-1.05,22,COMPLETE
52.7,19.3,141.0,54,0,2.8,31.310203099168216,240,-1.05,-1.17,17,COMPLETE
52.2,18.5,78.0,55,0,2.8,31.310203099168216,245,-1.38,-0.21,12,COMPLETE
51.6,19.3,114.0,54,0,2.8,31.310203099168216,250,-1.07,-0.2,7,COMPLETE
50.4,17.9,6.0,53,0,2.8,31.310203099168216,255,-1.87,-0.87,2,COMPLETE
33.3,72.8,12.0,38,1,2.6,37.920973395714775,0,0.31,0.02,279,INITIAL
37.7,72.2,35.0,51,1,2.6,37.920973395714775,5,4.85,-1.56,274,INITIAL
42.2,70.1,88.0,59,1,2.6,37.920973395714775,10,4.5,-1.33,269,ACTIVE_DRYING
45.8,68.8,123.0,85,1,2.6,37.920973395714775,15,3.8,-1.15,264,ACTIVE_DRYING
50.3,68.2,219.0,87,1,2.6,37.920973395714775,20,4.66,-0.53,259,ACTIVE_DRYING
49.1,66.3,199.0,84,0,2.6,37.920973395714775,25,-1.18,-2.04,254,ACTIVE_DRYING
48.0,64.7,243.0,87,0,2.6,37.920973395714775,30,-1.09,-0.64,249,ACTIVE_DRYING
47.3,63.6,332.0,86,0,2.6,37.920973395714775,35,-0.63,-1.74,244,ACTIVE_DRYING
52.1,61.0,311.0,70,1,2.6,37.920973395714775,40,5.0,-2.0,239,ACTIVE_DRYING
52.0,60.8,359.0,71,0,2.6,37.920973395714775,45,-0.09,-0.53,234,ACTIVE_DRYING
52.3,58.9,417.0,70,0,2.6,37.920973395714775,50,0.03,-1.88,229,ACTIVE_DRYING
53.0,57.9,422.0,72,0,2.6,37.920973395714775,55,0.8,-1.02,224,ACTIVE_DRYING
53.4,55.9,502.0,71,0,2.6,37.920973395714775,60,0.05,-1.09,219,ACTIVE_DRYING
53.7,55.7,546.0,70,0,2.6,37.920973395714775,65,0.21,-0.03,214,ACTIVE_DRYING
53.3,54.9,503.0,70,0,2.6,37.920973395714775,70,-0.03,-0.85,209,ACTIVE_DRYING
54.6,52.8,563.0,70,0,2.6,37.920973395714775,75,1.28,-2.5,204,ACTIVE_DRYING
55.4,52.8,578.0,68,0,2.6,37.920973395714775,80,0.49,-0.67,199,ACTIVE_DRYING
55.7,50.2,603.0,72,0,2.6,37.920973395714775,85,-0.05,-2.64,194,ACTIVE_DRYING
56.1,49.9,616.0,72,0,2.6,37.920973395714775,90,0.55,-0.62,189,ACTIVE_DRYING
56.6,48.9,607.0,69,0,2.6,37.920973395714775,95,0.33,-0.46,184,ACTIVE_DRYING
57.6,47.3,695.0,68,0,2.6,37.920973395714775,100,0.99,-1.57,179,ACTIVE_DRYING
57.9,46.2,735.0,72,0,2.6,37.920973395714775,105,0.38,-1.03,174,ACTIVE_DRYING
58.1,45.7,771.0,69,0,2.6,37.920973395714775,110,0.17,-1.32,169,ACTIVE_DRYING
58.3,44.1,686.0,55,0,2.6,37.920973395714775,115,0.04,-2.85,164,ACTIVE_DRYING
57.6,41.8,720.0,56,0,2.6,37.920973395714775,120,-0.39,-1.6,159,ACTIVE_DRYING
57.7,41.0,777.0,55,0,2.6,37.920973395714775,125,0.42,-0.65,154,ACTIVE_DRYING
58.4,39.2,740.0,54,0,2.6,37.920973395714775,130,0.06,-1.17,149,ACTIVE_DRYING
57.8,38.2,770.0,57,0,2.6,37.920973395714775,135,-0.29,-0.61,144,NEAR_COMPLETE
58.6,38.3,797.0,55,0,2.6,37.920973395714775,140,0.25,-0.02,139,NEAR_COMPLETE
58.3,37.0,730.0,54,0,2.6,37.920973395714775,145,-0.8,-0.3,134,NEAR_COMPLETE
57.8,36.8,713.0,53,0,2.6,37.920973395714775,150,-0.01,0.17,129,NEAR_COMPLETE
58.6,35.1,732.0,57,0,2.6,37.920973395714775,155,0.43,-1.43,124,NEAR_COMPLETE
58.6,35.9,762.0,54,0,2.6,37.920973395714775,160,-0.6,0.33,119,NEAR_COMPLETE
58.1,34.1,622.0,53,0,2.6,37.920973395714775,165,-0.69,-2.01,114,COMPLETE
58.0,33.2,694.0,57,0,2.6,37.920973395714775,170,-0.1,-1.33,109,COMPLETE
58.3,32.2,713.0,53,0,2.6,37.920973395714775,175,-0.15,-1.22,104,COMPLETE
58.2,30.3,698.0,56,0,2.6,37.920973395714775,180,-0.13,-1.28,99,COMPLETE
58.3,30.6,630.0,56,0,2.6,37.920973395714775,185,-0.37,-0.05,94,COMPLETE
58.3,29.0,600.0,56,0,2.6,37.920973395714775,190,-0.16,-1.35,89,COMPLETE
57.6,28.2,568.0,53,0,2.6,37.920973395714775,195,-0.42,-0.53,84,COMPLETE
58.3,27.1,569.0,54,0,2.6,37.920973395714775,200,0.27,-0.87,79,COMPLETE
58.0,25.3,517.0,56,0,2.6,37.920973395714775,205,-0.4,-0.25,74,COMPLETE
57.6,24.6,562.0,54,0,2.6,37.920973395714775,210,0.12,-0.92,69,COMPLETE
57.9,23.7,489.0,54,0,2.6,37.920973395714775,215,0.11,-0.89,64,COMPLETE
58.7,23.8,476.0,53,0,2.6,37.920973395714775,220,0.04,-0.3,59,COMPLETE
57.9,23.9,421.0,54,0,2.6,37.920973395714775,225,-0.76,-0.55,54,COMPLETE
57.9,21.7,393.0,56,0,2.6,37.920973395714775,230,0.02,-1.74,49,COMPLETE
57.9,21.4,345.0,57,0,2.6,37.920973395714775,235,-0.18,-1.1,44,COMPLETE
57.1,20.8,339.0,53,0,2.6,37.920973395714775,240,-0.97,-1.29,39,COMPLETE
55.5,19.3,260.0,55,0,2.6,37.920973395714775,245,-0.74,-1.75,34,COMPLETE
55.2,18.0,245.0,57,0,2.6,37.920973395714775,250,0.44,-0.92,29,COMPLETE
55.5,17.5,221.0,56,0,2.6,37.920973395714775,255,-0.45,-0.05,24,COMPLETE
53.8,18.6,162.0,55,0,2.6,37.920973395714775,260,-1.23,0.54,19,COMPLETE
53.9,17.9,163.0,57,0,2.6,37.920973395714775,265,-0.26,-0.65,14,COMPLETE
52.0,17.8,80.0,53,0,2.6,37.920973395714775,270,-1.94,-0.03,9,COMPLETE
50.2,18.2,0.0,56,0,2.6,37.920973395714775,275,-1.86,0.07,4,COMPLETE
33.8,69.7,2.0,41,1,2.3,33.16646423087572,0,0.19,0.34,236,INITIAL
37.8,68.6,56.0,52,1,2.3,33.16646423087572,5,3.28,-1.59,231,INITIAL
42.4,67.7,109.0,58,1,2.3,33.16646423087572,10,4.75,-0.9,226,ACTIVE_DRYING
45.9,67.1,128.0,86,1,2.3,33.16646423087572,15,3.68,-0.8,221,ACTIVE_DRYING
49.4,65.1,185.0,84,1,2.3,33.16646423087572,20,3.72,-3.16,216,ACTIVE_DRYING
49.3,62.3,259.0,70,0,2.3,33.16646423087572,25,-0.01,-2.03,211,ACTIVE_DRYING
48.7,61.5,300.0,68,0,2.3,33.16646423087572,30,-0.63,-1.12,206,ACTIVE_DRYING
48.1,61.2,361.0,72,0,2.3,33.16646423087572,35,-1.23,-1.08,201,ACTIVE_DRYING
53.0,59.1,413.0,71,1,2.3,33.16646423087572,40,4.97,-2.09,196,ACTIVE_DRYING
53.5,58.1,454.0,70,0,2.3,33.16646423087572,45,0.16,-1.5,191,ACTIVE_DRYING
52.8,56.2,429.0,72,0,2.3,33.16646423087572,50,-0.83,-0.95,186,ACTIVE_DRYING
53.5,55.1,522.0,69,0,2.3,33.16646423087572,55,0.46,-0.27,181,ACTIVE_DRYING
53.8,52.9,546.0,72,0,2.3,33.16646423087572,60,0.39,-2.03,176,ACTIVE_DRYING
53.4,51.4,591.0,72,0,2.3,33.16646423087572,65,0.25,-1.21,171,ACTIVE_DRYING
54.8,50.5,589.0,69,0,2.3,33.16646423087572,70,1.47,-0.82,166,ACTIVE_DRYING
54.9,48.3,594.0,71,0,2.3,33.16646423087572,75,0.3,-1.82,161,ACTIVE_DRYING
55.7,48.0,616.0,72,0,2.3,33.16646423087572,80,0.49,-0.41,156,ACTIVE_DRYING
56.7,46.3,664.0,72,0,2.3,33.16646423087572,85,0.79,-1.79,151,ACTIVE_DRYING
57.7,46.2,689.0,72,0,2.3,33.16646423087572,90,0.44,-0.51,146,ACTIVE_DRYING
58.0,44.7,713.0,72,0,2.3,33.16646423087572,95,0.54,-2.02,141,ACTIVE_DRYING
57.9,44.1,767.0,57,0,2.3,33.16646423087572,100,0.12,-1.87,136,ACTIVE_DRYING
57.7,41.5,783.0,53,0,2.3,33.16646423087572,105,0.0,-2.11,131,ACTIVE_DRYING
57.7,39.8,807.0,56,0,2.3,33.16646423087572,110,0.13,-1.3,126,ACTIVE_DRYING
58.0,38.6,732.0,53,0,2.3,33.16646423087572,115,0.52,-1.28,121,ACTIVE_DRYING
57.8,36.4,794.0,55,0,2.3,33.16646423087572,120,-0.16,-1.96,116,ACTIVE_DRYING
58.4,35.9,742.0,56,0,2.3,33.16646423087572,125,0.13,0.43,111,ACTIVE_DRYING
58.0,36.3,738.0,55,0,2.3,33.16646423087572,130,-0.63,-0.35,106,NEAR_COMPLETE
58.1,34.4,773.0,55,0,2.3,33.16646423087572,135,-0.02,-2.39,101,NEAR_COMPLETE
58.2,32.0,658.0,53,0,2.3,33.16646423087572,140,-0.07,-0.83,96,NEAR_COMPLETE
57.8,33.5,666.0,54,0,2.3,33.16646423087572,145,-0.47,1.27,91,NEAR_COMPLETE
57.6,32.0,644.0,56,0,2.3,33.16646423087572,150,0.12,-1.26,86,NEAR_COMPLETE
57.6,31.6,689.0,56,0,2.3,33.16646423087572,155,0.13,-1.16,81,NEAR_COMPLETE
58.3,30.4,588.0,55,0,2.3,33.16646423087572,160,0.36,-0.89,76,COMPLETE
58.1,30.4,585.0,53,0,2.3,33.16646423087572,165,-0.33,-0.73,71,COMPLETE
58.2,29.5,640.0,53,0,2.3,33.16646423087572,170,-0.08,-1.11,66,COMPLETE
58.4,27.4,582.0,55,0,2.3,33.16646423087572,175,-0.03,-1.54,61,COMPLETE
58.1,26.6,529.0,53,0,2.3,33.16646423087572,180,-0.55,-1.17,56,COMPLETE
57.5,25.5,533.0,55,0,2.3,33.16646423087572,185,0.07,-0.89,51,COMPLETE
57.8,24.7,436.0,54,0,2.3,33.16646423087572,190,0.6,-0.59,46,COMPLETE
57.5,25.0,413.0,57,0,2.3,33.16646423087572,195,-0.37,0.08,41,COMPLETE
57.2,23.7,341.0,56,0,2.3,33.16646423087572,200,0.01,-1.55,36,COMPLETE
57.0,23.1,274.0,55,0,2.3,33.16646423087572,205,-0.26,-0.5,31,COMPLETE
56.5,22.8,221.0,56,0,2.3,33.16646423087572,210,-1.29,-0.5,26,COMPLETE
55.1,21.6,175.0,57,0,2.3,33.16646423087572,215,-1.24,-0.94,21,COMPLETE
55.3,20.5,139.0,55,0,2.3,33.16646423087572,220,-0.5,-0.87,16,COMPLETE
53.7,20.4,123.0,54,0,2.3,33.16646423087572,225,-2.74,-0.31,11,COMPLETE
51.4,18.9,19.0,57,0,2.3,33.16646423087572,230,-2.17,-1.04,6,COMPLETE
50.5,18.2,0.0,56,0,2.3,33.16646423087572,235,-0.51,-0.73,1,COMPLETE
34.6,75.5,0.0,41,1,2.5,38.20271066442341,0,0.11,-0.15,306,INITIAL
39.5,73.4,84.0,50,1,2.5,38.20271066442341,5,4.78,-1.57,301,INITIAL
43.4,73.9,113.0,60,1,2.5,38.20271066442341,10,3.92,-0.77,296,ACTIVE_DRYING
46.9,71.6,132.0,87,1,2.5,38.20271066442341,15,3.77,-2.94,291,ACTIVE_DRYING
50.8,69.9,138.0,85,1,2.5,38.20271066442341,20,3.85,-1.42,286,ACTIVE_DRYING
48.9,68.6,204.0,87,0,2.5,38.20271066442341,25,-1.53,-1.3,281,ACTIVE_DRYING
47.6,68.4,235.0,84,0,2.5,38.20271066442341,30,-1.12,-1.91,276,ACTIVE_DRYING
47.8,63.7,318.0,83,0,2.5,38.20271066442341,35,0.01,-3.41,271,ACTIVE_DRYING
52.5,63.4,327.0,72,1,2.5,38.20271066442341,40,4.68,-0.07,266,ACTIVE_DRYING
52.2,60.5,344.0,72,0,2.5,38.20271066442341,45,-0.75,-2.47,261,ACTIVE_DRYING
51.0,59.6,374.0,69,0,2.5,38.20271066442341,50,-1.39,-0.45,256,ACTIVE_DRYING
51.0,58.6,401.0,71,0,2.5,38.20271066442341,55,-0.22,-2.09,251,ACTIVE_DRYING
50.5,56.1,434.0,69,0,2.5,38.20271066442341,60,-0.34,-3.54,246,ACTIVE_DRYING
50.9,53.0,437.0,68,0,2.5,38.20271066442341,65,0.29,-1.51,241,ACTIVE_DRYING
50.9,52.8,471.0,69,0,2.5,38.20271066442341,70,-0.01,0.63,236,ACTIVE_DRYING
51.0,51.9,556.0,69,0,2.5,38.20271066442341,75,0.21,-0.72,231,ACTIVE_DRYING
51.8,51.1,571.0,68,0,2.5,38.20271066442341,80,0.46,-0.27,226,ACTIVE_DRYING
52.3,49.9,574.0,72,0,2.5,38.20271066442341,85,0.37,-0.79,221,ACTIVE_DRYING
53.1,50.0,635.0,69,0,2.5,38.20271066442341,90,0.93,-0.32,216,ACTIVE_DRYING
53.6,47.7,634.0,68,0,2.5,38.20271066442341,95,0.55,-2.69,211,ACTIVE_DRYING
54.6,46.5,626.0,72,0,2.5,38.20271066442341,100,1.29,-1.5,206,ACTIVE_DRYING
54.9,46.7,642.0,70,0,2.5,38.20271066442341,105,0.67,-0.45,201,ACTIVE_DRYING
56.2,45.8,697.0,72,0,2.5,38.20271066442341,110,1.45,-1.72,196,ACTIVE_DRYING
56.9,43.7,649.0,69,0,2.5,38.20271066442341,115,0.43,-1.91,191,ACTIVE_DRYING
58.3,43.2,718.0,57,0,2.5,38.20271066442341,120,1.11,-0.75,186,ACTIVE_DRYING
58.1,42.0,669.0,57,0,2.5,38.20271066442341,125,-0.86,-0.34,181,ACTIVE_DRYING
58.9,40.3,719.0,57,0,2.5,38.20271066442341,130,0.19,-1.13,176,ACTIVE_DRYING
58.5,41.0,745.0,56,0,2.5,38.20271066442341,135,-0.7,-0.06,171,ACTIVE_DRYING
58.1,37.8,720.0,53,0,2.5,38.20271066442341,140,-0.6,-2.1,166,ACTIVE_DRYING
58.0,37.1,725.0,57,0,2.5,38.20271066442341,145,0.24,-0.03,161,ACTIVE_DRYING
57.4,35.6,775.0,53,0,2.5,38.20271066442341,150,0.18,-0.32,156,ACTIVE_DRYING
57.8,35.9,787.0,56,0,2.5,38.20271066442341,155,0.46,0.25,151,ACTIVE_DRYING
58.0,33.9,801.0,54,0,2.5,38.20271066442341,160,0.13,-1.77,146,ACTIVE_DRYING
57.6,34.3,706.0,56,0,2.5,38.20271066442341,165,-0.08,-0.26,141,ACTIVE_DRYING
57.6,33.4,699.0,53,0,2.5,38.20271066442341,170,0.43,-2.3,136,NEAR_COMPLETE
57.7,31.7,712.0,57,0,2.5,38.20271066442341,175,0.32,-1.67,131,NEAR_COMPLETE
57.8,30.2,763.0,54,0,2.5,38.20271066442341,180,0.15,-0.82,126,NEAR_COMPLETE
58.1,29.4,680.0,55,0,2.5,38.20271066442341,185,0.2,0.11,121,NEAR_COMPLETE
58.2,30.5,685.0,57,0,2.5,38.20271066442341,190,0.25,0.68,116,NEAR_COMPLETE
58.4,27.6,669.0,57,0,2.5,38.20271066442341,195,-0.15,-2.26,111,NEAR_COMPLETE
57.4,28.2,675.0,55,0,2.5,38.20271066442341,200,-0.59,-0.03,106,NEAR_COMPLETE
58.1,27.5,652.0,56,0,2.5,38.20271066442341,205,0.54,-0.36,101,NEAR_COMPLETE
58.2,26.9,616.0,54,0,2.5,38.20271066442341,210,-0.35,-1.04,96,COMPLETE
58.0,26.7,621.0,54,0,2.5,38.20271066442341,215,0.08,-0.48,91,COMPLETE
58.4,25.9,597.0,56,0,2.5,38.20271066442341,220,0.11,-0.7,86,COMPLETE
57.7,25.7,524.0,54,0,2.5,38.20271066442341,225,-0.7,-0.34,81,COMPLETE
57.4,25.6,494.0,56,0,2.5,38.20271066442341,230,0.16,0.52,76,COMPLETE
57.9,24.5,492.0,55,0,2.5,38.20271066442341,235,0.28,-0.64,71,COMPLETE
58.3,24.8,428.0,54,0,2.5,38.20271066442341,240,-0.13,-0.18,66,COMPLETE
58.0,24.4,399.0,54,0,2.5,38.20271066442341,245,-0.22,-1.24,61,COMPLETE
57.5,24.1,391.0,53,0,2.5,38.20271066442341,250,-0.51,0.12,56,COMPLETE
57.3,22.6,402.0,56,0,2.5,38.20271066442341,255,-0.04,-1.62,51,COMPLETE
57.1,21.5,340.0,53,0,2.5,38.20271066442341,260,0.02,-0.9,46,COMPLETE
56.7,20.7,292.0,53,0,2.5,38.20271066442341,265,0.05,-0.96,41,COMPLETE
57.0,19.7,269.0,56,0,2.5,38.20271066442341,270,-0.07,-1.05,36,COMPLETE
55.7,18.6,281.0,54,0,2.5,38.20271066442341,275,-1.54,-1.0,31,COMPLETE
54.6,18.3,216.0,55,0,2.5,38.20271066442341,280,-0.48,-0.35,26,COMPLETE
53.8,18.4,177.0,53,0,2.5,38.20271066442341,285,-0.71,0.12,21,COMPLETE
52.8,18.1,71.0,54,0,2.5,38.20271066442341,290,-1.28,-1.05,16,COMPLETE
51.4,17.9,99.0,57,0,2.5,38.20271066442341,295,-1.33,-0.35,11,COMPLETE
50.0,18.8,58.0,57,0,2.5,38.20271066442341,300,-0.93,0.13,6,COMPLETE
48.4,18.3,77.0,54,0,2.5,38.20271066442341,305,-1.31,-1.5,1,COMPLETE
33.1,75.7,0.0,39,1,2.4,39.490375779736546,0,0.05,-0.15,354,INITIAL
37.8,74.2,53.0,52,1,2.4,39.490375779736546,5,4.82,-1.86,349,INITIAL
41.4,73.0,63.0,62,1,2.4,39.490375779736546,10,3.83,-1.52,344,ACTIVE_DRYING
45.1,70.7,121.0,85,1,2.4,39.490375779736546,15,4.34,-1.75,339,ACTIVE_DRYING
49.3,69.9,173.0,85,1,2.4,39.490375779736546,20,4.0,-0.41,334,ACTIVE_DRYING
48.5,68.0,155.0,85,0,2.4,39.490375779736546,25,-1.47,-1.86,329,ACTIVE_DRYING
47.1,66.5,183.0,83,0,2.4,39.490375779736546,30,-1.65,-1.29,324,ACTIVE_DRYING
51.2,63.8,239.0,86,1,2.4,39.490375779736546,35,3.7,-1.0,319,ACTIVE_DRYING
50.1,64.6,179.0,85,0,2.4,39.490375779736546,40,-0.64,0.72,314,ACTIVE_DRYING
49.8,63.9,249.0,72,0,2.4,39.490375779736546,45,-0.92,-1.0,309,ACTIVE_DRYING
49.0,63.3,315.0,72,0,2.4,39.490375779736546,50,-0.35,-0.85,304,ACTIVE_DRYING
49.2,62.7,367.0,72,0,2.4,39.490375779736546,55,0.4,-1.06,299,ACTIVE_DRYING
48.4,61.4,341.0,72,0,2.4,39.490375779736546,60,-0.47,-1.95,294,ACTIVE_DRYING
48.4,60.7,417.0,70,0,2.4,39.490375779736546,65,0.25,-0.44,289,ACTIVE_DRYING
48.2,59.0,451.0,72,0,2.4,39.490375779736546,70,-0.3,-1.49,284,ACTIVE_DRYING
49.0,58.2,492.0,71,0,2.4,39.490375779736546,75,0.9,-1.56,279,ACTIVE_DRYING
49.1,57.5,509.0,70,0,2.4,39.490375779736546,80,-0.06,-1.01,274,ACTIVE_DRYING
49.7,55.3,514.0,71,0,2.4,39.490375779736546,85,0.15,-2.31,269,ACTIVE_DRYING
49.2,54.3,507.0,68,0,2.4,39.490375779736546,90,-0.24,-0.32,264,ACTIVE_DRYING
49.9,52.8,531.0,70,0,2.4,39.490375779736546,95,0.71,-0.81,259,ACTIVE_DRYING
50.9,52.0,578.0,72,0,2.4,39.490375779736546,100,0.93,-0.49,254,ACTIVE_DRYING
50.8,50.6,563.0,71,0,2.4,39.490375779736546,105,0.05,-1.75,249,ACTIVE_DRYING
51.5,49.7,627.0,72,0,2.4,39.490375779736546,110,0.63,-0.44,244,ACTIVE_DRYING
52.7,48.4,626.0,71,0,2.4,39.490375779736546,115,0.85,-1.22,239,ACTIVE_DRYING
53.6,46.3,708.0,72,0,2.4,39.490375779736546,120,1.13,-0.92,234,ACTIVE_DRYING
54.1,47.3,689.0,72,0,2.4,39.490375779736546,125,1.35,0.63,229,ACTIVE_DRYING
55.9,45.8,682.0,70,0,2.4,39.490375779736546,130,1.54,-1.4,224,ACTIVE_DRYING
55.9,44.4,712.0,70,0,2.4,39.490375779736546,135,0.03,-1.57,219,ACTIVE_DRYING
57.3,44.3,738.0,57,0,2.4,39.490375779736546,140,1.66,-0.41,214,ACTIVE_DRYING
57.9,42.9,782.0,53,0,2.4,39.490375779736546,145,1.06,-1.63,209,ACTIVE_DRYING
58.1,43.0,766.0,56,0,2.4,39.490375779736546,150,0.3,-0.63,204,ACTIVE_DRYING
58.1,40.7,760.0,57,0,2.4,39.490375779736546,155,-0.24,-2.56,199,ACTIVE_DRYING
57.8,39.7,756.0,54,0,2.4,39.490375779736546,160,-0.19,-0.77,194,ACTIVE_DRYING
58.1,37.6,699.0,57,0,2.4,39.490375779736546,165,0.31,-1.34,189,ACTIVE_DRYING
57.8,37.0,696.0,55,0,2.4,39.490375779736546,170,0.13,0.07,184,ACTIVE_DRYING
58.5,36.1,750.0,56,0,2.4,39.490375779736546,175,0.55,0.12,179,ACTIVE_DRYING
58.2,36.2,789.0,57,0,2.4,39.490375779736546,180,-0.79,0.11,174,ACTIVE_DRYING
58.3,35.8,753.0,56,0,2.4,39.490375779736546,185,0.11,-0.9,169,ACTIVE_DRYING
57.6,34.1,698.0,55,0,2.4,39.490375779736546,190,-0.53,-1.84,164,ACTIVE_DRYING
57.7,34.0,675.0,55,0,2.4,39.490375779736546,195,0.19,-0.55,159,STABILIZING
58.0,32.9,683.0,53,0,2.4,39.490375779736546,200,0.47,-1.16,154,STABILIZING
57.4,30.8,705.0,54,0,2.4,39.490375779736546,205,0.14,-1.11,149,NEAR_COMPLETE
58.0,29.7,709.0,55,0,2.4,39.490375779736546,210,0.78,-0.79,144,NEAR_COMPLETE
58.2,28.9,687.0,53,0,2.4,39.490375779736546,215,0.14,-0.62,139,NEAR_COMPLETE
57.6,28.2,697.0,56,0,2.4,39.490375779736546,220,0.05,-0.64,134,NEAR_COMPLETE
58.2,28.1,654.0,56,0,2.4,39.490375779736546,225,0.27,-0.23,129,NEAR_COMPLETE
58.3,27.9,690.0,57,0,2.4,39.490375779736546,230,0.03,-1.1,124,NEAR_COMPLETE
57.9,25.4,593.0,57,0,2.4,39.490375779736546,235,-0.72,-1.44,119,NEAR_COMPLETE
57.4,25.5,646.0,56,0,2.4,39.490375779736546,240,0.31,0.5,114,NEAR_COMPLETE
57.9,25.1,622.0,54,0,2.4,39.490375779736546,245,0.37,0.12,109,COMPLETE
57.9,24.4,599.0,57,0,2.4,39.490375779736546,250,-0.17,-0.1,104,COMPLETE
58.1,24.6,543.0,57,0,2.4,39.490375779736546,255,0.38,-0.32,99,COMPLETE
57.5,23.9,544.0,54,0,2.4,39.490375779736546,260,-0.0,-1.41,94,COMPLETE
58.0,23.2,518.0,56,0,2.4,39.490375779736546,265,0.64,-0.72,89,COMPLETE
58.1,21.9,487.0,53,0,2.4,39.490375779736546,270,0.15,-1.43,84,COMPLETE
57.6,20.6,502.0,55,0,2.4,39.490375779736546,275,-0.05,-1.78,79,COMPLETE
58.1,19.1,484.0,55,0,2.4,39.490375779736546,280,0.48,-0.8,74,COMPLETE
57.6,19.0,439.0,53,0,2.4,39.490375779736546,285,-0.23,-0.32,69,COMPLETE
58.0,18.4,378.0,54,0,2.4,39.490375779736546,290,0.29,-1.28,64,COMPLETE
57.7,18.4,355.0,54,0,2.4,39.490375779736546,295,-0.52,-0.94,59,COMPLETE
57.0,18.0,364.0,57,0,2.4,39.490375779736546,300,-0.17,-0.46,54,COMPLETE
57.2,18.0,354.0,53,0,2.4,39.490375779736546,305,0.15,-0.18,49,COMPLETE
57.5,17.6,317.0,56,0,2.4,39.490375779736546,310,-0.23,-0.41,44,COMPLETE
57.0,18.1,325.0,56,0,2.4,39.490375779736546,315,-0.42,0.65,39,COMPLETE
56.5,18.0,194.0,55,0,2.4,39.490375779736546,320,-0.73,-0.18,34,COMPLETE
55.8,18.3,190.0,53,0,2.4,39.490375779736546,325,-0.95,-0.26,29,COMPLETE
53.9,18.0,195.0,56,0,2.4,39.490375779736546,330,-1.38,0.04,24,COMPLETE
53.6,18.0,122.0,53,0,2.4,39.490375779736546,335,-0.55,0.22,19,COMPLETE
52.4,17.7,144.0,57,0,2.4,39.490375779736546,340,-1.07,0.24,14,COMPLETE
51.7,18.9,43.0,57,0,2.4,39.490375779736546,345,-1.43,0.51,9,COMPLETE
49.4,17.5,31.0,56,0,2.4,39.490375779736546,350,-2.31,-0.71,4,COMPLETE
32.1,72.7,0.0,42,1,2.1,32.741308376654324,0,0.2,0.12,325,INITIAL
36.6,71.1,21.0,50,1,2.1,32.741308376654324,5,5.01,-1.82,320,INITIAL
41.4,70.4,36.0,58,1,2.1,32.741308376654324,10,4.74,-0.91,315,ACTIVE_DRYING
44.3,68.8,56.0,86,1,2.1,32.741308376654324,15,2.87,-2.31,310,ACTIVE_DRYING
48.2,66.1,114.0,84,1,2.1,32.741308376654324,20,4.67,-2.51,305,ACTIVE_DRYING
47.4,65.3,211.0,83,0,2.1,32.741308376654324,25,-0.46,-1.21,300,ACTIVE_DRYING
51.7,64.2,228.0,86,1,2.1,32.741308376654324,30,4.54,-0.71,295,ACTIVE_DRYING
50.5,63.4,193.0,72,0,2.1,32.741308376654324,35,-1.03,-1.01,290,ACTIVE_DRYING
50.2,62.2,309.0,71,0,2.1,32.741308376654324,40,0.01,-1.63,285,ACTIVE_DRYING
50.3,61.2,354.0,70,0,2.1,32.741308376654324,45,-0.31,-1.98,280,ACTIVE_DRYING
50.0,58.5,365.0,70,0,2.1,32.741308376654324,50,-0.16,-1.68,275,ACTIVE_DRYING
49.9,58.1,424.0,68,0,2.1,32.741308376654324,55,-0.53,0.35,270,ACTIVE_DRYING
49.0,56.6,416.0,69,0,2.1,32.741308376654324,60,-0.34,-1.42,265,ACTIVE_DRYING
49.4,55.2,418.0,68,0,2.1,32.741308376654324,65,0.64,-0.96,260,ACTIVE_DRYING
49.3,55.1,485.0,71,0,2.1,32.741308376654324,70,-0.25,-0.71,255,ACTIVE_DRYING
50.4,54.1,509.0,68,0,2.1,32.741308376654324,75,0.76,-1.4,250,ACTIVE_DRYING
50.3,51.6,493.0,68,0,2.1,32.741308376654324,80,-0.14,-1.78,245,ACTIVE_DRYING
50.8,50.9,547.0,68,0,2.1,32.741308376654324,85,0.12,-0.39,240,ACTIVE_DRYING
50.8,50.3,562.0,69,0,2.1,32.741308376654324,90,0.35,-0.95,235,ACTIVE_DRYING
51.2,48.6,596.0,69,0,2.1,32.741308376654324,95,0.08,-1.47,230,ACTIVE_DRYING
52.6,48.5,625.0,68,0,2.1,32.741308376654324,100,0.55,-1.49,225,ACTIVE_DRYING
53.0,46.9,650.0,72,0,2.1,32.741308376654324,105,-0.2,-2.11,220,ACTIVE_DRYING
54.2,45.4,677.0,68,0,2.1,32.741308376654324,110,0.71,-1.68,215,ACTIVE_DRYING
54.3,43.5,652.0,70,0,2.1,32.741308376654324,115,0.95,-1.46,210,ACTIVE_DRYING
55.8,43.1,753.0,53,0,2.1,32.741308376654324,120,1.72,-0.05,205,ACTIVE_DRYING
57.4,42.5,711.0,56,0,2.1,32.741308376654324,125,1.18,-0.16,200,NEAR_COMPLETE
57.9,41.7,753.0,53,0,2.1,32.741308376654324,130,0.82,-0.39,195,NEAR_COMPLETE
57.8,40.5,734.0,57,0,2.1,32.741308376654324,135,-0.4,-1.5,190,NEAR_COMPLETE
58.2,40.7,736.0,53,0,2.1,32.741308376654324,140,0.09,-0.12,185,NEAR_COMPLETE
58.1,38.2,735.0,56,0,2.1,32.741308376654324,145,-0.12,-1.71,180,NEAR_COMPLETE
58.6,38.7,810.0,56,0,2.1,32.741308376654324,150,0.05,0.48,175,COMPLETE
57.9,37.6,753.0,56,0,2.1,32.741308376654324,155,-0.9,-0.99,170,COMPLETE
58.0,35.9,771.0,53,0,2.1,32.741308376654324,160,-0.29,-1.23,165,COMPLETE
58.3,35.3,716.0,54,0,2.1,32.741308376654324,165,0.01,-0.57,160,COMPLETE
57.8,33.1,732.0,55,0,2.1,32.741308376654324,170,-0.1,-1.85,155,COMPLETE
58.2,31.6,695.0,57,0,2.1,32.741308376654324,175,0.17,-1.05,150,COMPLETE
58.3,30.5,739.0,57,0,2.1,32.741308376654324,180,-0.02,-0.58,145,COMPLETE
57.6,30.1,686.0,53,0,2.1,32.741308376654324,185,-0.0,-0.66,140,COMPLETE
58.1,28.7,701.0,57,0,2.1,32.741308376654324,190,0.33,-0.95,135,COMPLETE
58.1,27.4,732.0,53,0,2.1,32.741308376654324,195,0.1,-1.56,130,COMPLETE
57.9,27.8,725.0,54,0,2.1,32.741308376654324,200,-0.3,-0.15,125,COMPLETE
57.9,26.6,737.0,53,0,2.1,32.741308376654324,205,0.5,-1.85,120,COMPLETE
58.2,24.9,624.0,54,0,2.1,32.741308376654324,210,0.04,-2.53,115,COMPLETE
58.0,23.3,629.0,55,0,2.1,32.741308376654324,215,-0.21,-1.37,110,COMPLETE
58.2,22.6,649.0,55,0,2.1,32.741308376654324,220,0.05,-0.1,105,COMPLETE
58.3,22.8,638.0,56,0,2.1,32.741308376654324,225,0.0,-0.08,100,COMPLETE
57.9,20.8,592.0,55,0,2.1,32.741308376654324,230,-0.52,-2.21,95,COMPLETE
58.2,20.4,593.0,53,0,2.1,32.741308376654324,235,0.31,-0.73,90,COMPLETE
58.2,19.4,551.0,55,0,2.1,32.741308376654324,240,-0.28,-0.86,85,COMPLETE
57.8,18.6,481.0,53,0,2.1,32.741308376654324,245,0.26,-0.89,80,COMPLETE
57.8,17.7,497.0,54,0,2.1,32.741308376654324,250,0.56,-0.86,75,COMPLETE
58.2,18.0,468.0,56,0,2.1,32.741308376654324,255,0.29,0.63,70,COMPLETE
57.7,18.1,501.0,55,0,2.1,32.741308376654324,260,-0.41,0.28,65,COMPLETE
57.6,18.3,395.0,53,0,2.1,32.741308376654324,265,-0.25,0.67,60,COMPLETE
57.4,17.8,342.0,54,0,2.1,32.741308376654324,270,-0.18,-0.84,55,COMPLETE
57.2,18.5,383.0,54,0,2.1,32.741308376654324,275,-0.2,-0.11,50,COMPLETE
55.9,18.5,281.0,56,0,2.1,32.741308376654324,280,-1.22,-0.23,45,COMPLETE
55.4,17.4,241.0,53,0,2.1,32.741308376654324,285,-0.61,-0.99,40,COMPLETE
54.7,18.1,251.0,53,0,2.1,32.741308376654324,290,-0.45,0.71,35,COMPLETE
54.2,18.2,202.0,55,0,2.1,32.741308376654324,295,-0.57,0.25,30,COMPLETE
53.2,17.7,145.0,56,0,2.1,32.741308376654324,300,-0.86,-0.06,25,COMPLETE
51.9,17.9,123.0,53,0,2.1,32.741308376654324,305,-1.61,0.23,20,COMPLETE
50.8,18.6,116.0,56,0,2.1,32.741308376654324,310,-0.79,0.64,15,COMPLETE
49.7,17.7,86.0,55,0,2.1,32.741308376654324,315,-1.88,-0.04,10,COMPLETE
48.7,17.8,14.0,57,0,2.1,32.741308376654324,320,-1.22,0.44,5,COMPLETE
47.7,17.4,34.0,54,0,2.1,32.741308376654324,325,-1.17,0.55,0,COMPLETE
35.2,71.0,0.0,42,1,2.9,37.42076571713799,0,-0.0,0.25,223,INITIAL
40.1,71.6,48.0,49,1,2.9,37.42076571713799,5,5.26,-0.73,218,INITIAL
44.3,69.5,145.0,60,1,2.9,37.42076571713799,10,4.08,-1.81,213,ACTIVE_DRYING
47.8,68.1,132.0,83,1,2.9,37.42076571713799,15,3.73,-1.28,208,ACTIVE_DRYING
52.4,66.3,239.0,85,1,2.9,37.42076571713799,20,4.38,-1.28,203,ACTIVE_DRYING
51.3,65.0,289.0,83,0,2.9,37.42076571713799,25,-0.9,-0.51,198,ACTIVE_DRYING
51.2,63.8,342.0,84,0,2.9,37.42076571713799,30,-0.24,-1.46,193,ACTIVE_DRYING
50.4,62.5,315.0,69,0,2.9,37.42076571713799,35,-0.92,-1.05,188,ACTIVE_DRYING
50.5,61.5,401.0,69,0,2.9,37.42076571713799,40,0.36,-1.96,183,ACTIVE_DRYING
50.5,60.9,429.0,70,0,2.9,37.42076571713799,45,-0.32,-0.49,178,ACTIVE_DRYING
50.9,61.3,493.0,68,0,2.9,37.42076571713799,50,0.7,-0.56,173,ACTIVE_DRYING
51.0,59.8,513.0,69,0,2.9,37.42076571713799,55,0.13,-2.28,168,ACTIVE_DRYING
52.0,58.2,558.0,68,0,2.9,37.42076571713799,60,0.7,-2.57,163,ACTIVE_DRYING
53.0,57.0,623.0,70,0,2.9,37.42076571713799,65,0.64,-2.11,158,ACTIVE_DRYING
52.8,56.0,589.0,70,0,2.9,37.42076571713799,70,0.21,-1.57,153,ACTIVE_DRYING
53.6,54.6,592.0,70,0,2.9,37.42076571713799,75,0.59,-1.05,148,ACTIVE_DRYING
54.6,53.0,691.0,70,0,2.9,37.42076571713799,80,0.6,-1.03,143,ACTIVE_DRYING
55.2,52.5,709.0,72,0,2.9,37.42076571713799,85,0.75,-0.32,138,ACTIVE_DRYING
56.5,50.8,712.0,68,0,2.9,37.42076571713799,90,1.69,-1.35,133,ACTIVE_DRYING
58.0,50.0,706.0,71,0,2.9,37.42076571713799,95,0.9,-1.16,128,ACTIVE_DRYING
57.7,49.0,792.0,72,0,2.9,37.42076571713799,100,-0.13,-1.96,123,ACTIVE_DRYING
58.1,47.4,770.0,68,0,2.9,37.42076571713799,105,0.36,-2.09,118,ACTIVE_DRYING
57.8,46.8,742.0,71,0,2.9,37.42076571713799,110,-0.56,-0.82,113,ACTIVE_DRYING
58.2,44.7,755.0,70,0,2.9,37.42076571713799,115,0.34,-1.77,108,ACTIVE_DRYING
58.0,44.3,687.0,71,0,2.9,37.42076571713799,120,-0.09,-0.27,103,ACTIVE_DRYING
57.6,44.1,673.0,56,0,2.9,37.42076571713799,125,0.1,-0.4,98,STABILIZING
57.8,42.9,754.0,55,0,2.9,37.42076571713799,130,0.03,-1.4,93,STABILIZING
58.4,41.7,726.0,56,0,2.9,37.42076571713799,135,0.48,-1.25,88,STABILIZING
58.1,41.4,650.0,57,0,2.9,37.42076571713799,140,-0.65,-0.51,83,STABILIZING
57.9,40.8,581.0,54,0,2.9,37.42076571713799,145,-0.24,-1.28,78,STABILIZING
58.1,39.0,662.0,54,0,2.9,37.42076571713799,150,0.15,-2.24,73,NEAR_COMPLETE
57.7,37.6,616.0,54,0,2.9,37.42076571713799,155,-0.05,-1.45,68,NEAR_COMPLETE
57.6,36.2,588.0,53,0,2.9,37.42076571713799,160,0.13,-1.14,63,NEAR_COMPLETE
57.9,34.4,609.0,56,0,2.9,37.42076571713799,165,0.55,-1.72,58,NEAR_COMPLETE
58.3,34.8,544.0,57,0,2.9,37.42076571713799,170,-0.07,-0.68,53,NEAR_COMPLETE
57.8,33.3,446.0,56,0,2.9,37.42076571713799,175,-0.39,-1.67,48,NEAR_COMPLETE
57.5,31.3,388.0,55,0,2.9,37.42076571713799,180,-0.23,-2.27,43,NEAR_COMPLETE
57.1,30.1,367.0,56,0,2.9,37.42076571713799,185,-0.07,-1.0,38,COMPLETE
57.1,28.7,333.0,56,0,2.9,37.42076571713799,190,-0.13,-0.84,33,COMPLETE
56.6,29.6,367.0,54,0,2.9,37.42076571713799,195,-0.31,-0.06,28,COMPLETE
56.3,27.8,256.0,57,0,2.9,37.42076571713799,200,-0.38,-2.26,23,COMPLETE
54.5,25.5,128.0,54,0,2.9,37.42076571713799,205,-1.27,-1.13,18,COMPLETE
54.3,25.8,128.0,55,0,2.9,37.42076571713799,210,-0.55,0.68,13,COMPLETE
53.0,25.3,123.0,53,0,2.9,37.42076571713799,215,-1.3,-0.53,8,COMPLETE
51.7,24.5,0.0,56,0,2.9,37.42076571713799,220,-1.42,0.07,3,COMPLETE
34.0,76.0,17.0,42,1,2.4,38.38714973150933,0,0.0,0.99,256,INITIAL
38.0,74.7,83.0,52,1,2.4,38.38714973150933,5,4.35,-1.81,251,INITIAL
42.6,73.2,122.0,60,1,2.4,38.38714973150933,10,4.9,-2.29,246,ACTIVE_DRYING
46.7,71.4,160.0,84,1,2.4,38.38714973150933,15,4.63,-2.06,241,ACTIVE_DRYING
50.6,69.4,226.0,87,1,2.4,38.38714973150933,20,4.43,-1.56,236,ACTIVE_DRYING
49.8,68.9,209.0,85,0,2.4,38.38714973150933,25,-0.76,-0.99,231,ACTIVE_DRYING
49.3,66.8,249.0,85,0,2.4,38.38714973150933,30,-1.13,-1.88,226,ACTIVE_DRYING
48.2,66.2,330.0,87,0,2.4,38.38714973150933,35,-1.04,-1.1,221,ACTIVE_DRYING
48.1,64.5,338.0,86,0,2.4,38.38714973150933,40,-0.31,-2.88,216,ACTIVE_DRYING
52.9,62.1,336.0,72,1,2.4,38.38714973150933,45,4.28,-2.25,211,ACTIVE_DRYING
52.5,61.6,437.0,71,0,2.4,38.38714973150933,50,-0.1,-1.38,206,ACTIVE_DRYING
52.5,59.9,503.0,69,0,2.4,38.38714973150933,55,0.3,-1.88,201,ACTIVE_DRYING
52.7,59.9,451.0,72,0,2.4,38.38714973150933,60,0.54,-0.1,196,ACTIVE_DRYING
53.8,59.0,551.0,68,0,2.4,38.38714973150933,65,0.82,-1.5,191,ACTIVE_DRYING
54.3,57.0,614.0,68,0,2.4,38.38714973150933,70,0.81,-1.8,186,ACTIVE_DRYING
54.6,54.9,605.0,68,0,2.4,38.38714973150933,75,0.87,-1.35,181,ACTIVE_DRYING
55.9,55.0,622.0,72,0,2.4,38.38714973150933,80,0.71,0.11,176,ACTIVE_DRYING
56.9,53.2,649.0,72,0,2.4,38.38714973150933,85,0.92,-1.35,171,ACTIVE_DRYING
57.8,52.2,635.0,71,0,2.4,38.38714973150933,90,0.52,-0.45,166,ACTIVE_DRYING
57.7,51.2,697.0,68,0,2.4,38.38714973150933,95,0.45,-0.93,161,ACTIVE_DRYING
58.1,50.8,667.0,72,0,2.4,38.38714973150933,100,0.01,-0.83,156,ACTIVE_DRYING
57.9,49.7,675.0,72,0,2.4,38.38714973150933,105,0.32,-0.67,151,ACTIVE_DRYING
58.0,49.0,749.0,68,0,2.4,38.38714973150933,110,0.21,-0.14,146,ACTIVE_DRYING
58.6,48.0,772.0,72,0,2.4,38.38714973150933,115,-0.08,-1.03,141,ACTIVE_DRYING
57.7,46.9,761.0,72,0,2.4,38.38714973150933,120,-0.77,-0.9,136,ACTIVE_DRYING
58.5,46.9,787.0,72,0,2.4,38.38714973150933,125,0.33,-0.8,131,ACTIVE_DRYING
57.8,44.9,738.0,71,0,2.4,38.38714973150933,130,-0.41,-2.59,126,ACTIVE_DRYING
58.0,42.5,702.0,54,0,2.4,38.38714973150933,135,0.2,-1.95,121,ACTIVE_DRYING
58.5,41.2,742.0,55,0,2.4,38.38714973150933,140,0.02,-1.5,116,ACTIVE_DRYING
57.8,40.2,736.0,55,0,2.4,38.38714973150933,145,-0.54,-1.61,111,STABILIZING
58.3,38.3,707.0,54,0,2.4,38.38714973150933,150,0.18,-1.56,106,STABILIZING
58.2,36.8,698.0,57,0,2.4,38.38714973150933,155,0.08,-0.78,101,STABILIZING
58.2,36.0,696.0,55,0,2.4,38.38714973150933,160,0.15,-1.51,96,STABILIZING
58.1,33.8,729.0,57,0,2.4,38.38714973150933,165,0.2,-1.73,91,STABILIZING
58.3,33.8,664.0,54,0,2.4,38.38714973150933,170,-0.07,0.0,86,NEAR_COMPLETE
58.2,32.5,616.0,53,0,2.4,38.38714973150933,175,-0.4,-1.22,81,NEAR_COMPLETE
58.2,31.8,633.0,54,0,2.4,38.38714973150933,180,-0.09,-1.4,76,NEAR_COMPLETE
57.8,30.4,513.0,56,0,2.4,38.38714973150933,185,-0.18,-1.29,71,NEAR_COMPLETE
58.1,29.8,574.0,55,0,2.4,38.38714973150933,190,0.04,-1.04,66,NEAR_COMPLETE
57.8,28.2,505.0,57,0,2.4,38.38714973150933,195,-0.24,-0.7,61,NEAR_COMPLETE
58.5,27.3,487.0,57,0,2.4,38.38714973150933,200,-0.0,-0.58,56,NEAR_COMPLETE
58.3,25.7,454.0,53,0,2.4,38.38714973150933,205,-0.66,-0.42,51,COMPLETE
57.5,25.3,379.0,57,0,2.4,38.38714973150933,210,-0.13,0.05,46,COMPLETE
58.1,23.7,359.0,55,0,2.4,38.38714973150933,215,0.06,-0.79,41,COMPLETE
57.3,24.7,337.0,54,0,2.4,38.38714973150933,220,-0.9,-0.21,36,COMPLETE
56.6,23.7,247.0,54,0,2.4,38.38714973150933,225,-0.68,-1.69,31,COMPLETE
56.0,21.6,245.0,56,0,2.4,38.38714973150933,230,-0.88,-1.89,26,COMPLETE
55.1,21.6,231.0,56,0,2.4,38.38714973150933,235,-0.92,0.96,21,COMPLETE
54.1,21.6,172.0,57,0,2.4,38.38714973150933,240,-0.71,-0.05,16,COMPLETE
52.3,21.5,92.0,55,0,2.4,38.38714973150933,245,-1.33,-0.81,11,COMPLETE
50.5,18.7,31.0,53,0,2.4,38.38714973150933,250,-1.65,-1.36,6,COMPLETE
49.1,20.1,13.0,56,0,2.4,38.38714973150933,255,-1.34,1.33,1,COMPLETE
36.2,71.5,0.0,39,1,1.9,33.68340158356507,0,-0.16,0.62,236,INITIAL
40.5,69.3,51.0,50,1,1.9,33.68340158356507,5,4.31,-1.73,231,INITIAL
44.3,67.3,87.0,58,1,1.9,33.68340158356507,10,4.11,-1.84,226,ACTIVE_DRYING
48.7,64.9,198.0,84,1,1.9,33.68340158356507,15,3.91,-0.99,221,ACTIVE_DRYING
47.2,64.4,210.0,83,0,1.9,33.68340158356507,20,-1.49,-0.79,216,ACTIVE_DRYING
51.3,62.7,224.0,69,1,1.9,33.68340158356507,25,3.98,-1.59,211,ACTIVE_DRYING
50.6,61.9,309.0,69,0,1.9,33.68340158356507,30,-0.29,-0.93,206,ACTIVE_DRYING
50.2,60.9,350.0,68,0,1.9,33.68340158356507,35,-0.22,-0.45,201,ACTIVE_DRYING
50.2,60.6,386.0,69,0,1.9,33.68340158356507,40,-0.07,-1.0,196,ACTIVE_DRYING
49.9,59.4,461.0,68,0,1.9,33.68340158356507,45,-0.18,-1.01,191,ACTIVE_DRYING
49.7,57.3,445.0,71,0,1.9,33.68340158356507,50,0.35,-1.49,186,ACTIVE_DRYING
50.2,57.3,490.0,69,0,1.9,33.68340158356507,55,1.23,-0.39,181,ACTIVE_DRYING
51.4,55.1,573.0,69,0,1.9,33.68340158356507,60,1.14,-1.93,176,ACTIVE_DRYING
52.1,53.9,590.0,72,0,1.9,33.68340158356507,65,0.54,-0.94,171,ACTIVE_DRYING
52.5,52.4,632.0,72,0,1.9,33.68340158356507,70,0.66,-1.09,166,ACTIVE_DRYING
52.9,50.9,606.0,69,0,1.9,33.68340158356507,75,0.75,-0.97,161,ACTIVE_DRYING
53.4,49.8,654.0,72,0,1.9,33.68340158356507,80,0.51,-0.75,156,ACTIVE_DRYING
54.1,49.5,620.0,71,0,1.9,33.68340158356507,85,0.58,-0.26,151,ACTIVE_DRYING
54.3,48.8,643.0,68,0,1.9,33.68340158356507,90,0.32,-0.61,146,ACTIVE_DRYING
55.5,48.1,662.0,70,0,1.9,33.68340158356507,95,1.58,-1.19,141,ACTIVE_DRYING
56.4,46.5,745.0,72,0,1.9,33.68340158356507,100,0.62,-1.93,136,ACTIVE_DRYING
57.4,46.2,756.0,70,0,1.9,33.68340158356507,105,0.07,-2.09,131,ACTIVE_DRYING
57.8,43.3,787.0,70,0,1.9,33.68340158356507,110,0.29,-2.03,126,ACTIVE_DRYING
57.7,42.2,683.0,56,0,1.9,33.68340158356507,115,0.24,-1.32,121,ACTIVE_DRYING
58.4,41.1,733.0,53,0,1.9,33.68340158356507,120,0.2,-0.98,116,ACTIVE_DRYING
58.3,40.4,691.0,55,0,1.9,33.68340158356507,125,-0.31,-1.52,111,NEAR_COMPLETE
57.3,39.5,679.0,55,0,1.9,33.68340158356507,130,-0.2,-1.31,106,NEAR_COMPLETE
58.3,37.0,750.0,56,0,1.9,33.68340158356507,135,0.71,-1.24,101,NEAR_COMPLETE
58.4,36.0,718.0,55,0,1.9,33.68340158356507,140,-0.18,-0.79,96,NEAR_COMPLETE
58.2,35.5,712.0,55,0,1.9,33.68340158356507,145,-0.36,-1.16,91,NEAR_COMPLETE
57.9,33.0,699.0,55,0,1.9,33.68340158356507,150,-0.35,-1.94,86,NEAR_COMPLETE
58.2,33.9,682.0,55,0,1.9,33.68340158356507,155,0.18,-0.04,81,COMPLETE
57.5,31.4,677.0,57,0,1.9,33.68340158356507,160,0.08,-1.46,76,COMPLETE
57.8,30.6,627.0,54,0,1.9,33.68340158356507,165,0.64,-0.51,71,COMPLETE
58.8,31.2,558.0,53,0,1.9,33.68340158356507,170,0.18,0.35,66,COMPLETE
57.6,31.0,492.0,57,0,1.9,33.68340158356507,175,-0.65,-1.34,61,COMPLETE
58.0,28.9,513.0,53,0,1.9,33.68340158356507,180,0.54,-1.9,56,COMPLETE
57.9,28.9,458.0,55,0,1.9,33.68340158356507,185,-0.23,-0.39,51,COMPLETE
57.7,27.6,433.0,55,0,1.9,33.68340158356507,190,0.12,-1.72,46,COMPLETE
57.5,24.9,407.0,54,0,1.9,33.68340158356507,195,0.32,-1.68,41,COMPLETE
57.8,24.4,405.0,56,0,1.9,33.68340158356507,200,0.25,-0.42,36,COMPLETE
57.3,23.8,319.0,55,0,1.9,33.68340158356507,205,-0.71,-0.75,31,COMPLETE
56.1,23.1,231.0,53,0,1.9,33.68340158356507,210,-1.38,-1.11,26,COMPLETE
55.8,22.8,214.0,57,0,1.9,33.68340158356507,215,-0.6,-0.23,21,COMPLETE
54.0,22.0,158.0,54,0,1.9,33.68340158356507,220,-1.64,-0.68,16,COMPLETE
53.1,20.4,120.0,54,0,1.9,33.68340158356507,225,-0.52,-1.7,11,COMPLETE
52.1,21.1,111.0,55,0,1.9,33.68340158356507,230,-0.98,-0.5,6,COMPLETE
50.6,19.5,30.0,55,0,1.9,33.68340158356507,235,-1.14,-1.22,1,COMPLETE
32.8,73.2,0.0,42,1,2.8,34.19856183384174,0,-0.32,-0.05,331,INITIAL
37.6,73.0,86.0,50,1,2.8,34.19856183384174,5,5.06,-1.63,326,INITIAL
41.7,70.0,66.0,62,1,2.8,34.19856183384174,10,4.61,-3.31,321,ACTIVE_DRYING
44.7,68.4,79.0,83,1,2.8,34.19856183384174,15,3.48,-1.21,316,ACTIVE_DRYING
49.1,66.5,80.0,85,1,2.8,34.19856183384174,20,4.1,-2.38,311,ACTIVE_DRYING
46.8,64.8,153.0,86,0,2.8,34.19856183384174,25,-1.84,-1.69,306,ACTIVE_DRYING
50.6,63.3,193.0,70,1,2.8,34.19856183384174,30,4.37,-1.12,301,ACTIVE_DRYING
49.8,60.3,213.0,68,0,2.8,34.19856183384174,35,-0.12,-1.79,296,ACTIVE_DRYING
50.2,59.8,279.0,72,0,2.8,34.19856183384174,40,0.54,-0.89,291,ACTIVE_DRYING
49.7,59.0,281.0,70,0,2.8,34.19856183384174,45,-1.14,-1.46,286,ACTIVE_DRYING
49.0,58.1,319.0,72,0,2.8,34.19856183384174,50,-0.55,-1.09,281,ACTIVE_DRYING
49.1,57.0,302.0,68,0,2.8,34.19856183384174,55,-0.22,-1.98,276,ACTIVE_DRYING
49.3,54.9,440.0,72,0,2.8,34.19856183384174,60,0.22,-1.9,271,ACTIVE_DRYING
49.0,53.2,425.0,70,0,2.8,34.19856183384174,65,-0.67,-1.22,266,ACTIVE_DRYING
49.5,52.3,442.0,68,0,2.8,34.19856183384174,70,0.89,-0.98,261,ACTIVE_DRYING
49.5,51.0,485.0,69,0,2.8,34.19856183384174,75,0.27,-0.93,256,ACTIVE_DRYING
50.4,49.2,504.0,68,0,2.8,34.19856183384174,80,1.01,-1.14,251,ACTIVE_DRYING
51.6,49.3,576.0,68,0,2.8,34.19856183384174,85,0.8,-0.33,246,ACTIVE_DRYING
51.7,49.2,582.0,71,0,2.8,34.19856183384174,90,-0.05,-0.52,241,ACTIVE_DRYING
52.5,47.6,604.0,71,0,2.8,34.19856183384174,95,1.11,-1.63,236,ACTIVE_DRYING
53.5,47.3,632.0,68,0,2.8,34.19856183384174,100,0.89,-0.17,231,ACTIVE_DRYING
53.6,47.2,588.0,68,0,2.8,34.19856183384174,105,0.06,-0.83,226,ACTIVE_DRYING
54.3,43.8,652.0,70,0,2.8,34.19856183384174,110,0.68,-2.65,221,ACTIVE_DRYING
54.7,43.0,694.0,55,0,2.8,34.19856183384174,115,0.98,-0.46,216,ACTIVE_DRYING
56.2,41.6,673.0,57,0,2.8,34.19856183384174,120,1.6,-1.23,211,ACTIVE_DRYING
57.1,39.6,683.0,56,0,2.8,34.19856183384174,125,0.54,-1.03,206,ACTIVE_DRYING
58.2,39.6,680.0,55,0,2.8,34.19856183384174,130,0.96,-0.8,201,ACTIVE_DRYING
57.6,38.1,777.0,55,0,2.8,34.19856183384174,135,-0.27,-1.9,196,NEAR_COMPLETE
58.3,37.5,701.0,53,0,2.8,34.19856183384174,140,0.35,-0.49,191,NEAR_COMPLETE
57.9,36.3,702.0,53,0,2.8,34.19856183384174,145,-0.42,-1.32,186,NEAR_COMPLETE
58.2,35.3,785.0,56,0,2.8,34.19856183384174,150,0.32,-0.86,181,NEAR_COMPLETE
58.1,35.3,728.0,54,0,2.8,34.19856183384174,155,-0.29,-0.06,176,NEAR_COMPLETE
58.1,35.0,790.0,55,0,2.8,34.19856183384174,160,-0.32,-0.56,171,NEAR_COMPLETE
58.4,33.3,793.0,54,0,2.8,34.19856183384174,165,-0.14,-1.66,166,COMPLETE
58.7,31.4,760.0,56,0,2.8,34.19856183384174,170,-0.41,-1.13,161,COMPLETE
57.5,30.1,756.0,54,0,2.8,34.19856183384174,175,-0.42,-0.8,156,COMPLETE
57.9,30.3,734.0,55,0,2.8,34.19856183384174,180,0.04,-0.49,151,COMPLETE
57.8,29.0,747.0,53,0,2.8,34.19856183384174,185,0.24,-1.13,146,COMPLETE
58.3,28.7,695.0,54,0,2.8,34.19856183384174,190,0.61,-0.64,141,COMPLETE
57.8,26.8,724.0,55,0,2.8,34.19856183384174,195,-0.16,-2.23,136,COMPLETE
57.8,27.1,710.0,57,0,2.8,34.19856183384174,200,0.44,-0.39,131,COMPLETE
58.3,27.2,696.0,54,0,2.8,34.19856183384174,205,0.41,-0.92,126,COMPLETE
58.0,26.3,669.0,54,0,2.8,34.19856183384174,210,-0.51,-1.37,121,COMPLETE
58.2,24.8,685.0,54,0,2.8,34.19856183384174,215,0.08,-1.56,116,COMPLETE
57.8,23.8,596.0,57,0,2.8,34.19856183384174,220,-0.18,-1.28,111,COMPLETE
57.8,22.8,631.0,56,0,2.8,34.19856183384174,225,0.27,-0.93,106,COMPLETE
58.3,21.8,635.0,55,0,2.8,34.19856183384174,230,0.06,-0.01,101,COMPLETE
58.0,22.7,576.0,57,0,2.8,34.19856183384174,235,-0.26,0.85,96,COMPLETE
57.6,22.1,515.0,55,0,2.8,34.19856183384174,240,-0.48,-0.87,91,COMPLETE
57.6,21.4,547.0,56,0,2.8,34.19856183384174,245,0.64,-1.22,86,COMPLETE
57.7,20.6,513.0,53,0,2.8,34.19856183384174,250,0.29,-1.38,81,COMPLETE
58.0,20.5,508.0,53,0,2.8,34.19856183384174,255,0.24,-0.6,76,COMPLETE
57.9,19.8,478.0,53,0,2.8,34.19856183384174,260,0.16,-0.95,71,COMPLETE
58.2,19.2,440.0,53,0,2.8,34.19856183384174,265,0.24,-0.99,66,COMPLETE
57.8,17.7,395.0,56,0,2.8,34.19856183384174,270,-0.37,-1.73,61,COMPLETE
57.2,18.1,389.0,56,0,2.8,34.19856183384174,275,-0.2,0.19,56,COMPLETE
57.3,17.9,429.0,53,0,2.8,34.19856183384174,280,0.11,-0.44,51,COMPLETE
56.6,18.0,299.0,56,0,2.8,34.19856183384174,285,-0.7,-0.16,46,COMPLETE
56.7,17.9,328.0,57,0,2.8,34.19856183384174,290,-0.02,-0.24,41,COMPLETE
56.5,18.0,284.0,54,0,2.8,34.19856183384174,295,-0.55,0.36,36,COMPLETE
56.0,18.1,236.0,53,0,2.8,34.19856183384174,300,-0.84,-0.28,31,COMPLETE
55.1,18.7,133.0,54,0,2.8,34.19856183384174,305,-1.26,-0.16,26,COMPLETE
53.9,18.0,118.0,55,0,2.8,34.19856183384174,310,-1.13,-0.94,21,COMPLETE
53.7,17.9,130.0,57,0,2.8,34.19856183384174,315,-0.83,-0.32,16,COMPLETE
53.0,18.3,90.0,55,0,2.8,34.19856183384174,320,-1.6,-0.23,11,COMPLETE
50.9,18.3,10.0,55,0,2.8,34.19856183384174,325,-2.19,-0.81,6,COMPLETE
49.7,19.3,1.0,54,0,2.8,34.19856183384174,330,-1.44,-0.53,1,COMPLETE
34.3,71.1,0.0,42,1,1.8,33.18682906456108,0,-0.12,0.05,286,INITIAL
38.9,68.0,53.0,48,1,1.8,33.18682906456108,5,4.47,-2.31,281,INITIAL
43.4,67.5,118.0,58,1,1.8,33.18682906456108,10,4.24,-0.5,276,ACTIVE_DRYING
46.4,64.8,121.0,84,1,1.8,33.18682906456108,15,3.17,-2.62,271,ACTIVE_DRYING
50.8,64.2,133.0,85,1,1.8,33.18682906456108,20,4.06,-0.96,266,ACTIVE_DRYING
49.8,61.3,214.0,72,0,1.8,33.18682906456108,25,-0.64,-2.25,261,ACTIVE_DRYING
49.8,60.6,230.0,70,0,1.8,33.18682906456108,30,-0.39,-1.75,256,ACTIVE_DRYING
49.8,58.6,307.0,71,0,1.8,33.18682906456108,35,-0.36,-2.27,251,ACTIVE_DRYING
48.7,57.6,342.0,68,0,1.8,33.18682906456108,40,-1.33,-1.56,246,ACTIVE_DRYING
48.4,56.3,325.0,70,0,1.8,33.18682906456108,45,-0.32,-1.07,241,ACTIVE_DRYING
48.1,55.4,417.0,72,0,1.8,33.18682906456108,50,-0.51,-1.38,236,ACTIVE_DRYING
47.2,55.5,381.0,70,0,1.8,33.18682906456108,55,-0.45,-0.88,231,ACTIVE_DRYING
48.4,53.9,489.0,70,0,1.8,33.18682906456108,60,0.8,-2.06,226,ACTIVE_DRYING
48.3,53.0,519.0,69,0,1.8,33.18682906456108,65,-0.23,-1.74,221,ACTIVE_DRYING
49.1,51.5,490.0,68,0,1.8,33.18682906456108,70,0.55,-1.17,216,ACTIVE_DRYING
49.0,50.3,528.0,72,0,1.8,33.18682906456108,75,-0.18,-0.22,211,ACTIVE_DRYING
50.0,49.6,587.0,69,0,1.8,33.18682906456108,80,0.42,-0.97,206,ACTIVE_DRYING
49.9,48.5,626.0,68,0,1.8,33.18682906456108,85,0.18,-1.69,201,ACTIVE_DRYING
50.8,45.7,644.0,68,0,1.8,33.18682906456108,90,1.33,-2.65,196,ACTIVE_DRYING
52.0,45.3,691.0,71,0,1.8,33.18682906456108,95,0.92,-0.89,191,ACTIVE_DRYING
52.7,42.6,631.0,69,0,1.8,33.18682906456108,100,0.76,-1.96,186,ACTIVE_DRYING
53.9,42.4,671.0,54,0,1.8,33.18682906456108,105,1.04,-0.26,181,ACTIVE_DRYING
55.7,40.5,730.0,54,0,1.8,33.18682906456108,110,1.66,-1.46,176,ACTIVE_DRYING
56.9,39.9,703.0,53,0,1.8,33.18682906456108,115,1.15,-0.19,171,ACTIVE_DRYING
57.7,39.1,714.0,54,0,1.8,33.18682906456108,120,1.18,-0.22,166,ACTIVE_DRYING
58.0,37.4,706.0,53,0,1.8,33.18682906456108,125,0.22,-0.73,161,ACTIVE_DRYING
57.7,38.4,756.0,56,0,1.8,33.18682906456108,130,0.03,0.06,156,ACTIVE_DRYING
58.0,37.0,698.0,55,0,1.8,33.18682906456108,135,0.27,-1.71,151,ACTIVE_DRYING
57.5,36.2,782.0,57,0,1.8,33.18682906456108,140,0.35,-1.22,146,NEAR_COMPLETE
58.6,33.8,724.0,53,0,1.8,33.18682906456108,145,0.52,-1.81,141,NEAR_COMPLETE
58.5,31.6,761.0,55,0,1.8,33.18682906456108,150,-0.33,-2.08,136,NEAR_COMPLETE
58.2,31.5,790.0,57,0,1.8,33.18682906456108,155,-0.68,0.51,131,NEAR_COMPLETE
58.0,30.9,762.0,53,0,1.8,33.18682906456108,160,-0.23,-0.6,126,NEAR_COMPLETE
58.5,30.1,763.0,55,0,1.8,33.18682906456108,165,-0.12,-0.2,121,NEAR_COMPLETE
58.0,29.2,711.0,57,0,1.8,33.18682906456108,170,-0.67,-1.12,116,COMPLETE
58.1,28.7,697.0,57,0,1.8,33.18682906456108,175,-0.01,-0.33,111,COMPLETE
57.8,27.8,703.0,54,0,1.8,33.18682906456108,180,0.06,-0.76,106,COMPLETE
58.0,26.4,686.0,55,0,1.8,33.18682906456108,185,-0.09,-0.84,101,COMPLETE
57.7,26.0,684.0,56,0,1.8,33.18682906456108,190,-0.09,-0.41,96,COMPLETE
57.7,24.3,638.0,56,0,1.8,33.18682906456108,195,0.13,-1.08,91,COMPLETE
57.8,23.9,672.0,54,0,1.8,33.18682906456108,200,0.67,-0.34,86,COMPLETE
58.0,22.6,589.0,56,0,1.8,33.18682906456108,205,0.2,-0.71,81,COMPLETE
57.7,23.6,553.0,56,0,1.8,33.18682906456108,210,0.25,-0.07,76,COMPLETE
58.1,23.3,560.0,57,0,1.8,33.18682906456108,215,0.33,-1.28,71,COMPLETE
57.8,22.4,414.0,56,0,1.8,33.18682906456108,220,-0.01,-0.68,66,COMPLETE
57.7,22.3,517.0,54,0,1.8,33.18682906456108,225,0.04,0.37,61,COMPLETE
58.1,21.5,416.0,56,0,1.8,33.18682906456108,230,0.06,0.89,56,COMPLETE
58.2,23.0,347.0,54,0,1.8,33.18682906456108,235,-0.52,1.22,51,COMPLETE
57.0,21.4,302.0,53,0,1.8,33.18682906456108,240,-1.48,-1.03,46,COMPLETE
56.3,21.4,271.0,56,0,1.8,33.18682906456108,245,-0.16,-0.3,41,COMPLETE
56.0,19.9,312.0,55,0,1.8,33.18682906456108,250,-0.41,-1.31,36,COMPLETE
55.4,20.5,258.0,54,0,1.8,33.18682906456108,255,-0.33,-0.58,31,COMPLETE
54.2,19.1,211.0,57,0,1.8,33.18682906456108,260,-0.97,-1.6,26,COMPLETE
54.2,18.2,214.0,55,0,1.8,33.18682906456108,265,-0.81,-0.77,21,COMPLETE
53.1,17.6,174.0,57,0,1.8,33.18682906456108,270,-0.97,-0.24,16,COMPLETE
51.9,17.9,131.0,56,0,1.8,33.18682906456108,275,-1.02,0.39,11,COMPLETE
51.2,19.4,66.0,55,0,1.8,33.18682906456108,280,-1.29,0.09,6,COMPLETE
49.0,18.0,0.0,57,0,1.8,33.18682906456108,285,-1.88,-1.65,1,COMPLETE
34.4,73.7,39.0,41,1,2.0,26.29256309620731,0,-0.28,-0.36,287,INITIAL
39.4,71.3,109.0,48,1,2.0,26.29256309620731,5,4.41,-1.48,282,INITIAL
42.2,69.6,88.0,59,1,2.0,26.29256309620731,10,3.52,-0.95,277,ACTIVE_DRYING
47.1,68.0,132.0,87,1,2.0,26.29256309620731,15,4.81,-0.92,272,ACTIVE_DRYING
50.6,66.1,163.0,83,1,2.0,26.29256309620731,20,3.51,-1.82,267,ACTIVE_DRYING
49.6,63.3,206.0,87,0,2.0,26.29256309620731,25,-1.01,-2.37,262,ACTIVE_DRYING
49.0,62.3,287.0,70,0,2.0,26.29256309620731,30,-0.72,-1.31,257,ACTIVE_DRYING
48.9,61.0,291.0,72,0,2.0,26.29256309620731,35,-0.25,-1.57,252,ACTIVE_DRYING
48.2,60.0,301.0,72,0,2.0,26.29256309620731,40,-1.18,-2.18,247,ACTIVE_DRYING
47.6,58.1,295.0,68,0,2.0,26.29256309620731,45,-0.21,-2.24,242,ACTIVE_DRYING
47.9,55.6,381.0,70,0,2.0,26.29256309620731,50,0.57,-2.47,237,ACTIVE_DRYING
48.7,54.8,444.0,68,0,2.0,26.29256309620731,55,0.37,-0.99,232,ACTIVE_DRYING
48.7,53.5,455.0,72,0,2.0,26.29256309620731,60,-0.19,-1.78,227,ACTIVE_DRYING
48.9,52.5,490.0,72,0,2.0,26.29256309620731,65,-0.49,-1.49,222,ACTIVE_DRYING
48.7,49.9,489.0,68,0,2.0,26.29256309620731,70,-0.8,-1.64,217,ACTIVE_DRYING
49.1,48.7,545.0,70,0,2.0,26.29256309620731,75,0.07,-1.07,212,ACTIVE_DRYING
49.0,47.7,560.0,68,0,2.0,26.29256309620731,80,-0.18,-1.46,207,ACTIVE_DRYING
49.6,46.3,604.0,71,0,2.0,26.29256309620731,85,0.68,-1.23,202,ACTIVE_DRYING
50.7,45.9,625.0,70,0,2.0,26.29256309620731,90,0.9,-1.2,197,NEAR_COMPLETE
51.3,45.1,698.0,72,0,2.0,26.29256309620731,95,0.84,-1.0,192,NEAR_COMPLETE
52.4,45.0,629.0,55,0,2.0,26.29256309620731,100,1.43,-1.21,187,NEAR_COMPLETE
53.9,43.0,687.0,55,0,2.0,26.29256309620731,105,1.5,-1.73,182,NEAR_COMPLETE
56.3,41.5,694.0,53,0,2.0,26.29256309620731,110,1.55,-1.52,177,NEAR_COMPLETE
56.5,40.4,728.0,54,0,2.0,26.29256309620731,115,0.55,-1.65,172,NEAR_COMPLETE
58.4,37.7,773.0,55,0,2.0,26.29256309620731,120,1.79,-2.16,167,COMPLETE
58.1,37.2,710.0,55,0,2.0,26.29256309620731,125,-0.59,-1.33,162,COMPLETE
58.3,34.6,712.0,56,0,2.0,26.29256309620731,130,-0.09,-2.15,157,COMPLETE
57.8,33.1,745.0,55,0,2.0,26.29256309620731,135,-0.01,-1.57,152,COMPLETE
58.2,32.4,780.0,55,0,2.0,26.29256309620731,140,0.4,-1.07,147,COMPLETE
57.8,30.0,749.0,57,0,2.0,26.29256309620731,145,-0.29,-2.02,142,COMPLETE
57.5,28.4,784.0,54,0,2.0,26.29256309620731,150,0.2,-0.62,137,COMPLETE
57.6,28.4,721.0,57,0,2.0,26.29256309620731,155,0.44,-0.79,132,COMPLETE
58.0,27.5,733.0,54,0,2.0,26.29256309620731,160,0.48,-0.56,127,COMPLETE
58.3,26.4,770.0,56,0,2.0,26.29256309620731,165,0.25,-0.61,122,COMPLETE
58.4,25.6,759.0,56,0,2.0,26.29256309620731,170,-0.04,-0.5,117,COMPLETE
57.8,24.5,724.0,55,0,2.0,26.29256309620731,175,-0.52,-0.31,112,COMPLETE
57.6,24.1,662.0,57,0,2.0,26.29256309620731,180,-0.05,-1.07,107,COMPLETE
57.9,22.4,706.0,53,0,2.0,26.29256309620731,185,0.13,-1.14,102,COMPLETE
58.3,22.5,647.0,54,0,2.0,26.29256309620731,190,-0.27,-0.04,97,COMPLETE
58.3,22.0,639.0,53,0,2.0,26.29256309620731,195,-0.36,-0.7,92,COMPLETE
58.3,21.2,596.0,56,0,2.0,26.29256309620731,200,-0.43,-0.99,87,COMPLETE
58.3,20.1,580.0,54,0,2.0,26.29256309620731,205,-0.16,-1.12,82,COMPLETE
57.7,19.5,572.0,56,0,2.0,26.29256309620731,210,0.2,-1.53,77,COMPLETE
57.8,19.1,587.0,55,0,2.0,26.29256309620731,215,0.11,-1.41,72,COMPLETE
57.9,17.2,513.0,55,0,2.0,26.29256309620731,220,0.36,-0.78,67,COMPLETE
57.7,17.0,462.0,57,0,2.0,26.29256309620731,225,-0.18,1.22,62,COMPLETE
57.5,18.4,435.0,56,0,2.0,26.29256309620731,230,-0.06,0.93,57,COMPLETE
58.1,17.8,397.0,57,0,2.0,26.29256309620731,235,0.42,-0.54,52,COMPLETE
57.4,18.3,341.0,57,0,2.0,26.29256309620731,240,-0.09,0.05,47,COMPLETE
57.6,18.4,366.0,54,0,2.0,26.29256309620731,245,0.07,-0.26,42,COMPLETE
57.4,17.3,330.0,53,0,2.0,26.29256309620731,250,-0.21,-0.45,37,COMPLETE
56.8,18.4,256.0,57,0,2.0,26.29256309620731,255,-0.99,0.61,32,COMPLETE
56.0,17.6,219.0,56,0,2.0,26.29256309620731,260,-0.67,-0.14,27,COMPLETE
55.1,17.6,164.0,55,0,2.0,26.29256309620731,265,-1.17,0.13,22,COMPLETE
53.4,17.9,122.0,55,0,2.0,26.29256309620731,270,-1.24,0.29,17,COMPLETE
53.2,18.0,139.0,56,0,2.0,26.29256309620731,275,-0.84,-0.45,12,COMPLETE
51.6,17.7,85.0,55,0,2.0,26.29256309620731,280,-1.64,-0.34,7,COMPLETE
50.9,18.6,80.0,57,0,2.0,26.29256309620731,285,-0.85,0.38,2,COMPLETE
35.9,73.2,14.0,39,1,2.2,28.01290016473227,0,0.18,0.02,208,INITIAL
41.1,71.8,86.0,51,1,2.2,28.01290016473227,5,5.48,-2.15,203,INITIAL
44.4,70.4,50.0,59,1,2.2,28.01290016473227,10,3.28,-0.53,198,ACTIVE_DRYING
49.3,69.2,180.0,85,1,2.2,28.01290016473227,15,4.46,-0.64,193,ACTIVE_DRYING
48.7,69.1,254.0,85,0,2.2,28.01290016473227,20,-1.08,-1.41,188,ACTIVE_DRYING
48.0,66.6,293.0,85,0,2.2,28.01290016473227,25,-0.19,-2.85,183,ACTIVE_DRYING
47.9,64.9,345.0,87,0,2.2,28.01290016473227,30,-0.47,-1.43,178,ACTIVE_DRYING
52.6,62.7,387.0,68,1,2.2,28.01290016473227,35,4.9,-2.36,173,ACTIVE_DRYING
52.3,62.3,390.0,72,0,2.2,28.01290016473227,40,-0.25,-1.5,168,ACTIVE_DRYING
53.1,59.4,499.0,68,0,2.2,28.01290016473227,45,0.74,-2.75,163,ACTIVE_DRYING
53.6,58.4,552.0,68,0,2.2,28.01290016473227,50,0.12,-1.43,158,ACTIVE_DRYING
53.9,57.2,588.0,70,0,2.2,28.01290016473227,55,0.07,-1.63,153,ACTIVE_DRYING
54.2,54.6,596.0,72,0,2.2,28.01290016473227,60,0.48,-2.59,148,ACTIVE_DRYING
55.7,53.5,649.0,70,0,2.2,28.01290016473227,65,1.47,-0.68,143,ACTIVE_DRYING
56.0,52.6,666.0,71,0,2.2,28.01290016473227,70,0.42,-1.74,138,ACTIVE_DRYING
57.4,51.3,631.0,72,0,2.2,28.01290016473227,75,1.05,-1.47,133,ACTIVE_DRYING
58.4,50.5,716.0,70,0,2.2,28.01290016473227,80,0.23,-1.45,128,ACTIVE_DRYING
57.7,49.5,707.0,70,0,2.2,28.01290016473227,85,-0.11,-1.82,123,ACTIVE_DRYING
58.1,48.5,795.0,69,0,2.2,28.01290016473227,90,0.34,-2.13,118,ACTIVE_DRYING
57.8,46.2,734.0,71,0,2.2,28.01290016473227,95,-0.24,-1.72,113,ACTIVE_DRYING
57.0,45.5,752.0,71,0,2.2,28.01290016473227,100,0.3,-1.41,108,ACTIVE_DRYING
57.8,43.5,727.0,72,0,2.2,28.01290016473227,105,0.68,-1.85,103,ACTIVE_DRYING
57.8,43.3,730.0,56,0,2.2,28.01290016473227,110,0.44,-0.72,98,ACTIVE_DRYING
57.7,41.9,756.0,53,0,2.2,28.01290016473227,115,0.1,-0.62,93,STABILIZING
58.0,41.3,692.0,55,0,2.2,28.01290016473227,120,0.34,-1.17,88,STABILIZING
58.1,39.9,664.0,53,0,2.2,28.01290016473227,125,0.02,-1.63,83,STABILIZING
57.9,37.3,704.0,57,0,2.2,28.01290016473227,130,-0.1,-1.4,78,STABILIZING
57.2,38.1,651.0,56,0,2.2,28.01290016473227,135,0.07,0.02,73,STABILIZING
58.2,37.5,632.0,56,0,2.2,28.01290016473227,140,0.62,-1.05,68,STABILIZING
58.1,35.5,631.0,55,0,2.2,28.01290016473227,145,-0.05,-2.15,63,NEAR_COMPLETE
58.1,35.1,550.0,55,0,2.2,28.01290016473227,150,0.29,-0.65,58,NEAR_COMPLETE
57.5,34.3,557.0,55,0,2.2,28.01290016473227,155,-0.3,-0.45,53,NEAR_COMPLETE
57.5,34.7,463.0,56,0,2.2,28.01290016473227,160,0.69,-0.35,48,NEAR_COMPLETE
58.2,32.1,476.0,53,0,2.2,28.01290016473227,165,0.39,-2.52,43,NEAR_COMPLETE
58.2,31.4,442.0,53,0,2.2,28.01290016473227,170,0.01,-0.93,38,NEAR_COMPLETE
58.2,30.2,374.0,56,0,2.2,28.01290016473227,175,-0.37,-1.15,33,NEAR_COMPLETE
57.6,29.8,315.0,56,0,2.2,28.01290016473227,180,-0.93,-0.81,28,NEAR_COMPLETE
56.1,29.2,271.0,54,0,2.2,28.01290016473227,185,-1.31,-0.71,23,COMPLETE
55.5,28.3,164.0,54,0,2.2,28.01290016473227,190,-0.58,-1.2,18,COMPLETE
53.6,27.6,173.0,56,0,2.2,28.01290016473227,195,-1.24,-0.61,13,COMPLETE
53.0,26.7,75.0,54,0,2.2,28.01290016473227,200,0.13,-0.85,8,COMPLETE
52.1,27.4,59.0,56,0,2.2,28.01290016473227,205,-0.92,-0.59,3,COMPLETE
34.7,71.5,0.0,40,1,1.6,25.387023443624827,0,0.07,-0.03,300,INITIAL
39.6,70.0,18.0,48,1,1.6,25.387023443624827,5,4.81,-1.89,295,INITIAL
43.7,69.2,128.0,59,1,1.6,25.387023443624827,10,3.73,-0.99,290,ACTIVE_DRYING
47.6,68.2,128.0,84,1,1.6,25.387023443624827,15,4.0,-0.91,285,ACTIVE_DRYING
51.8,64.6,180.0,85,1,1.6,25.387023443624827,20,3.59,-3.21,280,ACTIVE_DRYING
50.5,63.9,184.0,85,0,1.6,25.387023443624827,25,-1.36,-0.4,275,ACTIVE_DRYING
49.6,62.9,227.0,68,0,1.6,25.387023443624827,30,-0.76,-0.9,270,ACTIVE_DRYING
48.8,61.7,269.0,71,0,1.6,25.387023443624827,35,-0.94,-1.72,265,ACTIVE_DRYING
48.2,59.5,316.0,70,0,1.6,25.387023443624827,40,-0.29,-2.01,260,ACTIVE_DRYING
47.4,57.6,410.0,70,0,1.6,25.387023443624827,45,-0.98,-1.45,255,ACTIVE_DRYING
46.8,56.2,329.0,70,0,1.6,25.387023443624827,50,0.21,-0.7,250,ACTIVE_DRYING
46.8,54.8,429.0,70,0,1.6,25.387023443624827,55,0.46,-1.62,245,ACTIVE_DRYING
47.4,52.9,434.0,71,0,1.6,25.387023443624827,60,0.58,-1.55,240,ACTIVE_DRYING
47.6,51.9,498.0,72,0,1.6,25.387023443624827,65,0.69,-1.69,235,ACTIVE_DRYING
48.3,50.1,491.0,69,0,1.6,25.387023443624827,70,0.28,-1.76,230,ACTIVE_DRYING
49.5,48.3,564.0,71,0,1.6,25.387023443624827,75,0.6,-1.13,225,ACTIVE_DRYING
49.1,47.6,561.0,69,0,1.6,25.387023443624827,80,-0.3,-0.66,220,ACTIVE_DRYING
50.2,45.7,544.0,71,0,1.6,25.387023443624827,85,0.55,-1.41,215,ACTIVE_DRYING
50.7,46.1,661.0,68,0,1.6,25.387023443624827,90,0.92,-0.75,210,NEAR_COMPLETE
51.5,44.0,680.0,68,0,1.6,25.387023443624827,95,1.02,-1.13,205,NEAR_COMPLETE
52.1,44.1,646.0,54,0,1.6,25.387023443624827,100,1.18,0.05,200,NEAR_COMPLETE
53.7,42.6,635.0,55,0,1.6,25.387023443624827,105,1.53,-2.12,195,NEAR_COMPLETE
55.0,42.2,683.0,56,0,1.6,25.387023443624827,110,1.31,-1.3,190,NEAR_COMPLETE
56.3,40.3,753.0,53,0,1.6,25.387023443624827,115,1.15,-2.47,185,NEAR_COMPLETE
57.9,39.8,700.0,56,0,1.6,25.387023443624827,120,1.38,-2.01,180,COMPLETE
58.2,38.2,735.0,53,0,1.6,25.387023443624827,125,0.22,-1.68,175,COMPLETE
57.9,36.8,749.0,57,0,1.6,25.387023443624827,130,-0.22,-1.89,170,COMPLETE
58.1,35.9,749.0,55,0,1.6,25.387023443624827,135,0.15,-0.89,165,COMPLETE
58.0,34.8,716.0,53,0,1.6,25.387023443624827,140,-0.09,-2.04,160,COMPLETE
58.9,33.5,712.0,56,0,1.6,25.387023443624827,145,-0.09,-1.56,155,COMPLETE
58.0,32.1,729.0,57,0,1.6,25.387023443624827,150,-0.68,-1.16,150,COMPLETE
58.1,30.8,721.0,55,0,1.6,25.387023443624827,155,-0.11,-0.97,145,COMPLETE
58.0,30.7,731.0,55,0,1.6,25.387023443624827,160,0.09,-0.51,140,COMPLETE
57.8,29.5,749.0,53,0,1.6,25.387023443624827,165,-0.12,-0.81,135,COMPLETE
57.5,28.8,721.0,53,0,1.6,25.387023443624827,170,0.09,-1.17,130,COMPLETE
58.4,27.7,737.0,54,0,1.6,25.387023443624827,175,0.41,-0.9,125,COMPLETE
58.3,26.3,708.0,56,0,1.6,25.387023443624827,180,-0.31,-0.95,120,COMPLETE
57.9,25.6,691.0,54,0,1.6,25.387023443624827,185,-0.12,-0.89,115,COMPLETE
58.1,24.4,748.0,57,0,1.6,25.387023443624827,190,0.32,-1.28,110,COMPLETE
58.1,22.6,708.0,55,0,1.6,25.387023443624827,195,0.08,-1.18,105,COMPLETE
58.0,21.0,649.0,57,0,1.6,25.387023443624827,200,-0.13,-0.92,100,COMPLETE
58.0,20.1,632.0,53,0,1.6,25.387023443624827,205,-0.07,-0.98,95,COMPLETE
58.5,19.7,577.0,55,0,1.6,25.387023443624827,210,-0.07,0.45,90,COMPLETE
58.3,20.3,581.0,54,0,1.6,25.387023443624827,215,-0.3,0.25,85,COMPLETE
57.7,18.8,553.0,54,0,1.6,25.387023443624827,220,-0.58,-1.54,80,COMPLETE
57.9,18.0,576.0,56,0,1.6,25.387023443624827,225,-0.05,-0.96,75,COMPLETE
58.1,17.2,487.0,55,0,1.6,25.387023443624827,230,0.46,0.48,70,COMPLETE
58.3,17.2,371.0,54,0,1.6,25.387023443624827,235,-0.25,1.05,65,COMPLETE
57.9,17.6,483.0,56,0,1.6,25.387023443624827,240,-0.44,0.92,60,COMPLETE
57.6,17.8,381.0,57,0,1.6,25.387023443624827,245,0.15,0.38,55,COMPLETE
57.4,18.0,360.0,55,0,1.6,25.387023443624827,250,0.18,0.85,50,COMPLETE
57.5,18.2,397.0,55,0,1.6,25.387023443624827,255,-0.28,0.37,45,COMPLETE
56.8,18.2,279.0,54,0,1.6,25.387023443624827,260,-1.03,-1.09,40,COMPLETE
55.9,17.5,270.0,56,0,1.6,25.387023443624827,265,-1.25,-0.64,35,COMPLETE
55.0,18.2,216.0,54,0,1.6,25.387023443624827,270,-0.76,0.07,30,COMPLETE
54.3,18.4,206.0,57,0,1.6,25.387023443624827,275,-0.7,-0.18,25,COMPLETE
53.1,17.8,140.0,55,0,1.6,25.387023443624827,280,-1.3,-0.48,20,COMPLETE
51.7,17.8,185.0,55,0,1.6,25.387023443624827,285,-1.47,0.82,15,COMPLETE
50.5,18.8,103.0,53,0,1.6,25.387023443624827,290,-1.07,-0.13,10,COMPLETE
49.1,18.1,4.0,53,0,1.6,25.387023443624827,295,-1.4,-0.34,5,COMPLETE
47.7,17.4,3.0,57,0,1.6,25.387023443624827,300,-1.38,-0.11,0,COMPLETE
34.0,71.6,0.0,39,1,1.4,25.024767411589856,0,0.21,0.01,262,INITIAL
39.2,70.1,46.0,49,1,1.4,25.024767411589856,5,4.74,-0.75,257,INITIAL
43.3,67.4,88.0,61,1,1.4,25.024767411589856,10,3.66,-2.08,252,ACTIVE_DRYING
46.2,65.8,84.0,83,1,1.4,25.024767411589856,15,3.23,-0.7,247,ACTIVE_DRYING
50.4,65.6,185.0,87,1,1.4,25.024767411589856,20,4.61,-0.65,242,ACTIVE_DRYING
49.3,64.1,228.0,87,0,1.4,25.024767411589856,25,-1.07,-2.44,237,ACTIVE_DRYING
48.6,60.8,255.0,69,0,1.4,25.024767411589856,30,-0.96,-2.36,232,ACTIVE_DRYING
48.3,59.0,285.0,71,0,1.4,25.024767411589856,35,-0.6,-0.83,227,ACTIVE_DRYING
47.8,58.2,350.0,69,0,1.4,25.024767411589856,40,-0.64,-0.33,222,ACTIVE_DRYING
47.5,57.1,338.0,69,0,1.4,25.024767411589856,45,-0.02,-1.09,217,ACTIVE_DRYING
47.5,55.2,430.0,68,0,1.4,25.024767411589856,50,0.45,-1.86,212,ACTIVE_DRYING
48.1,53.6,424.0,71,0,1.4,25.024767411589856,55,0.59,-1.35,207,ACTIVE_DRYING
47.4,52.7,459.0,69,0,1.4,25.024767411589856,60,-0.49,-1.04,202,ACTIVE_DRYING
47.6,49.9,557.0,68,0,1.4,25.024767411589856,65,0.86,-2.13,197,ACTIVE_DRYING
48.2,49.5,501.0,71,0,1.4,25.024767411589856,70,0.9,-0.72,192,ACTIVE_DRYING
49.0,47.7,572.0,68,0,1.4,25.024767411589856,75,1.08,-1.15,187,ACTIVE_DRYING
50.0,47.2,583.0,71,0,1.4,25.024767411589856,80,0.73,-0.3,182,ACTIVE_DRYING
50.9,45.5,589.0,71,0,1.4,25.024767411589856,85,0.27,-2.42,177,ACTIVE_DRYING
51.5,44.3,662.0,70,0,1.4,25.024767411589856,90,0.66,-1.21,172,ACTIVE_DRYING
52.3,42.7,640.0,54,0,1.4,25.024767411589856,95,0.59,-1.48,167,NEAR_COMPLETE
52.9,41.1,721.0,56,0,1.4,25.024767411589856,100,0.97,-1.18,162,NEAR_COMPLETE
55.3,41.2,750.0,54,0,1.4,25.024767411589856,105,2.58,0.23,157,NEAR_COMPLETE
55.4,39.7,680.0,56,0,1.4,25.024767411589856,110,0.63,-1.44,152,NEAR_COMPLETE
57.1,39.2,736.0,53,0,1.4,25.024767411589856,115,1.2,-0.1,147,NEAR_COMPLETE
57.4,37.7,734.0,54,0,1.4,25.024767411589856,120,0.72,-0.85,142,NEAR_COMPLETE
58.2,37.5,719.0,53,0,1.4,25.024767411589856,125,0.93,-0.21,137,COMPLETE
57.6,37.5,744.0,56,0,1.4,25.024767411589856,130,-0.23,-0.85,132,COMPLETE
58.1,37.4,748.0,56,0,1.4,25.024767411589856,135,0.83,-1.04,127,COMPLETE
57.2,33.9,737.0,55,0,1.4,25.024767411589856,140,0.34,-3.58,122,COMPLETE
57.7,33.1,762.0,57,0,1.4,25.024767411589856,145,0.62,-1.29,117,COMPLETE
58.8,31.7,730.0,53,0,1.4,25.024767411589856,150,0.51,-1.94,112,COMPLETE
58.2,31.4,744.0,54,0,1.4,25.024767411589856,155,-1.07,-0.15,107,COMPLETE
57.4,29.3,769.0,57,0,1.4,25.024767411589856,160,-0.33,-1.99,102,COMPLETE
58.2,27.7,702.0,57,0,1.4,25.024767411589856,165,0.66,-1.24,97,COMPLETE
58.3,26.4,657.0,53,0,1.4,25.024767411589856,170,-0.35,-1.08,92,COMPLETE
58.0,26.2,681.0,55,0,1.4,25.024767411589856,175,-0.43,-0.96,87,COMPLETE
57.8,25.4,613.0,55,0,1.4,25.024767411589856,180,0.03,-0.25,82,COMPLETE
57.9,23.8,575.0,53,0,1.4,25.024767411589856,185,0.14,-0.94,77,COMPLETE
57.8,22.6,585.0,57,0,1.4,25.024767411589856,190,0.09,-0.43,72,COMPLETE
57.5,22.6,577.0,57,0,1.4,25.024767411589856,195,0.28,-0.28,67,COMPLETE
57.9,21.0,493.0,53,0,1.4,25.024767411589856,200,0.24,-0.88,62,COMPLETE
58.4,20.4,461.0,56,0,1.4,25.024767411589856,205,0.24,0.12,57,COMPLETE
58.3,19.7,470.0,56,0,1.4,25.024767411589856,210,-0.45,-0.42,52,COMPLETE
57.5,19.0,419.0,56,0,1.4,25.024767411589856,215,-0.82,-0.66,47,COMPLETE
57.5,18.0,369.0,55,0,1.4,25.024767411589856,220,-0.03,-0.88,42,COMPLETE
56.7,17.9,305.0,54,0,1.4,25.024767411589856,225,-0.41,-0.16,37,COMPLETE
56.7,17.5,283.0,57,0,1.4,25.024767411589856,230,-0.28,0.23,32,COMPLETE
55.1,18.0,237.0,55,0,1.4,25.024767411589856,235,-1.3,0.56,27,COMPLETE
55.2,17.5,219.0,54,0,1.4,25.024767411589856,240,-0.09,-0.31,22,COMPLETE
54.2,18.0,152.0,55,0,1.4,25.024767411589856,245,-1.22,0.69,17,COMPLETE
52.9,17.4,152.0,54,0,1.4,25.024767411589856,250,-1.05,-0.44,12,COMPLETE
51.4,17.9,66.0,56,0,1.4,25.024767411589856,255,-1.23,0.76,7,COMPLETE
49.3,17.4,0.0,56,0,1.4,25.024767411589856,260,-1.93,0.08,2,COMPLETE
34.6,73.5,0.0,38,1,3.0,31.420249279411006,0,-0.07,-0.14,214,INITIAL
39.6,72.0,89.0,49,1,3.0,31.420249279411006,5,5.02,-1.3,209,INITIAL
43.6,70.6,139.0,61,1,3.0,31.420249279411006,10,3.96,-1.79,204,ACTIVE_DRYING
48.4,69.3,166.0,83,1,3.0,31.420249279411006,15,4.29,-1.27,199,ACTIVE_DRYING
52.6,67.6,247.0,86,1,3.0,31.420249279411006,20,4.24,-2.48,194,ACTIVE_DRYING
51.2,64.5,240.0,83,0,3.0,31.420249279411006,25,-1.27,-1.82,189,ACTIVE_DRYING
50.2,65.2,363.0,87,0,3.0,31.420249279411006,30,-0.8,-0.22,184,ACTIVE_DRYING
49.9,62.5,334.0,71,0,3.0,31.420249279411006,35,-0.59,-2.45,179,ACTIVE_DRYING
49.3,61.0,401.0,69,0,3.0,31.420249279411006,40,-0.72,-1.06,174,ACTIVE_DRYING
50.0,59.2,455.0,71,0,3.0,31.420249279411006,45,0.63,-1.31,169,ACTIVE_DRYING
50.3,58.3,492.0,69,0,3.0,31.420249279411006,50,0.08,-0.48,164,ACTIVE_DRYING
50.7,56.4,553.0,68,0,3.0,31.420249279411006,55,0.37,-1.48,159,ACTIVE_DRYING
50.6,55.3,579.0,69,0,3.0,31.420249279411006,60,0.43,-0.65,154,ACTIVE_DRYING
52.4,53.7,668.0,71,0,3.0,31.420249279411006,65,1.49,-0.91,149,ACTIVE_DRYING
53.5,51.3,641.0,71,0,3.0,31.420249279411006,70,0.71,-1.77,144,ACTIVE_DRYING
53.6,51.4,634.0,72,0,3.0,31.420249279411006,75,0.21,0.62,139,ACTIVE_DRYING
54.1,50.6,670.0,69,0,3.0,31.420249279411006,80,0.8,-1.97,134,ACTIVE_DRYING
55.3,48.0,683.0,70,0,3.0,31.420249279411006,85,1.29,-2.43,129,ACTIVE_DRYING
56.5,47.1,738.0,68,0,3.0,31.420249279411006,90,1.15,-0.55,124,ACTIVE_DRYING
58.0,45.7,760.0,70,0,3.0,31.420249279411006,95,0.99,-1.13,119,ACTIVE_DRYING
58.3,44.3,782.0,70,0,3.0,31.420249279411006,100,0.01,-1.15,114,ACTIVE_DRYING
58.0,44.2,759.0,53,0,3.0,31.420249279411006,105,-0.19,-0.48,109,ACTIVE_DRYING
58.0,41.8,754.0,53,0,3.0,31.420249279411006,110,-0.1,-2.72,104,NEAR_COMPLETE
57.6,39.9,746.0,55,0,3.0,31.420249279411006,115,0.36,-2.14,99,NEAR_COMPLETE
58.3,38.1,771.0,53,0,3.0,31.420249279411006,120,0.47,-1.05,94,NEAR_COMPLETE
57.8,37.1,772.0,57,0,3.0,31.420249279411006,125,-0.4,-0.44,89,NEAR_COMPLETE
58.2,35.7,702.0,57,0,3.0,31.420249279411006,130,0.36,-1.4,84,NEAR_COMPLETE
58.6,36.1,682.0,55,0,3.0,31.420249279411006,135,-0.04,-0.02,79,COMPLETE
57.9,34.5,694.0,53,0,3.0,31.420249279411006,140,-0.19,-2.69,74,COMPLETE
57.6,34.3,613.0,56,0,3.0,31.420249279411006,145,0.02,-0.72,69,COMPLETE
58.2,32.3,571.0,54,0,3.0,31.420249279411006,150,0.15,-1.32,64,COMPLETE
58.4,31.3,588.0,53,0,3.0,31.420249279411006,155,-0.19,-0.57,59,COMPLETE
58.5,31.0,476.0,57,0,3.0,31.420249279411006,160,-0.18,-0.5,54,COMPLETE
58.0,29.8,489.0,57,0,3.0,31.420249279411006,165,-0.31,-1.44,49,COMPLETE
58.1,29.2,455.0,53,0,3.0,31.420249279411006,170,0.1,-0.69,44,COMPLETE
58.2,27.7,410.0,55,0,3.0,31.420249279411006,175,0.05,-1.92,39,COMPLETE
57.4,27.3,327.0,54,0,3.0,31.420249279411006,180,-0.52,-0.25,34,COMPLETE
56.6,26.2,308.0,55,0,3.0,31.420249279411006,185,0.18,-0.47,29,COMPLETE
56.1,25.4,214.0,55,0,3.0,31.420249279411006,190,-0.62,-0.72,24,COMPLETE
55.3,24.4,212.0,55,0,3.0,31.420249279411006,195,-0.45,-1.5,19,COMPLETE
54.7,22.7,224.0,54,0,3.0,31.420249279411006,200,-0.34,-1.69,14,COMPLETE
53.4,23.1,139.0,57,0,3.0,31.420249279411006,205,-1.01,-1.22,9,COMPLETE
52.0,22.3,29.0,56,0,3.0,31.420249279411006,210,-1.79,-1.67,4,COMPLETE
32.8,74.5,12.0,38,1,2.3,37.35232484671678,0,0.31,0.08,227,INITIAL
37.2,71.2,31.0,49,1,2.3,37.35232484671678,5,4.34,-3.65,222,INITIAL
41.8,68.9,121.0,61,1,2.3,37.35232484671678,10,4.55,-2.64,217,ACTIVE_DRYING
45.5,67.4,153.0,85,1,2.3,37.35232484671678,15,3.91,-1.55,212,ACTIVE_DRYING
50.0,65.7,170.0,84,1,2.3,37.35232484671678,20,4.34,-1.86,207,ACTIVE_DRYING
48.1,61.7,240.0,83,0,2.3,37.35232484671678,25,-1.07,-2.95,202,ACTIVE_DRYING
48.5,62.9,335.0,70,0,2.3,37.35232484671678,30,0.31,0.51,197,ACTIVE_DRYING
48.6,61.4,344.0,70,0,2.3,37.35232484671678,35,-0.02,-1.56,192,ACTIVE_DRYING
48.5,58.8,372.0,71,0,2.3,37.35232484671678,40,-0.36,-1.31,187,ACTIVE_DRYING
48.8,59.3,440.0,69,0,2.3,37.35232484671678,45,0.09,-0.11,182,ACTIVE_DRYING
48.6,57.1,483.0,69,0,2.3,37.35232484671678,50,-0.04,-1.71,177,ACTIVE_DRYING
49.2,56.0,544.0,68,0,2.3,37.35232484671678,55,0.92,-0.85,172,ACTIVE_DRYING
50.8,54.5,611.0,68,0,2.3,37.35232484671678,60,1.69,-1.14,167,ACTIVE_DRYING
50.2,55.6,596.0,72,0,2.3,37.35232484671678,65,-0.08,0.61,162,ACTIVE_DRYING
51.9,54.0,549.0,72,0,2.3,37.35232484671678,70,2.17,-2.31,157,ACTIVE_DRYING
51.7,52.8,621.0,71,0,2.3,37.35232484671678,75,0.03,-1.67,152,ACTIVE_DRYING
53.3,52.6,680.0,72,0,2.3,37.35232484671678,80,1.54,-1.24,147,ACTIVE_DRYING
53.4,50.9,666.0,72,0,2.3,37.35232484671678,85,0.64,-1.97,142,ACTIVE_DRYING
55.1,49.7,705.0,72,0,2.3,37.35232484671678,90,1.44,-0.86,137,ACTIVE_DRYING
56.0,48.1,722.0,69,0,2.3,37.35232484671678,95,0.6,-1.3,132,ACTIVE_DRYING
56.6,46.4,731.0,68,0,2.3,37.35232484671678,100,0.79,-1.36,127,ACTIVE_DRYING
57.9,45.7,731.0,68,0,2.3,37.35232484671678,105,1.27,-0.91,122,ACTIVE_DRYING
58.4,44.3,724.0,72,0,2.3,37.35232484671678,110,-0.39,-1.34,117,ACTIVE_DRYING
58.1,41.8,756.0,56,0,2.3,37.35232484671678,115,-0.07,-1.87,112,ACTIVE_DRYING
58.0,41.7,756.0,53,0,2.3,37.35232484671678,120,-0.25,-1.3,107,ACTIVE_DRYING
58.0,39.6,784.0,55,0,2.3,37.35232484671678,125,0.2,-1.92,102,STABILIZING
57.6,39.0,714.0,55,0,2.3,37.35232484671678,130,-0.14,-0.12,97,STABILIZING
57.7,38.4,732.0,54,0,2.3,37.35232484671678,135,0.44,-1.05,92,STABILIZING
58.3,37.3,703.0,57,0,2.3,37.35232484671678,140,-0.05,-1.53,87,STABILIZING
57.8,35.6,683.0,54,0,2.3,37.35232484671678,145,-0.57,-1.1,82,NEAR_COMPLETE
57.9,34.7,623.0,53,0,2.3,37.35232484671678,150,-0.02,-0.93,77,NEAR_COMPLETE
57.5,34.5,658.0,53,0,2.3,37.35232484671678,155,-0.1,-1.03,72,NEAR_COMPLETE
57.8,34.0,614.0,53,0,2.3,37.35232484671678,160,0.59,-1.33,67,NEAR_COMPLETE
58.1,32.5,585.0,55,0,2.3,37.35232484671678,165,0.29,-1.05,62,NEAR_COMPLETE
58.2,31.8,541.0,53,0,2.3,37.35232484671678,170,-0.08,-0.04,57,COMPLETE
57.9,31.8,491.0,54,0,2.3,37.35232484671678,175,-0.37,-0.32,52,COMPLETE
58.0,31.0,418.0,56,0,2.3,37.35232484671678,180,0.04,-1.06,47,COMPLETE
58.6,29.6,415.0,56,0,2.3,37.35232484671678,185,-0.4,-1.08,42,COMPLETE
57.3,28.1,353.0,53,0,2.3,37.35232484671678,190,-0.85,-1.15,37,COMPLETE
57.4,27.5,351.0,56,0,2.3,37.35232484671678,195,0.1,-0.33,32,COMPLETE
56.9,26.1,284.0,57,0,2.3,37.35232484671678,200,-0.32,-1.02,27,COMPLETE
56.6,26.3,244.0,54,0,2.3,37.35232484671678,205,-0.43,-0.68,22,COMPLETE
55.5,25.0,128.0,53,0,2.3,37.35232484671678,210,-1.3,-0.88,17,COMPLETE
54.2,25.4,141.0,57,0,2.3,37.35232484671678,215,-1.2,-0.25,12,COMPLETE
53.1,24.6,96.0,54,0,2.3,37.35232484671678,220,-0.74,-1.42,7,COMPLETE
52.4,22.9,20.0,56,0,2.3,37.35232484671678,225,-1.09,-2.19,2,COMPLETE
34.2,74.8,0.0,38,1,2.4,31.14753723282972,0,0.01,0.51,263,INITIAL
38.1,73.4,0.0,48,1,2.4,31.14753723282972,5,3.85,-1.03,258,INITIAL
42.0,70.8,117.0,59,1,2.4,31.14753723282972,10,4.05,-2.1,253,ACTIVE_DRYING
46.9,69.2,175.0,87,1,2.4,31.14753723282972,15,4.72,-1.91,248,ACTIVE_DRYING
49.9,67.0,177.0,85,1,2.4,31.14753723282972,20,3.39,-1.8,243,ACTIVE_DRYING
49.0,65.2,217.0,83,0,2.4,31.14753723282972,25,-0.61,-1.88,238,ACTIVE_DRYING
48.4,63.5,281.0,84,0,2.4,31.14753723282972,30,-0.81,-1.02,233,ACTIVE_DRYING
48.2,63.9,320.0,70,0,2.4,31.14753723282972,35,-0.2,-0.67,228,ACTIVE_DRYING
47.7,61.4,320.0,68,0,2.4,31.14753723282972,40,-0.5,-1.99,223,ACTIVE_DRYING
52.8,60.3,373.0,68,1,2.4,31.14753723282972,45,5.32,-1.16,218,ACTIVE_DRYING
52.3,59.5,413.0,72,0,2.4,31.14753723282972,50,-0.76,-1.25,213,ACTIVE_DRYING
52.0,57.3,506.0,70,0,2.4,31.14753723282972,55,-0.09,-1.85,208,ACTIVE_DRYING
52.1,55.3,453.0,71,0,2.4,31.14753723282972,60,-0.13,-0.77,203,ACTIVE_DRYING
52.2,54.4,510.0,72,0,2.4,31.14753723282972,65,0.14,-0.83,198,ACTIVE_DRYING
53.6,52.9,566.0,71,0,2.4,31.14753723282972,70,0.8,-0.98,193,ACTIVE_DRYING
54.0,51.7,607.0,71,0,2.4,31.14753723282972,75,0.46,-1.03,188,ACTIVE_DRYING
54.5,50.0,647.0,68,0,2.4,31.14753723282972,80,1.13,-2.03,183,ACTIVE_DRYING
56.1,48.4,650.0,69,0,2.4,31.14753723282972,85,1.32,-1.31,178,ACTIVE_DRYING
57.2,47.7,687.0,70,0,2.4,31.14753723282972,90,0.62,-1.64,173,ACTIVE_DRYING
57.4,46.5,696.0,71,0,2.4,31.14753723282972,95,0.47,-1.53,168,ACTIVE_DRYING
57.9,44.6,684.0,71,0,2.4,31.14753723282972,100,0.51,-1.48,163,ACTIVE_DRYING
58.1,43.5,705.0,57,0,2.4,31.14753723282972,105,0.14,-1.47,158,ACTIVE_DRYING
57.8,41.3,709.0,54,0,2.4,31.14753723282972,110,-0.05,-0.99,153,ACTIVE_DRYING
57.9,41.1,729.0,57,0,2.4,31.14753723282972,115,0.25,-0.24,148,ACTIVE_DRYING
58.2,38.5,740.0,57,0,2.4,31.14753723282972,120,0.26,-2.29,143,ACTIVE_DRYING
58.0,37.9,715.0,54,0,2.4,31.14753723282972,125,-0.08,-0.44,138,NEAR_COMPLETE
58.0,37.0,740.0,54,0,2.4,31.14753723282972,130,-0.13,-0.71,133,NEAR_COMPLETE
57.8,35.4,781.0,55,0,2.4,31.14753723282972,135,0.09,-0.64,128,NEAR_COMPLETE
57.6,35.5,748.0,55,0,2.4,31.14753723282972,140,0.22,-0.36,123,NEAR_COMPLETE
58.4,34.1,766.0,56,0,2.4,31.14753723282972,145,0.67,-1.41,118,NEAR_COMPLETE
57.6,32.3,759.0,55,0,2.4,31.14753723282972,150,-0.63,-1.44,113,NEAR_COMPLETE
57.6,32.1,750.0,57,0,2.4,31.14753723282972,155,0.58,-0.2,108,COMPLETE
58.1,31.5,676.0,57,0,2.4,31.14753723282972,160,0.33,-0.21,103,COMPLETE
57.9,30.4,735.0,56,0,2.4,31.14753723282972,165,-0.01,-0.22,98,COMPLETE
57.9,29.2,672.0,54,0,2.4,31.14753723282972,170,0.17,-1.44,93,COMPLETE
58.3,27.5,638.0,53,0,2.4,31.14753723282972,175,0.04,-0.85,88,COMPLETE
57.9,27.0,590.0,54,0,2.4,31.14753723282972,180,-0.42,-0.4,83,COMPLETE
57.9,27.2,615.0,53,0,2.4,31.14753723282972,185,-0.13,-0.41,78,COMPLETE
58.1,25.2,583.0,55,0,2.4,31.14753723282972,190,-0.04,-1.89,73,COMPLETE
58.2,24.6,531.0,53,0,2.4,31.14753723282972,195,-0.14,-1.18,68,COMPLETE
58.0,23.3,512.0,55,0,2.4,31.14753723282972,200,-0.11,-0.95,63,COMPLETE
57.8,23.4,483.0,54,0,2.4,31.14753723282972,205,0.04,0.32,58,COMPLETE
57.8,22.9,455.0,54,0,2.4,31.14753723282972,210,0.29,-0.71,53,COMPLETE
58.3,20.1,434.0,54,0,2.4,31.14753723282972,215,0.0,-2.15,48,COMPLETE
58.1,19.7,405.0,56,0,2.4,31.14753723282972,220,-0.49,0.51,43,COMPLETE
57.1,18.8,276.0,54,0,2.4,31.14753723282972,225,-0.6,-0.21,38,COMPLETE
57.4,18.3,299.0,57,0,2.4,31.14753723282972,230,-0.12,-0.59,33,COMPLETE
56.7,17.6,221.0,56,0,2.4,31.14753723282972,235,-0.63,0.03,28,COMPLETE
56.5,18.5,166.0,53,0,2.4,31.14753723282972,240,-1.0,0.26,23,COMPLETE
55.1,18.3,203.0,53,0,2.4,31.14753723282972,245,-1.34,-0.65,18,COMPLETE
53.3,16.6,71.0,53,0,2.4,31.14753723282972,250,-1.61,-0.1,13,COMPLETE
52.3,19.3,85.0,54,0,2.4,31.14753723282972,255,-0.56,1.26,8,COMPLETE
51.4,18.5,52.0,57,0,2.4,31.14753723282972,260,-1.15,-1.44,3,COMPLETE
32.4,77.2,0.0,39,1,1.8,30.664965740568768,0,-0.17,0.29,340,INITIAL
37.5,75.3,45.0,49,1,1.8,30.664965740568768,5,5.2,-2.61,335,INITIAL
42.4,72.4,178.0,59,1,1.8,30.664965740568768,10,4.6,-2.97,330,ACTIVE_DRYING
46.6,69.9,95.0,85,1,1.8,30.664965740568768,15,4.04,-2.32,325,ACTIVE_DRYING
50.7,69.8,152.0,84,1,1.8,30.664965740568768,20,4.1,-1.47,320,ACTIVE_DRYING
49.4,67.5,162.0,87,0,1.8,30.664965740568768,25,-1.27,-2.83,315,ACTIVE_DRYING
47.9,65.5,213.0,86,0,1.8,30.664965740568768,30,-1.81,-2.24,310,ACTIVE_DRYING
52.0,62.8,246.0,71,1,1.8,30.664965740568768,35,4.13,-1.9,305,ACTIVE_DRYING
50.9,62.3,258.0,69,0,1.8,30.664965740568768,40,-0.51,-0.5,300,ACTIVE_DRYING
50.4,61.0,302.0,72,0,1.8,30.664965740568768,45,-0.32,-1.78,295,ACTIVE_DRYING
51.2,60.0,359.0,71,0,1.8,30.664965740568768,50,0.12,-1.12,290,ACTIVE_DRYING
49.5,57.4,366.0,72,0,1.8,30.664965740568768,55,-1.2,-2.27,285,ACTIVE_DRYING
50.3,55.7,405.0,68,0,1.8,30.664965740568768,60,0.71,-1.33,280,ACTIVE_DRYING
49.7,53.8,405.0,71,0,1.8,30.664965740568768,65,-0.55,-1.8,275,ACTIVE_DRYING
49.8,53.0,446.0,71,0,1.8,30.664965740568768,70,0.08,-1.19,270,ACTIVE_DRYING
50.1,51.7,499.0,71,0,1.8,30.664965740568768,75,0.48,-1.65,265,ACTIVE_DRYING
49.7,51.3,487.0,71,0,1.8,30.664965740568768,80,-0.22,-1.1,260,ACTIVE_DRYING
50.4,50.6,581.0,69,0,1.8,30.664965740568768,85,1.17,-1.71,255,ACTIVE_DRYING
50.6,48.8,559.0,71,0,1.8,30.664965740568768,90,0.3,-1.76,250,ACTIVE_DRYING
50.8,47.4,596.0,69,0,1.8,30.664965740568768,95,0.44,-1.49,245,ACTIVE_DRYING
51.2,47.0,625.0,68,0,1.8,30.664965740568768,100,0.5,-0.49,240,ACTIVE_DRYING
52.2,46.4,614.0,71,0,1.8,30.664965740568768,105,1.05,-1.65,235,ACTIVE_DRYING
52.9,45.2,639.0,71,0,1.8,30.664965740568768,110,0.99,-2.39,230,ACTIVE_DRYING
54.0,44.6,638.0,54,0,1.8,30.664965740568768,115,0.96,-1.24,225,ACTIVE_DRYING
55.0,40.8,707.0,56,0,1.8,30.664965740568768,120,1.2,-2.21,220,ACTIVE_DRYING
56.3,41.9,690.0,57,0,1.8,30.664965740568768,125,1.53,0.67,215,NEAR_COMPLETE
56.9,40.0,668.0,56,0,1.8,30.664965740568768,130,1.07,-2.16,210,NEAR_COMPLETE
58.3,38.0,690.0,55,0,1.8,30.664965740568768,135,1.0,-2.22,205,NEAR_COMPLETE
57.5,36.7,749.0,55,0,1.8,30.664965740568768,140,-0.43,-1.05,200,NEAR_COMPLETE
58.2,35.1,685.0,57,0,1.8,30.664965740568768,145,0.81,-1.44,195,NEAR_COMPLETE
58.0,34.2,745.0,57,0,1.8,30.664965740568768,150,-0.3,-0.72,190,NEAR_COMPLETE
57.9,32.3,765.0,56,0,1.8,30.664965740568768,155,-0.04,-1.57,185,COMPLETE
57.9,31.8,719.0,55,0,1.8,30.664965740568768,160,0.08,-0.71,180,COMPLETE
57.8,30.5,746.0,56,0,1.8,30.664965740568768,165,0.27,-0.97,175,COMPLETE
57.9,30.1,795.0,53,0,1.8,30.664965740568768,170,0.35,-0.11,170,COMPLETE
58.2,29.1,753.0,55,0,1.8,30.664965740568768,175,0.06,-0.71,165,COMPLETE
58.3,28.1,733.0,55,0,1.8,30.664965740568768,180,-0.37,-1.54,160,COMPLETE
58.5,27.2,685.0,53,0,1.8,30.664965740568768,185,-0.41,-0.85,155,COMPLETE
58.4,25.9,757.0,55,0,1.8,30.664965740568768,190,-0.43,-0.49,150,COMPLETE
58.1,25.0,741.0,57,0,1.8,30.664965740568768,195,-0.49,-1.09,145,COMPLETE
57.8,25.2,681.0,55,0,1.8,30.664965740568768,200,-0.12,-0.6,140,COMPLETE
57.8,23.6,675.0,54,0,1.8,30.664965740568768,205,0.13,-1.44,135,COMPLETE
57.8,23.2,658.0,57,0,1.8,30.664965740568768,210,0.13,-0.88,130,COMPLETE
58.0,22.1,651.0,56,0,1.8,30.664965740568768,215,0.32,-1.67,125,COMPLETE
58.0,22.3,657.0,57,0,1.8,30.664965740568768,220,0.24,-1.1,120,COMPLETE
57.8,20.8,675.0,56,0,1.8,30.664965740568768,225,0.1,-0.8,115,COMPLETE
57.5,19.8,594.0,56,0,1.8,30.664965740568768,230,0.22,0.09,110,COMPLETE
58.1,19.5,660.0,53,0,1.8,30.664965740568768,235,0.21,0.7,105,COMPLETE
57.5,19.6,615.0,56,0,1.8,30.664965740568768,240,-0.07,-0.43,100,COMPLETE
57.7,19.4,591.0,53,0,1.8,30.664965740568768,245,0.57,-1.19,95,COMPLETE
57.6,17.2,555.0,53,0,1.8,30.664965740568768,250,0.19,-1.57,90,COMPLETE
57.9,17.8,503.0,56,0,1.8,30.664965740568768,255,0.07,1.09,85,COMPLETE
57.7,17.5,490.0,56,0,1.8,30.664965740568768,260,0.41,0.47,80,COMPLETE
58.4,18.8,497.0,57,0,1.8,30.664965740568768,265,0.44,0.41,75,COMPLETE
57.5,17.7,433.0,57,0,1.8,30.664965740568768,270,-0.69,-0.81,70,COMPLETE
57.6,18.3,456.0,55,0,1.8,30.664965740568768,275,0.11,0.49,65,COMPLETE
58.1,18.1,378.0,56,0,1.8,30.664965740568768,280,0.28,-0.12,60,COMPLETE
57.9,18.6,379.0,57,0,1.8,30.664965740568768,285,-0.17,0.07,55,COMPLETE
57.4,17.8,382.0,56,0,1.8,30.664965740568768,290,-0.37,-0.71,50,COMPLETE
56.4,18.3,270.0,54,0,1.8,30.664965740568768,295,-0.43,-0.13,45,COMPLETE
56.7,17.9,242.0,56,0,1.8,30.664965740568768,300,0.47,-0.17,40,COMPLETE
55.5,18.1,243.0,57,0,1.8,30.664965740568768,305,-1.09,-0.13,35,COMPLETE
54.6,17.8,180.0,56,0,1.8,30.664965740568768,310,-0.55,0.23,30,COMPLETE
53.8,17.7,200.0,55,0,1.8,30.664965740568768,315,-0.59,0.26,25,COMPLETE
53.2,16.7,127.0,54,0,1.8,30.664965740568768,320,-0.77,0.55,20,COMPLETE
50.9,17.5,56.0,54,0,1.8,30.664965740568768,325,-1.99,0.81,15,COMPLETE
50.4,18.6,93.0,57,0,1.8,30.664965740568768,330,0.15,0.78,10,COMPLETE
49.4,17.5,59.0,56,0,1.8,30.664965740568768,335,-0.93,-0.52,5,COMPLETE
47.9,18.2,0.0,53,0,1.8,30.664965740568768,340,-1.88,0.25,0,COMPLETE
35.2,70.7,31.0,39,1,2.1,33.909725458602416,0,-0.11,-0.04,350,INITIAL
38.9,68.6,0.0,50,1,2.1,33.909725458602416,5,3.87,-2.09,345,INITIAL
42.8,67.6,118.0,61,1,2.1,33.909725458602416,10,4.54,-1.19,340,ACTIVE_DRYING
47.1,66.5,77.0,86,1,2.1,33.909725458602416,15,4.17,-1.39,335,ACTIVE_DRYING
51.0,65.0,203.0,83,1,2.1,33.909725458602416,20,3.89,-0.89,330,ACTIVE_DRYING
49.8,62.9,152.0,86,0,2.1,33.909725458602416,25,-0.97,-1.4,325,ACTIVE_DRYING
48.5,63.0,154.0,69,0,2.1,33.909725458602416,30,-1.42,0.04,320,ACTIVE_DRYING
48.3,61.0,179.0,69,0,2.1,33.909725458602416,35,-0.62,-1.49,315,ACTIVE_DRYING
47.6,60.2,251.0,72,0,2.1,33.909725458602416,40,-0.54,-1.35,310,ACTIVE_DRYING
46.6,59.2,311.0,68,0,2.1,33.909725458602416,45,-1.19,-2.35,305,ACTIVE_DRYING
46.2,56.4,330.0,71,0,2.1,33.909725458602416,50,-0.28,-2.77,300,ACTIVE_DRYING
46.9,55.5,322.0,69,0,2.1,33.909725458602416,55,0.76,-0.27,295,ACTIVE_DRYING
46.4,55.1,360.0,72,0,2.1,33.909725458602416,60,-0.42,-1.06,290,ACTIVE_DRYING
46.6,53.6,421.0,69,0,2.1,33.909725458602416,65,-0.11,-0.99,285,ACTIVE_DRYING
46.6,53.1,462.0,72,0,2.1,33.909725458602416,70,-0.13,-0.91,280,ACTIVE_DRYING
47.2,51.0,508.0,70,0,2.1,33.909725458602416,75,0.97,-1.98,275,ACTIVE_DRYING
47.6,50.9,520.0,72,0,2.1,33.909725458602416,80,0.81,-0.84,270,ACTIVE_DRYING
48.1,50.7,446.0,72,0,2.1,33.909725458602416,85,0.5,-2.14,265,ACTIVE_DRYING
48.4,48.0,570.0,68,0,2.1,33.909725458602416,90,0.51,-2.78,260,ACTIVE_DRYING
49.2,47.9,556.0,69,0,2.1,33.909725458602416,95,1.08,0.01,255,ACTIVE_DRYING
49.7,46.3,627.0,70,0,2.1,33.909725458602416,100,0.89,-0.68,250,ACTIVE_DRYING
51.8,46.2,592.0,68,0,2.1,33.909725458602416,105,1.49,-0.09,245,ACTIVE_DRYING
51.9,44.6,616.0,69,0,2.1,33.909725458602416,110,0.46,-1.17,240,ACTIVE_DRYING
53.5,45.2,603.0,68,0,2.1,33.909725458602416,115,1.13,-0.34,235,ACTIVE_DRYING
53.8,42.8,639.0,55,0,2.1,33.909725458602416,120,0.48,-1.57,230,ACTIVE_DRYING
55.2,41.4,648.0,55,0,2.1,33.909725458602416,125,1.17,-1.0,225,ACTIVE_DRYING
56.0,40.3,649.0,55,0,2.1,33.909725458602416,130,1.15,-1.25,220,ACTIVE_DRYING
57.9,38.9,702.0,56,0,2.1,33.909725458602416,135,1.96,-0.33,215,ACTIVE_DRYING
58.3,39.2,692.0,56,0,2.1,33.909725458602416,140,0.14,-0.23,210,ACTIVE_DRYING
57.5,37.0,704.0,55,0,2.1,33.909725458602416,145,-0.12,-2.2,205,ACTIVE_DRYING
58.2,36.4,697.0,57,0,2.1,33.909725458602416,150,0.4,-0.68,200,ACTIVE_DRYING
58.2,35.1,695.0,53,0,2.1,33.909725458602416,155,-0.14,-0.99,195,ACTIVE_DRYING
58.1,34.8,710.0,54,0,2.1,33.909725458602416,160,-0.38,0.4,190,ACTIVE_DRYING
57.9,34.8,765.0,53,0,2.1,33.909725458602416,165,0.06,-0.48,185,ACTIVE_DRYING
58.0,33.4,728.0,56,0,2.1,33.909725458602416,170,0.17,-1.07,180,ACTIVE_DRYING
58.0,32.6,782.0,56,0,2.1,33.909725458602416,175,-0.05,-0.53,175,ACTIVE_DRYING
57.7,32.5,789.0,57,0,2.1,33.909725458602416,180,0.05,-0.16,170,ACTIVE_DRYING
58.2,32.3,749.0,56,0,2.1,33.909725458602416,185,0.48,-0.51,165,ACTIVE_DRYING
57.7,31.3,787.0,55,0,2.1,33.909725458602416,190,-0.17,-0.48,160,NEAR_COMPLETE
58.0,31.4,764.0,54,0,2.1,33.909725458602416,195,0.17,-0.37,155,NEAR_COMPLETE
58.1,30.2,691.0,54,0,2.1,33.909725458602416,200,0.09,-0.3,150,NEAR_COMPLETE
58.1,29.9,741.0,53,0,2.1,33.909725458602416,205,0.01,0.01,145,NEAR_COMPLETE
58.1,29.6,682.0,53,0,2.1,33.909725458602416,210,-0.1,-0.36,140,NEAR_COMPLETE
58.1,28.5,681.0,56,0,2.1,33.909725458602416,215,-0.2,-0.13,135,NEAR_COMPLETE
58.3,28.4,711.0,57,0,2.1,33.909725458602416,220,-0.06,0.03,130,NEAR_COMPLETE
58.4,28.9,688.0,55,0,2.1,33.909725458602416,225,0.08,0.63,125,NEAR_COMPLETE
58.1,28.1,621.0,53,0,2.1,33.909725458602416,230,-0.56,-0.22,120,NEAR_COMPLETE
58.1,27.0,608.0,56,0,2.1,33.909725458602416,235,-0.33,-0.49,115,COMPLETE
57.5,27.9,640.0,55,0,2.1,33.909725458602416,240,0.07,-0.06,110,COMPLETE
57.7,26.9,565.0,57,0,2.1,33.909725458602416,245,0.6,-1.68,105,COMPLETE
58.2,25.4,578.0,56,0,2.1,33.909725458602416,250,0.19,-2.05,100,COMPLETE
58.2,25.4,565.0,55,0,2.1,33.909725458602416,255,-0.28,0.06,95,COMPLETE
57.9,24.3,528.0,54,0,2.1,33.909725458602416,260,-0.04,-0.97,90,COMPLETE
58.1,24.8,570.0,53,0,2.1,33.909725458602416,265,-0.06,0.28,85,COMPLETE
57.6,24.3,524.0,55,0,2.1,33.909725458602416,270,0.29,-0.85,80,COMPLETE
57.5,22.1,475.0,56,0,2.1,33.909725458602416,275,0.76,-1.23,75,COMPLETE
57.9,22.6,431.0,54,0,2.1,33.909725458602416,280,0.51,0.35,70,COMPLETE
57.3,21.4,430.0,54,0,2.1,33.909725458602416,285,-0.48,-1.11,65,COMPLETE
58.0,21.1,374.0,57,0,2.1,33.909725458602416,290,0.23,-0.96,60,COMPLETE
57.2,19.7,362.0,57,0,2.1,33.909725458602416,295,-0.69,-1.05,55,COMPLETE
56.5,20.2,317.0,57,0,2.1,33.909725458602416,300,-0.04,-0.06,50,COMPLETE
57.2,19.0,272.0,57,0,2.1,33.909725458602416,305,0.33,-1.62,45,COMPLETE
55.4,17.9,266.0,57,0,2.1,33.909725458602416,310,-1.46,-0.48,40,COMPLETE
55.1,17.2,239.0,54,0,2.1,33.909725458602416,315,-0.14,0.47,35,COMPLETE
53.9,17.9,175.0,57,0,2.1,33.909725458602416,320,-0.94,1.04,30,COMPLETE
53.2,18.4,135.0,54,0,2.1,33.909725458602416,325,-0.62,-0.14,25,COMPLETE
52.3,18.6,97.0,53,0,2.1,33.909725458602416,330,-1.05,-0.61,20,COMPLETE
51.6,17.6,101.0,55,0,2.1,33.909725458602416,335,-0.83,-0.92,15,COMPLETE
50.0,17.6,53.0,57,0,2.1,33.909725458602416,340,-1.48,0.51,10,COMPLETE
48.8,18.1,61.0,53,0,2.1,33.909725458602416,345,-1.03,0.36,5,COMPLETE
47.2,17.7,12.0,55,0,2.1,33.909725458602416,350,-1.42,-0.04,0,COMPLETE
33.7,72.8,1.0,40,1,2.5,36.258330765164835,0,0.03,0.39,236,INITIAL
38.0,72.0,78.0,48,1,2.5,36.258330765164835,5,4.03,-1.61,231,INITIAL
41.9,68.7,39.0,62,1,2.5,36.258330765164835,10,3.96,-3.02,226,ACTIVE_DRYING
46.4,67.5,162.0,87,1,2.5,36.258330765164835,15,4.29,-0.62,221,ACTIVE_DRYING
50.9,66.6,166.0,84,1,2.5,36.258330765164835,20,3.98,-1.2,216,ACTIVE_DRYING
48.5,64.7,197.0,83,0,2.5,36.258330765164835,25,-2.13,-2.09,211,ACTIVE_DRYING
47.4,63.5,341.0,85,0,2.5,36.258330765164835,30,-0.98,-1.29,206,ACTIVE_DRYING
52.7,62.6,297.0,68,1,2.5,36.258330765164835,35,5.06,-0.85,201,ACTIVE_DRYING
51.7,60.6,356.0,72,0,2.5,36.258330765164835,40,-0.13,-1.04,196,ACTIVE_DRYING
52.1,59.4,405.0,70,0,2.5,36.258330765164835,45,0.59,-1.36,191,ACTIVE_DRYING
51.8,58.0,451.0,72,0,2.5,36.258330765164835,50,-0.09,-1.04,186,ACTIVE_DRYING
52.7,57.5,546.0,69,0,2.5,36.258330765164835,55,1.02,-0.57,181,ACTIVE_DRYING
52.7,56.4,599.0,70,0,2.5,36.258330765164835,60,0.08,-1.31,176,ACTIVE_DRYING
53.3,56.7,605.0,72,0,2.5,36.258330765164835,65,0.82,-0.8,171,ACTIVE_DRYING
54.2,54.4,596.0,70,0,2.5,36.258330765164835,70,0.85,-2.37,166,ACTIVE_DRYING
54.9,54.0,678.0,70,0,2.5,36.258330765164835,75,1.15,-1.69,161,ACTIVE_DRYING
55.9,51.3,665.0,69,0,2.5,36.258330765164835,80,0.64,-2.68,156,ACTIVE_DRYING
56.3,50.8,672.0,69,0,2.5,36.258330765164835,85,0.56,-1.53,151,ACTIVE_DRYING
57.8,49.3,696.0,72,0,2.5,36.258330765164835,90,1.41,-1.14,146,ACTIVE_DRYING
58.4,48.2,686.0,68,0,2.5,36.258330765164835,95,0.4,-0.76,141,ACTIVE_DRYING
58.0,47.7,729.0,71,0,2.5,36.258330765164835,100,-0.67,-0.27,136,ACTIVE_DRYING
58.2,46.9,782.0,68,0,2.5,36.258330765164835,105,0.18,-1.12,131,ACTIVE_DRYING
58.4,45.5,728.0,69,0,2.5,36.258330765164835,110,-0.41,-0.99,126,ACTIVE_DRYING
57.8,45.7,689.0,70,0,2.5,36.258330765164835,115,-0.51,-0.3,121,ACTIVE_DRYING
57.8,43.5,738.0,54,0,2.5,36.258330765164835,120,0.08,-1.47,116,ACTIVE_DRYING
57.5,43.9,756.0,55,0,2.5,36.258330765164835,125,-0.03,-0.82,111,ACTIVE_DRYING
57.9,41.9,739.0,56,0,2.5,36.258330765164835,130,0.72,-2.89,106,STABILIZING
57.9,40.8,742.0,56,0,2.5,36.258330765164835,135,0.14,-1.06,101,NEAR_COMPLETE
57.1,39.3,741.0,54,0,2.5,36.258330765164835,140,0.01,-1.49,96,NEAR_COMPLETE
58.4,38.8,703.0,53,0,2.5,36.258330765164835,145,1.02,-1.44,91,NEAR_COMPLETE
57.6,36.8,663.0,55,0,2.5,36.258330765164835,150,-0.31,-1.01,86,NEAR_COMPLETE
57.6,36.6,633.0,57,0,2.5,36.258330765164835,155,0.49,-0.21,81,NEAR_COMPLETE
58.2,34.2,591.0,54,0,2.5,36.258330765164835,160,0.36,-2.21,76,NEAR_COMPLETE
57.8,33.0,611.0,54,0,2.5,36.258330765164835,165,-0.11,-1.62,71,NEAR_COMPLETE
57.9,32.4,589.0,53,0,2.5,36.258330765164835,170,0.54,-1.58,66,COMPLETE
57.6,31.5,541.0,57,0,2.5,36.258330765164835,175,-0.0,-1.66,61,COMPLETE
58.0,30.6,555.0,55,0,2.5,36.258330765164835,180,-0.03,-1.6,56,COMPLETE
58.2,29.0,465.0,55,0,2.5,36.258330765164835,185,0.06,-1.65,51,COMPLETE
56.8,28.8,387.0,54,0,2.5,36.258330765164835,190,-0.76,-1.41,46,COMPLETE
56.9,26.1,401.0,55,0,2.5,36.258330765164835,195,-0.08,-2.15,41,COMPLETE
57.1,26.9,331.0,57,0,2.5,36.258330765164835,200,-0.37,0.76,36,COMPLETE
56.1,25.5,302.0,53,0,2.5,36.258330765164835,205,-0.79,-1.47,31,COMPLETE
55.5,24.0,257.0,56,0,2.5,36.258330765164835,210,-1.1,-1.07,26,COMPLETE
54.0,24.3,224.0,55,0,2.5,36.258330765164835,215,-1.12,0.58,21,COMPLETE
53.2,23.7,211.0,53,0,2.5,36.258330765164835,220,-1.03,-0.8,16,COMPLETE
51.3,21.8,81.0,55,0,2.5,36.258330765164835,225,-1.79,-0.6,11,COMPLETE
50.2,22.1,75.0,53,0,2.5,36.258330765164835,230,-1.2,0.71,6,COMPLETE
49.1,21.9,20.0,56,0,2.5,36.258330765164835,235,-1.35,0.24,1,COMPLETE
36.5,76.2,0.0,40,1,2.3,36.75642978202703,0,-0.13,-0.46,228,INITIAL
40.9,73.1,63.0,49,1,2.3,36.75642978202703,5,4.39,-2.44,223,INITIAL
44.2,71.3,96.0,60,1,2.3,36.75642978202703,10,3.7,-0.71,218,ACTIVE_DRYING
48.3,70.5,123.0,86,1,2.3,36.75642978202703,15,4.09,-1.57,213,ACTIVE_DRYING
47.6,69.1,189.0,86,0,2.3,36.75642978202703,20,-0.84,-1.4,208,ACTIVE_DRYING
52.1,68.7,299.0,85,1,2.3,36.75642978202703,25,4.33,-1.11,203,ACTIVE_DRYING
51.1,65.7,294.0,85,0,2.3,36.75642978202703,30,-0.78,-2.15,198,ACTIVE_DRYING
51.5,65.6,328.0,86,0,2.3,36.75642978202703,35,-0.27,-0.13,193,ACTIVE_DRYING
51.1,63.1,354.0,84,0,2.3,36.75642978202703,40,-0.62,-1.64,188,ACTIVE_DRYING
50.8,63.6,420.0,72,0,2.3,36.75642978202703,45,-0.51,0.13,183,ACTIVE_DRYING
51.2,61.6,490.0,68,0,2.3,36.75642978202703,50,0.07,-2.27,178,ACTIVE_DRYING
51.8,60.4,546.0,71,0,2.3,36.75642978202703,55,0.39,-1.19,173,ACTIVE_DRYING
52.1,60.1,534.0,72,0,2.3,36.75642978202703,60,-0.22,-1.25,168,ACTIVE_DRYING
52.7,59.3,554.0,70,0,2.3,36.75642978202703,65,0.5,-1.02,163,ACTIVE_DRYING
53.0,57.7,607.0,71,0,2.3,36.75642978202703,70,-0.02,-1.76,158,ACTIVE_DRYING
53.3,56.1,628.0,68,0,2.3,36.75642978202703,75,0.6,-1.05,153,ACTIVE_DRYING
53.4,56.2,629.0,69,0,2.3,36.75642978202703,80,0.81,-0.84,148,ACTIVE_DRYING
55.3,54.0,699.0,68,0,2.3,36.75642978202703,85,1.61,-1.8,143,ACTIVE_DRYING
55.5,53.7,728.0,71,0,2.3,36.75642978202703,90,0.14,-1.05,138,ACTIVE_DRYING
56.7,53.3,690.0,72,0,2.3,36.75642978202703,95,0.57,-1.27,133,ACTIVE_DRYING
57.8,51.2,727.0,70,0,2.3,36.75642978202703,100,1.32,-2.07,128,ACTIVE_DRYING
57.9,49.1,713.0,72,0,2.3,36.75642978202703,105,-0.04,-1.89,123,ACTIVE_DRYING
57.5,48.5,744.0,70,0,2.3,36.75642978202703,110,0.1,-0.83,118,ACTIVE_DRYING
58.1,47.9,774.0,68,0,2.3,36.75642978202703,115,0.72,-0.78,113,ACTIVE_DRYING
58.0,45.5,767.0,72,0,2.3,36.75642978202703,120,0.06,-1.13,108,ACTIVE_DRYING
57.9,45.4,705.0,68,0,2.3,36.75642978202703,125,-0.17,-0.09,103,ACTIVE_DRYING
58.1,45.3,709.0,69,0,2.3,36.75642978202703,130,0.34,0.19,98,STABILIZING
57.4,43.8,777.0,68,0,2.3,36.75642978202703,135,-0.25,-0.81,93,STABILIZING
57.5,44.0,699.0,54,0,2.3,36.75642978202703,140,0.93,0.12,88,STABILIZING
58.3,42.1,668.0,56,0,2.3,36.75642978202703,145,0.25,-2.43,83,STABILIZING
57.7,40.6,688.0,57,0,2.3,36.75642978202703,150,-0.74,-1.41,78,STABILIZING
58.3,39.6,645.0,56,0,2.3,36.75642978202703,155,0.58,-0.71,73,STABILIZING
58.0,37.6,591.0,55,0,2.3,36.75642978202703,160,0.1,-2.07,68,STABILIZING
58.6,37.3,588.0,54,0,2.3,36.75642978202703,165,0.3,-0.13,63,STABILIZING
57.7,35.8,560.0,55,0,2.3,36.75642978202703,170,-0.45,-2.0,58,STABILIZING
57.9,34.2,511.0,56,0,2.3,36.75642978202703,175,0.18,-1.38,53,NEAR_COMPLETE
58.2,32.8,450.0,54,0,2.3,36.75642978202703,180,-0.13,-1.26,48,NEAR_COMPLETE
57.9,32.9,463.0,55,0,2.3,36.75642978202703,185,-0.49,-0.42,43,NEAR_COMPLETE
57.3,31.9,356.0,57,0,2.3,36.75642978202703,190,-0.45,-1.15,38,NEAR_COMPLETE
57.3,31.3,377.0,54,0,2.3,36.75642978202703,195,-0.45,0.08,33,NEAR_COMPLETE
56.9,30.1,318.0,54,0,2.3,36.75642978202703,200,-0.52,-0.65,28,NEAR_COMPLETE
56.0,29.5,194.0,56,0,2.3,36.75642978202703,205,-1.15,-0.92,23,NEAR_COMPLETE
54.6,28.0,119.0,54,0,2.3,36.75642978202703,210,-1.8,-0.98,18,NEAR_COMPLETE
53.8,28.5,141.0,55,0,2.3,36.75642978202703,215,-1.07,0.5,13,COMPLETE
52.7,27.0,37.0,56,0,2.3,36.75642978202703,220,-1.22,-0.85,8,COMPLETE
51.0,25.5,22.0,56,0,2.3,36.75642978202703,225,-1.71,-0.99,3,COMPLETE
34.0,71.6,22.0,40,1,2.2,26.73682797193498,0,-0.17,0.48,239,INITIAL
38.1,66.8,89.0,49,1,2.2,26.73682797193498,5,4.31,-4.06,234,INITIAL
42.7,66.5,71.0,58,1,2.2,26.73682797193498,10,4.96,-0.94,229,ACTIVE_DRYING
47.2,63.4,125.0,85,1,2.2,26.73682797193498,15,4.24,-2.21,224,ACTIVE_DRYING
51.0,63.1,202.0,70,1,2.2,26.73682797193498,20,3.25,-0.4,219,ACTIVE_DRYING
49.8,61.5,234.0,72,0,2.2,26.73682797193498,25,-1.3,-2.25,214,ACTIVE_DRYING
49.4,60.7,269.0,69,0,2.2,26.73682797193498,30,-0.58,-0.65,209,ACTIVE_DRYING
48.5,59.5,335.0,71,0,2.2,26.73682797193498,35,-0.99,-1.05,204,ACTIVE_DRYING
49.0,57.4,383.0,70,0,2.2,26.73682797193498,40,0.0,-2.36,199,ACTIVE_DRYING
49.1,55.8,444.0,71,0,2.2,26.73682797193498,45,0.52,-2.02,194,ACTIVE_DRYING
49.1,53.6,458.0,68,0,2.2,26.73682797193498,50,0.35,-2.27,189,ACTIVE_DRYING
50.2,51.4,537.0,69,0,2.2,26.73682797193498,55,0.69,-2.04,184,ACTIVE_DRYING
49.9,50.6,509.0,71,0,2.2,26.73682797193498,60,-0.1,-1.18,179,ACTIVE_DRYING
50.4,49.3,556.0,70,0,2.2,26.73682797193498,65,0.99,-2.48,174,ACTIVE_DRYING
51.9,47.2,597.0,70,0,2.2,26.73682797193498,70,1.42,-1.51,169,ACTIVE_DRYING
52.5,46.0,608.0,69,0,2.2,26.73682797193498,75,0.14,-1.05,164,ACTIVE_DRYING
53.4,45.0,662.0,69,0,2.2,26.73682797193498,80,0.65,-1.14,159,ACTIVE_DRYING
54.0,43.8,689.0,70,0,2.2,26.73682797193498,85,0.84,-0.98,154,ACTIVE_DRYING
54.7,42.0,710.0,56,0,2.2,26.73682797193498,90,1.1,-0.48,149,ACTIVE_DRYING
56.6,41.7,687.0,53,0,2.2,26.73682797193498,95,1.67,-0.21,144,ACTIVE_DRYING
57.9,41.4,660.0,56,0,2.2,26.73682797193498,100,1.29,-0.69,139,NEAR_COMPLETE
58.3,38.7,753.0,56,0,2.2,26.73682797193498,105,-0.07,-1.49,134,NEAR_COMPLETE
58.0,39.3,693.0,57,0,2.2,26.73682797193498,110,-0.25,0.13,129,NEAR_COMPLETE
58.8,38.0,745.0,56,0,2.2,26.73682797193498,115,0.06,-0.99,124,NEAR_COMPLETE
57.9,36.1,779.0,55,0,2.2,26.73682797193498,120,-0.98,-1.67,119,NEAR_COMPLETE
58.2,35.9,746.0,56,0,2.2,26.73682797193498,125,0.45,-1.21,114,NEAR_COMPLETE
58.0,34.0,724.0,53,0,2.2,26.73682797193498,130,0.14,-2.46,109,COMPLETE
57.9,32.9,739.0,54,0,2.2,26.73682797193498,135,-0.01,-0.12,104,COMPLETE
57.6,32.7,752.0,53,0,2.2,26.73682797193498,140,-0.07,0.21,99,COMPLETE
58.1,30.9,693.0,53,0,2.2,26.73682797193498,145,0.48,-1.85,94,COMPLETE
58.2,29.2,638.0,54,0,2.2,26.73682797193498,150,-0.25,-1.2,89,COMPLETE
58.1,27.8,661.0,56,0,2.2,26.73682797193498,155,-0.42,-1.45,84,COMPLETE
58.4,27.6,696.0,56,0,2.2,26.73682797193498,160,-0.17,-0.39,79,COMPLETE
57.9,26.0,578.0,57,0,2.2,26.73682797193498,165,-0.29,-1.97,74,COMPLETE
58.1,24.3,521.0,53,0,2.2,26.73682797193498,170,-0.17,-2.1,69,COMPLETE
57.6,23.6,522.0,53,0,2.2,26.73682797193498,175,0.52,-1.08,64,COMPLETE
58.2,22.0,500.0,57,0,2.2,26.73682797193498,180,0.3,-1.14,59,COMPLETE
58.5,21.1,478.0,57,0,2.2,26.73682797193498,185,-0.31,-0.89,54,COMPLETE
57.5,19.1,394.0,56,0,2.2,26.73682797193498,190,-0.84,-1.42,49,COMPLETE
57.4,19.1,438.0,57,0,2.2,26.73682797193498,195,0.85,-0.56,44,COMPLETE
57.2,18.0,353.0,53,0,2.2,26.73682797193498,200,0.06,-1.29,39,COMPLETE
56.6,17.9,280.0,56,0,2.2,26.73682797193498,205,-0.49,-0.24,34,COMPLETE
56.1,17.1,279.0,55,0,2.2,26.73682797193498,210,-0.33,0.17,29,COMPLETE
55.7,18.2,225.0,57,0,2.2,26.73682797193498,215,0.01,0.87,24,COMPLETE
55.5,19.3,163.0,54,0,2.2,26.73682797193498,220,-0.9,-0.53,19,COMPLETE
53.1,18.5,108.0,55,0,2.2,26.73682797193498,225,-2.27,-1.33,14,COMPLETE
52.1,17.8,121.0,57,0,2.2,26.73682797193498,230,-1.01,-0.62,9,COMPLETE
51.0,17.9,0.0,56,0,2.2,26.73682797193498,235,-1.37,0.64,4,COMPLETE
33.7,73.6,38.0,41,1,2.9,32.84115559579435,0,0.31,-0.07,224,INITIAL
38.8,70.2,40.0,52,1,2.9,32.84115559579435,5,5.1,-3.63,219,INITIAL
43.1,69.4,122.0,58,1,2.9,32.84115559579435,10,4.09,-1.17,214,ACTIVE_DRYING
46.8,65.4,144.0,84,1,2.9,32.84115559579435,15,3.82,-3.45,209,ACTIVE_DRYING
50.7,64.6,228.0,86,1,2.9,32.84115559579435,20,4.06,-1.59,204,ACTIVE_DRYING
50.2,62.1,255.0,68,0,2.9,32.84115559579435,25,-0.2,-1.67,199,ACTIVE_DRYING
50.5,60.8,303.0,70,0,2.9,32.84115559579435,30,0.07,-0.64,194,ACTIVE_DRYING
50.0,59.3,382.0,71,0,2.9,32.84115559579435,35,-0.69,-1.11,189,ACTIVE_DRYING
50.5,57.2,429.0,68,0,2.9,32.84115559579435,40,0.51,-2.52,184,ACTIVE_DRYING
50.2,56.1,505.0,68,0,2.9,32.84115559579435,45,0.59,-0.05,179,ACTIVE_DRYING
50.9,54.0,439.0,72,0,2.9,32.84115559579435,50,1.08,-1.57,174,ACTIVE_DRYING
50.6,54.4,451.0,69,0,2.9,32.84115559579435,55,0.0,-0.03,169,ACTIVE_DRYING
51.6,52.5,586.0,72,0,2.9,32.84115559579435,60,1.17,-2.1,164,ACTIVE_DRYING
51.7,51.7,568.0,69,0,2.9,32.84115559579435,65,0.42,-1.14,159,ACTIVE_DRYING
52.8,49.8,627.0,69,0,2.9,32.84115559579435,70,0.83,-1.29,154,ACTIVE_DRYING
53.8,49.2,679.0,71,0,2.9,32.84115559579435,75,0.93,0.27,149,ACTIVE_DRYING
55.0,48.0,696.0,72,0,2.9,32.84115559579435,80,1.41,-1.37,144,ACTIVE_DRYING
56.8,46.9,661.0,71,0,2.9,32.84115559579435,85,1.46,-1.94,139,ACTIVE_DRYING
56.7,45.2,690.0,69,0,2.9,32.84115559579435,90,-0.12,-1.46,134,ACTIVE_DRYING
57.5,44.6,700.0,70,0,2.9,32.84115559579435,95,0.94,-0.96,129,ACTIVE_DRYING
58.0,43.2,713.0,57,0,2.9,32.84115559579435,100,0.39,-0.93,124,ACTIVE_DRYING
58.1,43.1,748.0,54,0,2.9,32.84115559579435,105,-0.06,-0.12,119,ACTIVE_DRYING
58.1,42.0,784.0,55,0,2.9,32.84115559579435,110,-0.32,-1.56,114,ACTIVE_DRYING
58.1,40.8,742.0,57,0,2.9,32.84115559579435,115,-0.47,-1.76,109,ACTIVE_DRYING
57.9,39.1,703.0,55,0,2.9,32.84115559579435,120,-0.15,-1.46,104,ACTIVE_DRYING
58.4,38.5,751.0,54,0,2.9,32.84115559579435,125,0.46,-0.61,99,NEAR_COMPLETE
58.1,36.8,737.0,54,0,2.9,32.84115559579435,130,-0.79,-1.43,94,NEAR_COMPLETE
58.1,36.5,665.0,56,0,2.9,32.84115559579435,135,-0.37,-0.42,89,NEAR_COMPLETE
58.3,35.5,698.0,57,0,2.9,32.84115559579435,140,-0.14,-1.13,84,NEAR_COMPLETE
58.4,33.5,670.0,53,0,2.9,32.84115559579435,145,-0.39,-2.05,79,NEAR_COMPLETE
58.3,32.8,649.0,54,0,2.9,32.84115559579435,150,-0.34,-1.27,74,NEAR_COMPLETE
57.7,30.4,585.0,56,0,2.9,32.84115559579435,155,-0.59,-1.59,69,COMPLETE
57.7,31.2,585.0,56,0,2.9,32.84115559579435,160,0.26,-0.11,64,COMPLETE
57.8,29.8,572.0,53,0,2.9,32.84115559579435,165,0.63,-1.69,59,COMPLETE
58.2,28.4,508.0,56,0,2.9,32.84115559579435,170,-0.03,-0.89,54,COMPLETE
58.1,26.9,437.0,53,0,2.9,32.84115559579435,175,-0.55,-1.52,49,COMPLETE
57.7,25.7,478.0,56,0,2.9,32.84115559579435,180,0.1,-0.86,44,COMPLETE
57.3,26.2,375.0,53,0,2.9,32.84115559579435,185,-0.04,-0.34,39,COMPLETE
57.8,25.5,305.0,55,0,2.9,32.84115559579435,190,0.02,-0.9,34,COMPLETE
56.4,24.3,296.0,54,0,2.9,32.84115559579435,195,-1.28,-1.34,29,COMPLETE
55.7,22.5,283.0,56,0,2.9,32.84115559579435,200,-0.54,-1.82,24,COMPLETE
55.7,23.4,233.0,57,0,2.9,32.84115559579435,205,-0.27,-0.28,19,COMPLETE
54.6,20.8,150.0,56,0,2.9,32.84115559579435,210,-0.88,-2.7,14,COMPLETE
54.1,18.8,118.0,54,0,2.9,32.84115559579435,215,-0.52,-0.69,9,COMPLETE
52.3,18.0,0.0,56,0,2.9,32.84115559579435,220,-2.06,-0.91,4,COMPLETE
35.8,73.7,0.0,40,1,2.8,32.29128597333094,0,-0.33,0.09,322,INITIAL
39.7,72.1,13.0,49,1,2.8,32.29128597333094,5,4.07,-1.55,317,INITIAL
43.5,72.5,52.0,62,1,2.8,32.29128597333094,10,3.94,-1.13,312,ACTIVE_DRYING
47.4,70.2,69.0,84,1,2.8,32.29128597333094,15,3.64,-2.29,307,ACTIVE_DRYING
51.7,67.7,100.0,85,1,2.8,32.29128597333094,20,3.71,-1.3,302,ACTIVE_DRYING
49.7,66.7,173.0,87,0,2.8,32.29128597333094,25,-1.57,-1.45,297,ACTIVE_DRYING
48.6,64.8,165.0,85,0,2.8,32.29128597333094,30,-1.1,-0.99,292,ACTIVE_DRYING
47.7,63.3,281.0,87,0,2.8,32.29128597333094,35,-0.88,-1.48,287,ACTIVE_DRYING
52.5,62.3,299.0,71,1,2.8,32.29128597333094,40,4.97,-1.15,282,ACTIVE_DRYING
52.2,62.1,323.0,69,0,2.8,32.29128597333094,45,0.02,-0.85,277,ACTIVE_DRYING
51.7,59.1,312.0,71,0,2.8,32.29128597333094,50,-0.28,-2.22,272,ACTIVE_DRYING
51.8,57.4,366.0,69,0,2.8,32.29128597333094,55,-0.41,-2.13,267,ACTIVE_DRYING
51.5,56.1,377.0,69,0,2.8,32.29128597333094,60,-0.87,-1.12,262,ACTIVE_DRYING
51.0,54.7,373.0,72,0,2.8,32.29128597333094,65,-0.51,-0.69,257,ACTIVE_DRYING
51.1,53.1,489.0,71,0,2.8,32.29128597333094,70,0.35,-0.92,252,ACTIVE_DRYING
52.1,52.3,484.0,72,0,2.8,32.29128597333094,75,0.42,-0.92,247,ACTIVE_DRYING
51.8,50.3,527.0,70,0,2.8,32.29128597333094,80,-0.24,-2.32,242,ACTIVE_DRYING
52.1,49.4,489.0,72,0,2.8,32.29128597333094,85,0.66,-1.13,237,ACTIVE_DRYING
52.7,47.6,609.0,72,0,2.8,32.29128597333094,90,1.12,-1.57,232,ACTIVE_DRYING
53.0,46.9,585.0,71,0,2.8,32.29128597333094,95,0.01,-0.6,227,ACTIVE_DRYING
54.1,46.1,629.0,72,0,2.8,32.29128597333094,100,1.18,-0.95,222,ACTIVE_DRYING
55.1,43.6,671.0,68,0,2.8,32.29128597333094,105,0.84,-2.22,217,ACTIVE_DRYING
56.3,42.7,616.0,54,0,2.8,32.29128597333094,110,1.23,-1.01,212,ACTIVE_DRYING
57.4,42.0,707.0,55,0,2.8,32.29128597333094,115,1.19,-0.15,207,NEAR_COMPLETE
58.3,40.0,693.0,54,0,2.8,32.29128597333094,120,0.74,-1.81,202,NEAR_COMPLETE
58.1,38.7,722.0,53,0,2.8,32.29128597333094,125,-0.42,-0.54,197,NEAR_COMPLETE
58.0,37.3,717.0,54,0,2.8,32.29128597333094,130,-0.19,-1.08,192,NEAR_COMPLETE
57.8,37.3,735.0,53,0,2.8,32.29128597333094,135,-0.15,-0.35,187,NEAR_COMPLETE
58.3,34.6,756.0,54,0,2.8,32.29128597333094,140,0.11,-1.82,182,NEAR_COMPLETE
58.5,34.1,754.0,57,0,2.8,32.29128597333094,145,-0.05,0.76,177,COMPLETE
57.8,34.1,775.0,56,0,2.8,32.29128597333094,150,-0.53,0.12,172,COMPLETE
58.8,33.8,752.0,54,0,2.8,32.29128597333094,155,0.11,-0.71,167,COMPLETE
57.8,32.3,818.0,55,0,2.8,32.29128597333094,160,-0.64,-1.25,162,COMPLETE
57.7,31.5,761.0,57,0,2.8,32.29128597333094,165,0.24,-0.86,157,COMPLETE
57.7,32.3,741.0,54,0,2.8,32.29128597333094,170,0.53,-0.54,152,COMPLETE
57.7,31.4,703.0,57,0,2.8,32.29128597333094,175,0.26,-1.13,147,COMPLETE
57.7,29.1,772.0,57,0,2.8,32.29128597333094,180,0.42,-1.96,142,COMPLETE
57.6,29.3,709.0,54,0,2.8,32.29128597333094,185,0.33,0.28,137,COMPLETE
58.0,27.8,725.0,55,0,2.8,32.29128597333094,190,0.77,-0.88,132,COMPLETE
58.4,26.0,737.0,54,0,2.8,32.29128597333094,195,0.25,-1.84,127,COMPLETE
58.3,26.3,693.0,55,0,2.8,32.29128597333094,200,-0.31,0.22,122,COMPLETE
58.2,26.0,663.0,53,0,2.8,32.29128597333094,205,-0.18,0.18,117,COMPLETE
57.8,25.2,637.0,55,0,2.8,32.29128597333094,210,-0.41,-0.59,112,COMPLETE
58.2,22.6,606.0,53,0,2.8,32.29128597333094,215,-0.01,-1.61,107,COMPLETE
58.2,22.8,586.0,54,0,2.8,32.29128597333094,220,0.04,0.11,102,COMPLETE
57.9,21.6,605.0,55,0,2.8,32.29128597333094,225,-0.23,-0.62,97,COMPLETE
57.8,20.8,571.0,53,0,2.8,32.29128597333094,230,-0.09,-1.14,92,COMPLETE
57.6,21.0,556.0,55,0,2.8,32.29128597333094,235,0.53,-0.06,87,COMPLETE
58.0,19.6,532.0,57,0,2.8,32.29128597333094,240,0.51,-1.29,82,COMPLETE
58.0,19.4,538.0,57,0,2.8,32.29128597333094,245,-0.04,0.31,77,COMPLETE
58.0,18.4,476.0,55,0,2.8,32.29128597333094,250,0.21,-1.21,72,COMPLETE
58.4,18.4,450.0,57,0,2.8,32.29128597333094,255,-0.0,-0.37,67,COMPLETE
58.1,18.5,472.0,54,0,2.8,32.29128597333094,260,-0.11,-0.6,62,COMPLETE
58.2,18.7,389.0,54,0,2.8,32.29128597333094,265,-0.12,-0.13,57,COMPLETE
57.4,18.0,382.0,55,0,2.8,32.29128597333094,270,-0.73,-0.47,52,COMPLETE
56.8,18.2,315.0,54,0,2.8,32.29128597333094,275,-0.68,0.06,47,COMPLETE
56.1,17.6,324.0,56,0,2.8,32.29128597333094,280,-0.49,-0.41,42,COMPLETE
54.9,17.9,251.0,54,0,2.8,32.29128597333094,285,-0.67,0.75,37,COMPLETE
53.8,17.9,183.0,56,0,2.8,32.29128597333094,290,-0.46,0.09,32,COMPLETE
53.6,18.4,152.0,53,0,2.8,32.29128597333094,295,-0.48,-0.53,27,COMPLETE
52.7,18.3,218.0,55,0,2.8,32.29128597333094,300,-1.25,-0.41,22,COMPLETE
52.0,17.7,137.0,53,0,2.8,32.29128597333094,305,-0.49,-0.41,17,COMPLETE
51.3,18.7,72.0,55,0,2.8,32.29128597333094,310,-0.34,0.49,12,COMPLETE
49.7,18.6,44.0,55,0,2.8,32.29128597333094,315,-1.53,-0.89,7,COMPLETE
48.8,18.3,0.0,57,0,2.8,32.29128597333094,320,-1.22,-0.65,2,COMPLETE
36.7,73.8,64.0,40,1,1.2,36.780614096266916,0,0.09,-0.07,325,INITIAL
41.1,72.5,79.0,49,1,1.2,36.780614096266916,5,4.34,-2.02,320,INITIAL
43.9,70.2,123.0,59,1,1.2,36.780614096266916,10,3.27,-2.74,315,ACTIVE_DRYING
48.5,69.1,191.0,83,1,1.2,36.780614096266916,15,4.71,-1.64,310,ACTIVE_DRYING
47.9,67.0,162.0,85,0,1.2,36.780614096266916,20,-1.29,-2.31,305,ACTIVE_DRYING
51.4,66.3,148.0,87,1,1.2,36.780614096266916,25,2.96,-0.62,300,ACTIVE_DRYING
49.6,65.4,200.0,84,0,1.2,36.780614096266916,30,-1.92,-1.69,295,ACTIVE_DRYING
48.8,64.2,249.0,68,0,1.2,36.780614096266916,35,-0.96,-0.96,290,ACTIVE_DRYING
48.5,63.5,307.0,68,0,1.2,36.780614096266916,40,-0.35,-1.18,285,ACTIVE_DRYING
48.6,63.1,296.0,70,0,1.2,36.780614096266916,45,0.02,-1.62,280,ACTIVE_DRYING
48.2,60.6,368.0,69,0,1.2,36.780614096266916,50,-0.8,-1.85,275,ACTIVE_DRYING
52.9,60.2,347.0,68,1,1.2,36.780614096266916,55,4.73,0.35,270,ACTIVE_DRYING
52.6,60.3,421.0,71,0,1.2,36.780614096266916,60,-0.12,-0.94,265,ACTIVE_DRYING
53.4,58.3,488.0,71,0,1.2,36.780614096266916,65,0.1,-1.76,260,ACTIVE_DRYING
52.4,57.0,451.0,72,0,1.2,36.780614096266916,70,-0.83,-1.04,255,ACTIVE_DRYING
52.6,57.2,520.0,71,0,1.2,36.780614096266916,75,0.74,-0.61,250,ACTIVE_DRYING
53.2,55.1,535.0,71,0,1.2,36.780614096266916,80,0.56,-1.4,245,ACTIVE_DRYING
53.1,54.2,571.0,70,0,1.2,36.780614096266916,85,0.02,-1.32,240,ACTIVE_DRYING
53.6,52.9,622.0,68,0,1.2,36.780614096266916,90,1.4,-0.72,235,ACTIVE_DRYING
54.8,51.1,579.0,68,0,1.2,36.780614096266916,95,0.85,0.96,230,ACTIVE_DRYING
55.3,52.4,579.0,68,0,1.2,36.780614096266916,100,-0.0,0.73,225,ACTIVE_DRYING
56.3,51.0,663.0,68,0,1.2,36.780614096266916,105,0.51,-1.14,220,ACTIVE_DRYING
55.4,49.6,625.0,68,0,1.2,36.780614096266916,110,-0.41,-1.55,215,ACTIVE_DRYING
57.2,49.0,676.0,70,0,1.2,36.780614096266916,115,1.49,-0.1,210,ACTIVE_DRYING
57.2,48.2,627.0,69,0,1.2,36.780614096266916,120,0.38,-0.8,205,ACTIVE_DRYING
57.7,47.1,691.0,69,0,1.2,36.780614096266916,125,0.5,-1.0,200,ACTIVE_DRYING
58.1,46.1,698.0,72,0,1.2,36.780614096266916,130,0.27,-0.93,195,ACTIVE_DRYING
58.0,45.0,703.0,68,0,1.2,36.780614096266916,135,0.25,-0.46,190,ACTIVE_DRYING
57.9,44.4,752.0,71,0,1.2,36.780614096266916,140,0.09,0.1,185,ACTIVE_DRYING
58.0,42.8,705.0,55,0,1.2,36.780614096266916,145,0.27,-1.75,180,ACTIVE_DRYING
57.9,41.0,691.0,53,0,1.2,36.780614096266916,150,-0.0,-1.11,175,ACTIVE_DRYING
58.2,40.8,771.0,57,0,1.2,36.780614096266916,155,0.11,-0.78,170,ACTIVE_DRYING
58.1,41.3,687.0,54,0,1.2,36.780614096266916,160,-0.45,0.33,165,ACTIVE_DRYING
57.6,39.6,766.0,57,0,1.2,36.780614096266916,165,-0.25,-1.82,160,ACTIVE_DRYING
58.1,39.9,736.0,53,0,1.2,36.780614096266916,170,0.33,-0.74,155,ACTIVE_DRYING
58.0,38.6,728.0,56,0,1.2,36.780614096266916,175,-0.13,-1.68,150,ACTIVE_DRYING
58.3,37.1,798.0,57,0,1.2,36.780614096266916,180,0.43,-1.41,145,STABILIZING
57.9,36.6,725.0,53,0,1.2,36.780614096266916,185,-0.58,-0.89,140,NEAR_COMPLETE
57.9,36.1,695.0,55,0,1.2,36.780614096266916,190,0.27,-0.85,135,NEAR_COMPLETE
58.0,34.4,734.0,56,0,1.2,36.780614096266916,195,0.08,-1.56,130,NEAR_COMPLETE
57.9,33.3,703.0,53,0,1.2,36.780614096266916,200,0.47,-1.25,125,NEAR_COMPLETE
57.8,32.2,659.0,56,0,1.2,36.780614096266916,205,0.28,-1.47,120,NEAR_COMPLETE
58.0,31.9,664.0,53,0,1.2,36.780614096266916,210,0.31,-0.29,115,NEAR_COMPLETE
57.9,32.0,652.0,57,0,1.2,36.780614096266916,215,-0.08,-0.84,110,NEAR_COMPLETE
57.8,30.0,680.0,55,0,1.2,36.780614096266916,220,0.14,-2.17,105,NEAR_COMPLETE
58.4,28.7,594.0,57,0,1.2,36.780614096266916,225,0.15,-1.32,100,COMPLETE
57.8,28.2,609.0,54,0,1.2,36.780614096266916,230,-0.38,-0.02,95,COMPLETE
58.1,26.8,548.0,56,0,1.2,36.780614096266916,235,0.04,-1.27,90,COMPLETE
58.0,25.3,585.0,55,0,1.2,36.780614096266916,240,-0.37,0.07,85,COMPLETE
57.6,26.2,573.0,55,0,1.2,36.780614096266916,245,0.29,0.37,80,COMPLETE
58.0,25.5,531.0,57,0,1.2,36.780614096266916,250,0.57,-0.85,75,COMPLETE
58.3,25.2,455.0,57,0,1.2,36.780614096266916,255,0.02,-0.32,70,COMPLETE
58.0,25.9,448.0,57,0,1.2,36.780614096266916,260,-0.15,-0.85,65,COMPLETE
58.0,24.4,433.0,54,0,1.2,36.780614096266916,265,-0.09,-2.15,60,COMPLETE
57.3,23.2,316.0,54,0,1.2,36.780614096266916,270,-0.27,-1.57,55,COMPLETE
56.9,21.9,312.0,55,0,1.2,36.780614096266916,275,-0.7,-1.29,50,COMPLETE
56.0,21.8,250.0,53,0,1.2,36.780614096266916,280,-1.17,-0.56,45,COMPLETE
56.1,19.7,287.0,55,0,1.2,36.780614096266916,285,-0.66,-1.07,40,COMPLETE
55.2,19.0,244.0,55,0,1.2,36.780614096266916,290,-0.85,0.13,35,COMPLETE
54.8,19.3,237.0,53,0,1.2,36.780614096266916,295,-0.69,0.04,30,COMPLETE
54.5,18.3,179.0,56,0,1.2,36.780614096266916,300,-0.12,-0.68,25,COMPLETE
53.0,18.6,142.0,56,0,1.2,36.780614096266916,305,-1.42,-0.72,20,COMPLETE
51.8,18.4,52.0,56,0,1.2,36.780614096266916,310,-0.58,-0.19,15,COMPLETE
51.1,18.2,52.0,54,0,1.2,36.780614096266916,315,-0.57,-0.21,10,COMPLETE
49.6,17.6,27.0,56,0,1.2,36.780614096266916,320,-1.82,-0.13,5,COMPLETE
48.3,17.9,17.0,55,0,1.2,36.780614096266916,325,-1.14,0.39,0,COMPLETE
33.6,71.6,0.0,39,1,2.2,26.620981665629557,0,0.2,-0.26,305,INITIAL
38.1,70.1,42.0,48,1,2.2,26.620981665629557,5,5.1,-1.62,300,INITIAL
41.9,67.1,80.0,62,1,2.2,26.620981665629557,10,4.06,-2.57,295,ACTIVE_DRYING
46.3,66.4,109.0,86,1,2.2,26.620981665629557,15,4.42,-1.26,290,ACTIVE_DRYING
49.7,63.2,152.0,85,1,2.2,26.620981665629557,20,3.13,-2.36,285,ACTIVE_DRYING
49.2,62.7,173.0,72,0,2.2,26.620981665629557,25,-0.87,-1.7,280,ACTIVE_DRYING
48.4,60.7,209.0,71,0,2.2,26.620981665629557,30,-0.83,-1.96,275,ACTIVE_DRYING
47.7,58.6,282.0,69,0,2.2,26.620981665629557,35,-0.73,-1.84,270,ACTIVE_DRYING
47.3,57.3,285.0,68,0,2.2,26.620981665629557,40,-0.85,-0.95,265,ACTIVE_DRYING
47.2,55.8,364.0,69,0,2.2,26.620981665629557,45,-0.41,-1.24,260,ACTIVE_DRYING
47.0,54.6,385.0,69,0,2.2,26.620981665629557,50,-0.26,-0.92,255,ACTIVE_DRYING
47.3,54.4,448.0,69,0,2.2,26.620981665629557,55,0.38,-1.37,250,ACTIVE_DRYING
47.1,52.4,426.0,71,0,2.2,26.620981665629557,60,0.23,-1.73,245,ACTIVE_DRYING
48.3,52.4,488.0,72,0,2.2,26.620981665629557,65,0.73,-1.0,240,ACTIVE_DRYING
48.1,50.4,449.0,72,0,2.2,26.620981665629557,70,-0.15,-2.09,235,ACTIVE_DRYING
48.4,49.1,501.0,71,0,2.2,26.620981665629557,75,-0.13,-1.37,230,ACTIVE_DRYING
49.3,48.6,523.0,72,0,2.2,26.620981665629557,80,0.43,-1.55,225,ACTIVE_DRYING
49.5,46.3,634.0,72,0,2.2,26.620981665629557,85,0.01,-1.73,220,ACTIVE_DRYING
50.8,45.5,602.0,69,0,2.2,26.620981665629557,90,0.69,-1.08,215,ACTIVE_DRYING
50.4,44.0,609.0,72,0,2.2,26.620981665629557,95,0.43,-1.21,210,ACTIVE_DRYING
51.7,42.7,660.0,53,0,2.2,26.620981665629557,100,1.04,-0.79,205,ACTIVE_DRYING
52.6,42.8,597.0,55,0,2.2,26.620981665629557,105,0.61,-0.27,200,ACTIVE_DRYING
53.6,39.6,731.0,54,0,2.2,26.620981665629557,110,1.36,-1.68,195,ACTIVE_DRYING
54.4,39.8,703.0,57,0,2.2,26.620981665629557,115,1.31,0.15,190,ACTIVE_DRYING
56.8,39.6,725.0,56,0,2.2,26.620981665629557,120,2.44,-0.63,185,ACTIVE_DRYING
58.2,37.9,759.0,57,0,2.2,26.620981665629557,125,1.16,-2.02,180,ACTIVE_DRYING
58.2,37.1,716.0,54,0,2.2,26.620981665629557,130,-0.02,-1.43,175,ACTIVE_DRYING
58.2,34.7,756.0,55,0,2.2,26.620981665629557,135,-0.33,-2.09,170,ACTIVE_DRYING
58.3,35.6,758.0,57,0,2.2,26.620981665629557,140,-0.31,0.47,165,ACTIVE_DRYING
57.9,33.7,796.0,53,0,2.2,26.620981665629557,145,-0.71,-2.02,160,NEAR_COMPLETE
57.4,32.6,777.0,57,0,2.2,26.620981665629557,150,0.08,-0.5,155,NEAR_COMPLETE
58.1,32.7,796.0,53,0,2.2,26.620981665629557,155,0.56,0.52,150,NEAR_COMPLETE
57.9,30.8,776.0,53,0,2.2,26.620981665629557,160,0.18,-0.86,145,NEAR_COMPLETE
57.6,31.5,772.0,56,0,2.2,26.620981665629557,165,0.06,-0.54,140,NEAR_COMPLETE
58.1,29.0,773.0,53,0,2.2,26.620981665629557,170,0.47,-1.2,135,NEAR_COMPLETE
58.1,29.9,735.0,57,0,2.2,26.620981665629557,175,-0.37,-0.22,130,NEAR_COMPLETE
57.8,28.1,693.0,54,0,2.2,26.620981665629557,180,0.13,-1.71,125,NEAR_COMPLETE
57.9,27.1,701.0,57,0,2.2,26.620981665629557,185,0.22,-2.09,120,COMPLETE
58.2,27.3,664.0,56,0,2.2,26.620981665629557,190,-0.24,-0.88,115,COMPLETE
58.1,26.0,721.0,56,0,2.2,26.620981665629557,195,-0.0,-1.25,110,COMPLETE
57.4,24.8,677.0,55,0,2.2,26.620981665629557,200,-0.49,-1.8,105,COMPLETE
58.0,24.0,634.0,56,0,2.2,26.620981665629557,205,0.71,-0.97,100,COMPLETE
57.9,23.8,637.0,53,0,2.2,26.620981665629557,210,0.1,-0.81,95,COMPLETE
57.7,21.4,634.0,56,0,2.2,26.620981665629557,215,0.13,-2.85,90,COMPLETE
57.9,21.9,544.0,56,0,2.2,26.620981665629557,220,0.1,0.3,85,COMPLETE
57.7,21.7,569.0,53,0,2.2,26.620981665629557,225,-0.2,0.24,80,COMPLETE
57.6,21.8,503.0,53,0,2.2,26.620981665629557,230,-0.1,-0.32,75,COMPLETE
58.2,20.9,435.0,55,0,2.2,26.620981665629557,235,0.43,-0.61,70,COMPLETE
57.9,19.3,450.0,54,0,2.2,26.620981665629557,240,-0.21,-1.31,65,COMPLETE
58.0,18.2,462.0,57,0,2.2,26.620981665629557,245,0.3,-0.26,60,COMPLETE
57.9,19.1,415.0,53,0,2.2,26.620981665629557,250,-0.04,0.77,55,COMPLETE
58.2,18.8,386.0,57,0,2.2,26.620981665629557,255,-0.51,-0.73,50,COMPLETE
57.6,18.5,348.0,56,0,2.2,26.620981665629557,260,-0.76,-0.12,45,COMPLETE
57.3,17.7,316.0,56,0,2.2,26.620981665629557,265,-0.24,-0.33,40,COMPLETE
56.5,18.7,293.0,55,0,2.2,26.620981665629557,270,-1.18,0.64,35,COMPLETE
55.7,17.8,287.0,55,0,2.2,26.620981665629557,275,-0.37,-1.33,30,COMPLETE
55.0,18.1,199.0,55,0,2.2,26.620981665629557,280,-0.63,0.25,25,COMPLETE
54.0,17.4,177.0,55,0,2.2,26.620981665629557,285,-0.47,-0.11,20,COMPLETE
53.2,18.0,157.0,53,0,2.2,26.620981665629557,290,-0.76,0.64,15,COMPLETE
52.7,17.7,102.0,57,0,2.2,26.620981665629557,295,-1.46,0.16,10,COMPLETE
49.7,18.3,0.0,57,0,2.2,26.620981665629557,300,-2.52,0.39,5,COMPLETE
49.7,17.6,47.0,57,0,2.2,26.620981665629557,305,-0.49,-0.06,0,COMPLETE
33.3,74.4,0.0,38,1,1.7,30.338550472425922,0,-0.03,-0.02,229,INITIAL
38.5,74.1,43.0,48,1,1.7,30.338550472425922,5,4.33,-0.72,224,INITIAL
42.1,71.9,58.0,59,1,1.7,30.338550472425922,10,3.29,-2.47,219,ACTIVE_DRYING
46.2,69.7,226.0,86,1,1.7,30.338550472425922,15,3.59,-2.05,214,ACTIVE_DRYING
49.2,68.0,223.0,86,1,1.7,30.338550472425922,20,3.69,-1.6,209,ACTIVE_DRYING
48.8,66.6,237.0,84,0,1.7,30.338550472425922,25,-0.73,-2.41,204,ACTIVE_DRYING
48.2,64.3,319.0,86,0,1.7,30.338550472425922,30,-1.26,-2.37,199,ACTIVE_DRYING
52.9,62.0,345.0,71,1,1.7,30.338550472425922,35,4.56,-2.35,194,ACTIVE_DRYING
52.3,60.1,344.0,69,0,1.7,30.338550472425922,40,-0.32,-1.44,189,ACTIVE_DRYING
53.0,59.0,444.0,72,0,1.7,30.338550472425922,45,0.42,-0.68,184,ACTIVE_DRYING
53.2,57.8,551.0,70,0,1.7,30.338550472425922,50,0.22,-1.12,179,ACTIVE_DRYING
53.5,56.0,476.0,71,0,1.7,30.338550472425922,55,-0.13,-1.61,174,ACTIVE_DRYING
54.0,55.1,536.0,68,0,1.7,30.338550472425922,60,0.14,-0.98,169,ACTIVE_DRYING
54.3,53.0,631.0,69,0,1.7,30.338550472425922,65,0.46,-2.1,164,ACTIVE_DRYING
55.0,51.8,619.0,69,0,1.7,30.338550472425922,70,0.9,-1.86,159,ACTIVE_DRYING
55.7,50.0,629.0,68,0,1.7,30.338550472425922,75,0.43,-1.59,154,ACTIVE_DRYING
56.2,48.8,718.0,70,0,1.7,30.338550472425922,80,0.68,-1.45,149,ACTIVE_DRYING
57.0,47.5,650.0,68,0,1.7,30.338550472425922,85,1.45,-1.6,144,ACTIVE_DRYING
57.4,46.6,723.0,68,0,1.7,30.338550472425922,90,0.94,-1.55,139,ACTIVE_DRYING
57.7,43.8,717.0,72,0,1.7,30.338550472425922,95,0.18,-2.57,134,ACTIVE_DRYING
57.7,43.0,746.0,56,0,1.7,30.338550472425922,100,-0.07,0.1,129,NEAR_COMPLETE
57.6,41.8,720.0,57,0,1.7,30.338550472425922,105,-0.08,-0.99,124,NEAR_COMPLETE
57.9,40.5,696.0,57,0,1.7,30.338550472425922,110,0.31,-1.5,119,NEAR_COMPLETE
58.0,39.9,719.0,57,0,1.7,30.338550472425922,115,-0.3,-1.95,114,NEAR_COMPLETE
58.4,37.7,776.0,54,0,1.7,30.338550472425922,120,0.63,-2.95,109,NEAR_COMPLETE
58.2,37.1,744.0,55,0,1.7,30.338550472425922,125,-0.51,0.05,104,COMPLETE
58.2,35.7,740.0,53,0,1.7,30.338550472425922,130,-0.16,-1.29,99,COMPLETE
58.3,34.6,692.0,54,0,1.7,30.338550472425922,135,-0.4,-1.13,94,COMPLETE
58.5,33.4,734.0,54,0,1.7,30.338550472425922,140,-0.17,-1.98,89,COMPLETE
58.4,31.0,709.0,53,0,1.7,30.338550472425922,145,-0.35,-1.69,84,COMPLETE
58.0,29.6,635.0,53,0,1.7,30.338550472425922,150,-0.07,-0.37,79,COMPLETE
58.2,29.0,665.0,56,0,1.7,30.338550472425922,155,0.25,-0.47,74,COMPLETE
57.5,28.8,647.0,55,0,1.7,30.338550472425922,160,-0.12,-0.6,69,COMPLETE
58.0,27.6,615.0,55,0,1.7,30.338550472425922,165,0.52,-0.81,64,COMPLETE
57.9,27.8,567.0,54,0,1.7,30.338550472425922,170,-0.03,-0.05,59,COMPLETE
57.7,27.4,497.0,53,0,1.7,30.338550472425922,175,0.32,-0.8,54,COMPLETE
57.7,26.9,484.0,56,0,1.7,30.338550472425922,180,0.28,-1.04,49,COMPLETE
58.7,25.4,460.0,56,0,1.7,30.338550472425922,185,0.29,-1.73,44,COMPLETE
57.8,25.3,345.0,57,0,1.7,30.338550472425922,190,-0.88,-0.62,39,COMPLETE
57.4,24.4,323.0,54,0,1.7,30.338550472425922,195,-0.33,-1.64,34,COMPLETE
56.8,23.3,263.0,57,0,1.7,30.338550472425922,200,-1.11,-1.68,29,COMPLETE
56.4,23.5,264.0,56,0,1.7,30.338550472425922,205,-0.79,-0.75,24,COMPLETE
55.2,20.8,227.0,55,0,1.7,30.338550472425922,210,-0.87,-1.5,19,COMPLETE
54.9,21.5,99.0,54,0,1.7,30.338550472425922,215,-0.92,0.77,14,COMPLETE
52.9,20.9,127.0,53,0,1.7,30.338550472425922,220,-1.39,-0.52,9,COMPLETE
51.8,19.6,13.0,56,0,1.7,30.338550472425922,225,-0.83,-1.16,4,COMPLETE
33.6,75.1,42.0,42,1,1.8,27.245098477217955,0,-0.04,-0.62,227,INITIAL
38.2,72.2,76.0,51,1,1.8,27.245098477217955,5,4.5,-2.06,222,INITIAL
42.9,70.7,154.0,62,1,1.8,27.245098477217955,10,4.35,-0.93,217,ACTIVE_DRYING
46.8,68.7,147.0,85,1,1.8,27.245098477217955,15,3.68,-2.0,212,ACTIVE_DRYING
50.8,67.7,198.0,84,1,1.8,27.245098477217955,20,4.71,-1.51,207,ACTIVE_DRYING
50.1,65.0,245.0,86,0,1.8,27.245098477217955,25,-1.07,-2.16,202,ACTIVE_DRYING
48.8,64.3,306.0,86,0,1.8,27.245098477217955,30,-1.26,-1.0,197,ACTIVE_DRYING
48.9,61.8,314.0,71,0,1.8,27.245098477217955,35,-0.38,-2.6,192,ACTIVE_DRYING
48.8,61.6,399.0,70,0,1.8,27.245098477217955,40,0.59,-0.57,187,ACTIVE_DRYING
49.7,59.7,434.0,71,0,1.8,27.245098477217955,45,0.72,-1.37,182,ACTIVE_DRYING
49.2,58.3,446.0,72,0,1.8,27.245098477217955,50,-0.51,-0.83,177,ACTIVE_DRYING
50.0,57.5,537.0,70,0,1.8,27.245098477217955,55,0.02,-1.18,172,ACTIVE_DRYING
50.4,56.6,577.0,70,0,1.8,27.245098477217955,60,0.15,-1.37,167,ACTIVE_DRYING
51.3,54.8,589.0,71,0,1.8,27.245098477217955,65,1.24,-1.42,162,ACTIVE_DRYING
52.2,53.9,610.0,68,0,1.8,27.245098477217955,70,0.26,-1.49,157,ACTIVE_DRYING
53.2,52.2,717.0,69,0,1.8,27.245098477217955,75,0.47,-1.97,152,ACTIVE_DRYING
54.1,49.1,669.0,68,0,1.8,27.245098477217955,80,0.68,-2.39,147,ACTIVE_DRYING
55.0,48.8,700.0,70,0,1.8,27.245098477217955,85,1.01,0.21,142,ACTIVE_DRYING
55.7,47.3,699.0,71,0,1.8,27.245098477217955,90,0.72,-1.46,137,ACTIVE_DRYING
57.5,46.5,769.0,69,0,1.8,27.245098477217955,95,1.92,-0.88,132,ACTIVE_DRYING
57.8,45.6,664.0,70,0,1.8,27.245098477217955,100,0.57,-0.71,127,ACTIVE_DRYING
57.9,44.0,778.0,71,0,1.8,27.245098477217955,105,0.38,-1.47,122,ACTIVE_DRYING
58.4,43.6,703.0,57,0,1.8,27.245098477217955,110,0.1,-1.51,117,NEAR_COMPLETE
58.4,41.9,748.0,56,0,1.8,27.245098477217955,115,-0.43,-1.72,112,NEAR_COMPLETE
58.0,41.3,754.0,57,0,1.8,27.245098477217955,120,-0.59,-0.45,107,NEAR_COMPLETE
57.2,39.4,758.0,56,0,1.8,27.245098477217955,125,0.16,-2.21,102,NEAR_COMPLETE
57.8,38.2,715.0,55,0,1.8,27.245098477217955,130,0.56,-1.52,97,NEAR_COMPLETE
57.9,37.8,734.0,54,0,1.8,27.245098477217955,135,-0.18,-0.57,92,NEAR_COMPLETE
58.0,36.3,670.0,54,0,1.8,27.245098477217955,140,-0.13,-1.74,87,COMPLETE
58.0,33.4,648.0,55,0,1.8,27.245098477217955,145,-0.11,-2.19,82,COMPLETE
57.8,32.5,629.0,54,0,1.8,27.245098477217955,150,-0.17,-0.55,77,COMPLETE
58.1,32.7,649.0,53,0,1.8,27.245098477217955,155,-0.04,0.14,72,COMPLETE
57.9,33.7,585.0,54,0,1.8,27.245098477217955,160,-0.1,-0.0,67,COMPLETE
58.1,32.7,547.0,55,0,1.8,27.245098477217955,165,-0.16,-1.1,62,COMPLETE
58.1,31.2,478.0,57,0,1.8,27.245098477217955,170,-0.28,-1.5,57,COMPLETE
57.9,30.4,496.0,53,0,1.8,27.245098477217955,175,0.25,-1.07,52,COMPLETE
57.8,28.9,402.0,54,0,1.8,27.245098477217955,180,0.03,-0.95,47,COMPLETE
58.3,27.7,469.0,55,0,1.8,27.245098477217955,185,0.14,-0.09,42,COMPLETE
58.2,27.1,380.0,57,0,1.8,27.245098477217955,190,-0.48,0.17,37,COMPLETE
57.3,27.2,321.0,56,0,1.8,27.245098477217955,195,-0.24,0.19,32,COMPLETE
57.0,27.0,223.0,53,0,1.8,27.245098477217955,200,-1.18,-0.27,27,COMPLETE
55.6,25.1,204.0,57,0,1.8,27.245098477217955,205,-1.16,-1.66,22,COMPLETE
54.9,25.5,135.0,57,0,1.8,27.245098477217955,210,-0.68,-0.77,17,COMPLETE
54.1,23.6,131.0,55,0,1.8,27.245098477217955,215,-1.02,-1.19,12,COMPLETE
53.4,23.2,38.0,55,0,1.8,27.245098477217955,220,-1.15,-0.26,7,COMPLETE
51.3,22.6,22.0,57,0,1.8,27.245098477217955,225,-1.86,-0.57,2,COMPLETE
34.0,74.2,30.0,38,1,1.1,31.397171635536797,0,0.31,-0.19,282,INITIAL
37.9,71.7,6.0,48,1,1.1,31.397171635536797,5,4.01,-2.0,277,INITIAL
42.9,71.0,55.0,59,1,1.1,31.397171635536797,10,4.67,-1.32,272,ACTIVE_DRYING
46.6,67.9,92.0,87,1,1.1,31.397171635536797,15,3.41,-2.01,267,ACTIVE_DRYING
50.5,66.8,215.0,85,1,1.1,31.397171635536797,20,3.98,-1.46,262,ACTIVE_DRYING
48.7,64.8,171.0,84,0,1.1,31.397171635536797,25,-1.61,-1.87,257,ACTIVE_DRYING
48.0,64.3,239.0,84,0,1.1,31.397171635536797,30,-0.57,-1.23,252,ACTIVE_DRYING
47.7,61.9,333.0,68,0,1.1,31.397171635536797,35,-0.46,-2.59,247,ACTIVE_DRYING
52.0,59.5,270.0,68,1,1.1,31.397171635536797,40,4.49,-1.5,242,ACTIVE_DRYING
52.1,58.7,426.0,72,0,1.1,31.397171635536797,45,0.32,-0.84,237,ACTIVE_DRYING
52.9,57.8,415.0,70,0,1.1,31.397171635536797,50,0.37,-1.03,232,ACTIVE_DRYING
53.4,55.2,458.0,69,0,1.1,31.397171635536797,55,0.22,-2.02,227,ACTIVE_DRYING
53.5,54.3,482.0,72,0,1.1,31.397171635536797,60,-0.24,-0.37,222,ACTIVE_DRYING
52.9,53.5,544.0,68,0,1.1,31.397171635536797,65,0.21,-0.73,217,ACTIVE_DRYING
54.6,53.9,521.0,71,0,1.1,31.397171635536797,70,1.53,-0.54,212,ACTIVE_DRYING
55.2,52.7,574.0,72,0,1.1,31.397171635536797,75,0.24,-1.99,207,ACTIVE_DRYING
55.4,50.6,616.0,72,0,1.1,31.397171635536797,80,0.14,-2.35,202,ACTIVE_DRYING
55.9,49.4,575.0,72,0,1.1,31.397171635536797,85,0.41,-1.14,197,ACTIVE_DRYING
57.0,48.6,664.0,72,0,1.1,31.397171635536797,90,0.68,-1.17,192,ACTIVE_DRYING
57.2,48.2,665.0,72,0,1.1,31.397171635536797,95,0.06,-1.36,187,ACTIVE_DRYING
57.6,46.1,706.0,69,0,1.1,31.397171635536797,100,1.1,-1.1,182,ACTIVE_DRYING
58.5,43.9,721.0,69,0,1.1,31.397171635536797,105,0.28,-0.8,177,ACTIVE_DRYING
58.2,44.8,725.0,68,0,1.1,31.397171635536797,110,-0.6,0.04,172,ACTIVE_DRYING
57.7,43.3,694.0,54,0,1.1,31.397171635536797,115,-0.37,-1.24,167,ACTIVE_DRYING
57.9,42.1,667.0,53,0,1.1,31.397171635536797,120,0.07,-1.82,162,ACTIVE_DRYING
58.4,41.0,719.0,54,0,1.1,31.397171635536797,125,-0.04,-1.27,157,ACTIVE_DRYING
57.8,40.3,743.0,56,0,1.1,31.397171635536797,130,-0.18,-0.38,152,NEAR_COMPLETE
58.1,38.8,749.0,53,0,1.1,31.397171635536797,135,0.21,-1.39,147,NEAR_COMPLETE
58.1,36.9,734.0,54,0,1.1,31.397171635536797,140,-0.21,-0.79,142,NEAR_COMPLETE
58.3,36.3,751.0,54,0,1.1,31.397171635536797,145,-0.09,-0.46,137,NEAR_COMPLETE
57.7,35.7,801.0,55,0,1.1,31.397171635536797,150,-0.39,-0.21,132,NEAR_COMPLETE
57.8,33.9,716.0,53,0,1.1,31.397171635536797,155,0.31,-1.29,127,NEAR_COMPLETE
58.2,32.2,720.0,56,0,1.1,31.397171635536797,160,0.21,-0.7,122,COMPLETE
58.0,32.3,773.0,53,0,1.1,31.397171635536797,165,-0.39,-0.15,117,COMPLETE
57.7,30.7,747.0,56,0,1.1,31.397171635536797,170,-0.0,-1.09,112,COMPLETE
58.0,30.0,712.0,55,0,1.1,31.397171635536797,175,0.19,-0.21,107,COMPLETE
57.9,29.0,628.0,53,0,1.1,31.397171635536797,180,-0.28,-1.01,102,COMPLETE
57.5,28.0,687.0,54,0,1.1,31.397171635536797,185,-0.06,-1.07,97,COMPLETE
58.1,27.8,632.0,56,0,1.1,31.397171635536797,190,0.55,-0.68,92,COMPLETE
58.4,26.2,634.0,55,0,1.1,31.397171635536797,195,-0.28,-1.37,87,COMPLETE
57.5,25.8,620.0,56,0,1.1,31.397171635536797,200,-0.37,-0.39,82,COMPLETE
58.2,25.3,575.0,57,0,1.1,31.397171635536797,205,0.54,-0.5,77,COMPLETE
58.2,25.3,496.0,53,0,1.1,31.397171635536797,210,-0.39,-0.75,72,COMPLETE
58.0,23.0,473.0,56,0,1.1,31.397171635536797,215,-0.29,-2.68,67,COMPLETE
58.1,22.6,485.0,55,0,1.1,31.397171635536797,220,0.11,-0.9,62,COMPLETE
57.4,21.5,448.0,53,0,1.1,31.397171635536797,225,-0.48,-0.24,57,COMPLETE
57.7,20.5,424.0,54,0,1.1,31.397171635536797,230,0.13,-0.63,52,COMPLETE
58.3,20.7,372.0,56,0,1.1,31.397171635536797,235,0.64,0.31,47,COMPLETE
57.8,20.5,415.0,57,0,1.1,31.397171635536797,240,-0.44,-0.91,42,COMPLETE
58.2,19.0,362.0,56,0,1.1,31.397171635536797,245,-0.19,-1.01,37,COMPLETE
57.6,18.6,264.0,57,0,1.1,31.397171635536797,250,-0.76,-0.18,32,COMPLETE
56.7,18.6,220.0,54,0,1.1,31.397171635536797,255,-1.05,-0.48,27,COMPLETE
55.7,18.5,216.0,53,0,1.1,31.397171635536797,260,-0.97,-0.81,22,COMPLETE
55.2,18.2,153.0,55,0,1.1,31.397171635536797,265,-0.74,-0.64,17,COMPLETE
53.6,18.4,121.0,56,0,1.1,31.397171635536797,270,-1.73,-0.78,12,COMPLETE
52.9,17.8,98.0,55,0,1.1,31.397171635536797,275,-1.36,-0.29,7,COMPLETE
51.8,17.5,26.0,56,0,1.1,31.397171635536797,280,-1.73,0.33,2,COMPLETE
32.9,70.9,0.0,40,1,1.6,27.072133993462934,0,0.38,0.42,227,INITIAL
37.8,67.8,0.0,52,1,1.6,27.072133993462934,5,4.44,-1.69,222,INITIAL
41.6,66.8,92.0,58,1,1.6,27.072133993462934,10,4.22,-1.25,217,ACTIVE_DRYING
46.0,64.5,173.0,83,1,1.6,27.072133993462934,15,4.54,-2.11,212,ACTIVE_DRYING
50.3,63.4,183.0,71,1,1.6,27.072133993462934,20,3.83,-1.23,207,ACTIVE_DRYING
49.1,61.5,210.0,69,0,1.6,27.072133993462934,25,-1.17,-1.55,202,ACTIVE_DRYING
48.3,61.0,332.0,71,0,1.6,27.072133993462934,30,-0.58,-0.14,197,ACTIVE_DRYING
48.4,58.9,403.0,68,0,1.6,27.072133993462934,35,0.43,-1.8,192,ACTIVE_DRYING
48.5,58.8,340.0,70,0,1.6,27.072133993462934,40,0.12,-0.92,187,ACTIVE_DRYING
48.7,57.3,424.0,70,0,1.6,27.072133993462934,45,0.24,-1.5,182,ACTIVE_DRYING
49.6,55.0,437.0,68,0,1.6,27.072133993462934,50,0.51,-2.75,177,ACTIVE_DRYING
49.3,53.6,509.0,68,0,1.6,27.072133993462934,55,0.11,-1.11,172,ACTIVE_DRYING
50.6,52.4,548.0,72,0,1.6,27.072133993462934,60,1.64,-1.51,167,ACTIVE_DRYING
50.6,51.6,586.0,70,0,1.6,27.072133993462934,65,0.57,-0.59,162,ACTIVE_DRYING
52.1,50.7,636.0,72,0,1.6,27.072133993462934,70,1.49,-1.02,157,ACTIVE_DRYING
52.9,48.9,662.0,70,0,1.6,27.072133993462934,75,0.71,-1.6,152,ACTIVE_DRYING
53.0,48.3,643.0,70,0,1.6,27.072133993462934,80,-0.42,-0.84,147,ACTIVE_DRYING
54.1,46.7,726.0,72,0,1.6,27.072133993462934,85,1.18,-2.08,142,ACTIVE_DRYING
54.8,44.8,731.0,68,0,1.6,27.072133993462934,90,1.3,-2.29,137,ACTIVE_DRYING
56.5,44.0,745.0,53,0,1.6,27.072133993462934,95,1.63,-1.27,132,ACTIVE_DRYING
57.4,42.0,733.0,55,0,1.6,27.072133993462934,100,1.35,-2.78,127,ACTIVE_DRYING
57.2,41.5,726.0,57,0,1.6,27.072133993462934,105,0.65,-1.66,122,NEAR_COMPLETE
57.8,39.5,739.0,56,0,1.6,27.072133993462934,110,0.59,-1.32,117,NEAR_COMPLETE
58.1,38.6,762.0,53,0,1.6,27.072133993462934,115,0.03,-1.53,112,NEAR_COMPLETE
58.1,37.3,766.0,57,0,1.6,27.072133993462934,120,-0.04,-1.37,107,NEAR_COMPLETE
58.1,36.1,733.0,56,0,1.6,27.072133993462934,125,0.06,-0.66,102,NEAR_COMPLETE
58.1,35.0,736.0,54,0,1.6,27.072133993462934,130,0.06,-0.73,97,NEAR_COMPLETE
57.7,35.0,701.0,55,0,1.6,27.072133993462934,135,-0.37,0.2,92,COMPLETE
57.8,33.2,678.0,57,0,1.6,27.072133993462934,140,0.42,-1.7,87,COMPLETE
57.6,32.2,716.0,57,0,1.6,27.072133993462934,145,0.23,0.14,82,COMPLETE
58.2,32.0,680.0,57,0,1.6,27.072133993462934,150,0.55,-0.42,77,COMPLETE
57.6,30.5,631.0,56,0,1.6,27.072133993462934,155,-0.32,-1.58,72,COMPLETE
57.4,29.0,590.0,57,0,1.6,27.072133993462934,160,0.53,-0.53,67,COMPLETE
58.0,28.5,564.0,53,0,1.6,27.072133993462934,165,0.49,-0.22,62,COMPLETE
58.1,28.0,563.0,54,0,1.6,27.072133993462934,170,-0.32,-0.28,57,COMPLETE
58.0,27.6,457.0,57,0,1.6,27.072133993462934,175,0.02,-1.21,52,COMPLETE
58.4,26.1,458.0,55,0,1.6,27.072133993462934,180,-0.0,-1.08,47,COMPLETE
57.4,25.9,412.0,54,0,1.6,27.072133993462934,185,-0.42,-0.1,42,COMPLETE
57.9,25.9,355.0,53,0,1.6,27.072133993462934,190,0.7,-0.43,37,COMPLETE
57.4,25.3,319.0,55,0,1.6,27.072133993462934,195,-0.15,-0.54,32,COMPLETE
57.4,24.8,279.0,57,0,1.6,27.072133993462934,200,0.38,-1.36,27,COMPLETE
56.8,22.5,229.0,57,0,1.6,27.072133993462934,205,-0.62,-2.45,22,COMPLETE
56.4,22.5,195.0,54,0,1.6,27.072133993462934,210,-0.37,-0.56,17,COMPLETE
55.7,20.6,141.0,55,0,1.6,27.072133993462934,215,-1.23,-1.5,12,COMPLETE
53.6,20.0,75.0,55,0,1.6,27.072133993462934,220,-1.68,-0.12,7,COMPLETE
52.9,20.6,39.0,54,0,1.6,27.072133993462934,225,-1.1,0.51,2,COMPLETE
33.4,74.8,0.0,41,1,2.8,26.439017218161194,0,0.07,-0.26,218,INITIAL
38.3,72.6,68.0,51,1,2.8,26.439017218161194,5,4.81,-1.61,213,INITIAL
42.1,70.8,61.0,62,1,2.8,26.439017218161194,10,4.03,-1.45,208,ACTIVE_DRYING
45.8,68.9,150.0,87,1,2.8,26.439017218161194,15,4.03,-1.52,203,ACTIVE_DRYING
49.8,67.1,210.0,85,1,2.8,26.439017218161194,20,4.16,-1.62,198,ACTIVE_DRYING
48.6,66.5,281.0,84,0,2.8,26.439017218161194,25,-0.94,-0.8,193,ACTIVE_DRYING
48.1,64.4,301.0,83,0,2.8,26.439017218161194,30,-0.55,-2.06,188,ACTIVE_DRYING
53.0,62.9,373.0,68,1,2.8,26.439017218161194,35,4.78,-2.03,183,ACTIVE_DRYING
52.5,60.0,417.0,72,0,2.8,26.439017218161194,40,-0.42,-2.29,178,ACTIVE_DRYING
52.6,59.4,480.0,68,0,2.8,26.439017218161194,45,0.07,-0.41,173,ACTIVE_DRYING
52.5,56.9,520.0,71,0,2.8,26.439017218161194,50,-0.39,-1.25,168,ACTIVE_DRYING
53.0,56.2,567.0,72,0,2.8,26.439017218161194,55,0.64,-0.43,163,ACTIVE_DRYING
53.6,54.6,592.0,69,0,2.8,26.439017218161194,60,0.73,-1.69,158,ACTIVE_DRYING
54.6,52.9,554.0,71,0,2.8,26.439017218161194,65,0.77,-1.64,153,ACTIVE_DRYING
54.5,51.3,614.0,68,0,2.8,26.439017218161194,70,0.02,-0.49,148,ACTIVE_DRYING
54.8,51.5,627.0,70,0,2.8,26.439017218161194,75,0.47,-0.92,143,ACTIVE_DRYING
54.9,50.2,635.0,68,0,2.8,26.439017218161194,80,0.24,-0.77,138,ACTIVE_DRYING
56.2,48.2,710.0,68,0,2.8,26.439017218161194,85,1.12,-1.95,133,ACTIVE_DRYING
57.2,46.0,740.0,72,0,2.8,26.439017218161194,90,1.19,-1.6,128,ACTIVE_DRYING
57.4,45.4,711.0,70,0,2.8,26.439017218161194,95,0.67,-0.42,123,ACTIVE_DRYING
58.3,44.1,779.0,69,0,2.8,26.439017218161194,100,0.35,-0.93,118,ACTIVE_DRYING
58.4,43.9,746.0,54,0,2.8,26.439017218161194,105,-0.39,-1.35,113,ACTIVE_DRYING
57.9,42.7,676.0,55,0,2.8,26.439017218161194,110,-0.37,-1.99,108,ACTIVE_DRYING
58.3,41.6,784.0,56,0,2.8,26.439017218161194,115,0.14,-1.07,103,NEAR_COMPLETE
58.4,40.6,705.0,54,0,2.8,26.439017218161194,120,-0.52,-2.24,98,NEAR_COMPLETE
58.4,37.7,710.0,55,0,2.8,26.439017218161194,125,-0.81,-2.85,93,NEAR_COMPLETE
57.9,36.2,726.0,57,0,2.8,26.439017218161194,130,-0.49,-1.47,88,NEAR_COMPLETE
58.2,35.6,691.0,57,0,2.8,26.439017218161194,135,0.06,-0.53,83,NEAR_COMPLETE
57.7,34.0,660.0,53,0,2.8,26.439017218161194,140,-0.12,-1.43,78,NEAR_COMPLETE
58.1,32.5,614.0,56,0,2.8,26.439017218161194,145,0.43,-0.99,73,NEAR_COMPLETE
57.1,32.6,640.0,54,0,2.8,26.439017218161194,150,-0.35,-0.04,68,NEAR_COMPLETE
57.8,31.4,597.0,57,0,2.8,26.439017218161194,155,1.05,-1.06,63,COMPLETE
58.2,31.5,524.0,57,0,2.8,26.439017218161194,160,0.39,0.46,58,COMPLETE
57.9,30.1,533.0,57,0,2.8,26.439017218161194,165,-0.01,-1.34,53,COMPLETE
58.0,30.7,473.0,56,0,2.8,26.439017218161194,170,-0.45,-0.38,48,COMPLETE
58.1,28.4,462.0,57,0,2.8,26.439017218161194,175,0.11,-1.76,43,COMPLETE
57.5,27.5,342.0,56,0,2.8,26.439017218161194,180,-0.97,-0.78,38,COMPLETE
57.1,26.1,393.0,55,0,2.8,26.439017218161194,185,0.16,-1.65,33,COMPLETE
57.3,25.6,290.0,54,0,2.8,26.439017218161194,190,-0.11,-0.79,28,COMPLETE
56.0,25.2,233.0,53,0,2.8,26.439017218161194,195,-1.25,-0.13,23,COMPLETE
54.7,22.8,165.0,53,0,2.8,26.439017218161194,200,-0.53,-1.09,18,COMPLETE
54.6,24.0,122.0,55,0,2.8,26.439017218161194,205,-0.68,0.78,13,COMPLETE
52.7,23.0,87.0,56,0,2.8,26.439017218161194,210,-1.62,-0.92,8,COMPLETE
50.8,21.5,15.0,55,0,2.8,26.439017218161194,215,-1.46,-1.1,3,COMPLETE
36.2,74.0,0.0,38,1,2.5,26.75468146116103,0,-0.07,-0.35,357,INITIAL
41.3,73.3,55.0,52,1,2.5,26.75468146116103,5,4.66,-1.48,352,INITIAL
45.3,72.2,84.0,58,1,2.5,26.75468146116103,10,4.49,-2.08,347,ACTIVE_DRYING
49.2,70.1,91.0,83,1,2.5,26.75468146116103,15,4.13,-1.77,342,ACTIVE_DRYING
48.4,69.2,156.0,84,0,2.5,26.75468146116103,20,-1.23,-1.01,337,ACTIVE_DRYING
46.7,66.6,180.0,86,0,2.5,26.75468146116103,25,-1.65,-2.72,332,ACTIVE_DRYING
50.2,63.8,212.0,84,1,2.5,26.75468146116103,30,4.32,-1.7,327,ACTIVE_DRYING
50.6,63.1,183.0,68,0,2.5,26.75468146116103,35,-0.09,-0.22,322,ACTIVE_DRYING
49.7,60.1,307.0,70,0,2.5,26.75468146116103,40,-1.24,-2.01,317,ACTIVE_DRYING
48.4,59.5,247.0,70,0,2.5,26.75468146116103,45,-0.59,-0.93,312,ACTIVE_DRYING
48.4,57.5,318.0,70,0,2.5,26.75468146116103,50,-0.04,-1.58,307,ACTIVE_DRYING
48.6,57.4,358.0,71,0,2.5,26.75468146116103,55,-0.04,-1.14,302,ACTIVE_DRYING
48.4,55.3,404.0,70,0,2.5,26.75468146116103,60,0.03,-2.41,297,ACTIVE_DRYING
49.0,53.4,450.0,68,0,2.5,26.75468146116103,65,0.6,-1.84,292,ACTIVE_DRYING
48.5,52.3,376.0,68,0,2.5,26.75468146116103,70,-0.66,-1.05,287,ACTIVE_DRYING
48.3,50.7,445.0,68,0,2.5,26.75468146116103,75,0.02,-1.92,282,ACTIVE_DRYING
48.8,49.9,513.0,69,0,2.5,26.75468146116103,80,0.38,-0.88,277,ACTIVE_DRYING
49.4,48.6,577.0,69,0,2.5,26.75468146116103,85,0.21,-1.4,272,ACTIVE_DRYING
50.4,46.9,551.0,68,0,2.5,26.75468146116103,90,1.28,-2.03,267,ACTIVE_DRYING
51.0,46.1,542.0,72,0,2.5,26.75468146116103,95,0.62,-1.5,262,ACTIVE_DRYING
51.8,43.0,598.0,70,0,2.5,26.75468146116103,100,0.61,-2.62,257,ACTIVE_DRYING
52.4,42.8,577.0,55,0,2.5,26.75468146116103,105,0.75,-0.31,252,ACTIVE_DRYING
54.6,41.2,633.0,55,0,2.5,26.75468146116103,110,1.17,-1.87,247,ACTIVE_DRYING
54.0,40.3,603.0,57,0,2.5,26.75468146116103,115,0.38,-1.19,242,ACTIVE_DRYING
55.8,39.0,650.0,55,0,2.5,26.75468146116103,120,1.92,-1.05,237,ACTIVE_DRYING
57.1,37.1,615.0,53,0,2.5,26.75468146116103,125,1.17,-0.91,232,ACTIVE_DRYING
57.9,37.1,675.0,57,0,2.5,26.75468146116103,130,0.97,-0.92,227,ACTIVE_DRYING
57.6,35.5,758.0,54,0,2.5,26.75468146116103,135,0.08,-1.26,222,ACTIVE_DRYING
58.3,34.5,760.0,54,0,2.5,26.75468146116103,140,0.12,-0.04,217,NEAR_COMPLETE
58.6,33.8,734.0,56,0,2.5,26.75468146116103,145,-0.19,-0.56,212,NEAR_COMPLETE
57.8,33.0,720.0,57,0,2.5,26.75468146116103,150,-1.03,-0.61,207,NEAR_COMPLETE
57.7,31.4,729.0,56,0,2.5,26.75468146116103,155,0.13,-1.0,202,NEAR_COMPLETE
57.8,30.8,704.0,53,0,2.5,26.75468146116103,160,0.4,-1.38,197,NEAR_COMPLETE
58.1,29.6,754.0,54,0,2.5,26.75468146116103,165,-0.1,-1.16,192,NEAR_COMPLETE
57.6,29.1,764.0,53,0,2.5,26.75468146116103,170,0.22,-0.57,187,NEAR_COMPLETE
57.7,28.9,766.0,57,0,2.5,26.75468146116103,175,0.43,-0.66,182,COMPLETE
58.0,26.7,760.0,57,0,2.5,26.75468146116103,180,0.65,-1.85,177,COMPLETE
57.4,27.4,810.0,54,0,2.5,26.75468146116103,185,-0.44,-0.39,172,COMPLETE
58.1,25.7,796.0,54,0,2.5,26.75468146116103,190,1.13,-0.86,167,COMPLETE
57.9,25.0,727.0,53,0,2.5,26.75468146116103,195,-0.06,-0.25,162,COMPLETE
58.1,25.1,776.0,55,0,2.5,26.75468146116103,200,-0.0,-0.23,157,COMPLETE
58.4,24.3,741.0,57,0,2.5,26.75468146116103,205,-0.51,-1.42,152,COMPLETE
58.0,22.8,689.0,54,0,2.5,26.75468146116103,210,-0.2,-1.25,147,COMPLETE
58.0,22.4,722.0,54,0,2.5,26.75468146116103,215,-0.15,-0.8,142,COMPLETE
57.8,21.3,745.0,53,0,2.5,26.75468146116103,220,0.23,-1.27,137,COMPLETE
58.4,21.3,674.0,55,0,2.5,26.75468146116103,225,0.1,0.15,132,COMPLETE
57.9,20.3,611.0,55,0,2.5,26.75468146116103,230,-0.33,-0.89,127,COMPLETE
58.3,20.1,630.0,56,0,2.5,26.75468146116103,235,0.27,-1.28,122,COMPLETE
58.4,18.2,649.0,53,0,2.5,26.75468146116103,240,-0.44,-1.14,117,COMPLETE
57.8,18.0,658.0,55,0,2.5,26.75468146116103,245,-0.43,0.15,112,COMPLETE
58.0,18.3,610.0,55,0,2.5,26.75468146116103,250,-0.2,0.1,107,COMPLETE
58.2,17.8,583.0,54,0,2.5,26.75468146116103,255,-0.07,0.28,102,COMPLETE
58.3,18.6,563.0,54,0,2.5,26.75468146116103,260,-0.42,0.03,97,COMPLETE
58.5,18.3,526.0,57,0,2.5,26.75468146116103,265,-0.25,-0.62,92,COMPLETE
57.7,18.0,524.0,57,0,2.5,26.75468146116103,270,-0.36,-0.2,87,COMPLETE
58.3,17.8,476.0,53,0,2.5,26.75468146116103,275,0.34,0.52,82,COMPLETE
58.0,17.7,458.0,55,0,2.5,26.75468146116103,280,0.03,0.17,77,COMPLETE
57.9,18.2,391.0,56,0,2.5,26.75468146116103,285,-0.41,0.64,72,COMPLETE
57.7,18.7,419.0,53,0,2.5,26.75468146116103,290,0.07,-0.03,67,COMPLETE
57.1,18.4,383.0,56,0,2.5,26.75468146116103,295,-0.53,-0.46,62,COMPLETE
56.5,18.4,389.0,53,0,2.5,26.75468146116103,300,0.27,0.17,57,COMPLETE
56.3,18.0,397.0,53,0,2.5,26.75468146116103,305,0.32,0.02,52,COMPLETE
56.3,18.9,347.0,53,0,2.5,26.75468146116103,310,0.43,0.47,47,COMPLETE
55.5,18.6,284.0,53,0,2.5,26.75468146116103,315,-0.13,-0.88,42,COMPLETE
55.2,18.7,175.0,53,0,2.5,26.75468146116103,320,-0.56,-0.57,37,COMPLETE
54.1,18.0,234.0,54,0,2.5,26.75468146116103,325,-1.24,-0.21,32,COMPLETE
53.6,17.9,177.0,57,0,2.5,26.75468146116103,330,-0.76,0.75,27,COMPLETE
52.5,17.5,143.0,55,0,2.5,26.75468146116103,335,-0.96,-0.05,22,COMPLETE
51.5,17.8,124.0,57,0,2.5,26.75468146116103,340,-1.06,0.33,17,COMPLETE
49.9,18.0,99.0,56,0,2.5,26.75468146116103,345,-1.25,0.41,12,COMPLETE
48.4,18.2,16.0,53,0,2.5,26.75468146116103,350,-1.38,0.31,7,COMPLETE
46.9,18.1,50.0,55,0,2.5,26.75468146116103,355,-0.77,0.52,2,COMPLETE
33.6,71.4,28.0,39,1,1.4,31.35581689504396,0,-0.06,0.07,314,INITIAL
38.5,70.6,15.0,48,1,1.4,31.35581689504396,5,4.36,-1.95,309,INITIAL
41.9,68.1,40.0,58,1,1.4,31.35581689504396,10,3.67,-1.99,304,ACTIVE_DRYING
46.3,66.1,109.0,85,1,1.4,31.35581689504396,15,3.99,-1.59,299,ACTIVE_DRYING
50.4,64.9,215.0,87,1,1.4,31.35581689504396,20,3.4,-1.52,294,ACTIVE_DRYING
49.1,63.6,234.0,70,0,1.4,31.35581689504396,25,-1.34,-1.5,289,ACTIVE_DRYING
48.2,61.0,235.0,69,0,1.4,31.35581689504396,30,-0.46,-2.2,284,ACTIVE_DRYING
47.5,59.7,202.0,68,0,1.4,31.35581689504396,35,-0.43,-1.12,279,ACTIVE_DRYING
47.2,59.0,302.0,69,0,1.4,31.35581689504396,40,0.26,-1.45,274,ACTIVE_DRYING
47.4,57.2,328.0,70,0,1.4,31.35581689504396,45,0.41,-1.44,269,ACTIVE_DRYING
47.4,55.0,336.0,72,0,1.4,31.35581689504396,50,0.11,-1.88,264,ACTIVE_DRYING
47.4,53.9,359.0,71,0,1.4,31.35581689504396,55,-0.02,-1.11,259,ACTIVE_DRYING
46.8,52.5,412.0,71,0,1.4,31.35581689504396,60,-0.11,-1.82,254,ACTIVE_DRYING
47.3,51.0,461.0,70,0,1.4,31.35581689504396,65,0.58,-0.22,249,ACTIVE_DRYING
48.4,50.3,464.0,68,0,1.4,31.35581689504396,70,0.77,-0.63,244,ACTIVE_DRYING
48.4,48.8,445.0,72,0,1.4,31.35581689504396,75,-0.11,-1.53,239,ACTIVE_DRYING
49.5,46.7,566.0,69,0,1.4,31.35581689504396,80,0.9,-1.31,234,ACTIVE_DRYING
50.1,46.8,494.0,72,0,1.4,31.35581689504396,85,-0.11,-0.65,229,ACTIVE_DRYING
50.0,45.4,563.0,71,0,1.4,31.35581689504396,90,0.18,-1.54,224,ACTIVE_DRYING
50.4,46.0,588.0,70,0,1.4,31.35581689504396,95,0.45,-0.13,219,ACTIVE_DRYING
50.4,44.9,627.0,70,0,1.4,31.35581689504396,100,0.62,-0.67,214,ACTIVE_DRYING
51.8,43.3,644.0,57,0,1.4,31.35581689504396,105,2.08,-0.65,209,ACTIVE_DRYING
54.0,42.8,713.0,56,0,1.4,31.35581689504396,110,2.18,-0.07,204,ACTIVE_DRYING
54.9,42.6,726.0,57,0,1.4,31.35581689504396,115,1.24,-0.22,199,ACTIVE_DRYING
56.6,42.7,749.0,57,0,1.4,31.35581689504396,120,1.38,0.16,194,ACTIVE_DRYING
57.6,41.4,665.0,53,0,1.4,31.35581689504396,125,1.18,-1.06,189,ACTIVE_DRYING
57.1,40.8,732.0,57,0,1.4,31.35581689504396,130,0.46,-0.46,184,ACTIVE_DRYING
58.1,39.9,753.0,54,0,1.4,31.35581689504396,135,0.69,-1.17,179,ACTIVE_DRYING
57.7,39.5,771.0,54,0,1.4,31.35581689504396,140,-0.05,0.16,174,ACTIVE_DRYING
57.9,38.4,738.0,56,0,1.4,31.35581689504396,145,0.29,-0.9,169,ACTIVE_DRYING
58.1,37.7,735.0,53,0,1.4,31.35581689504396,150,0.42,0.31,164,ACTIVE_DRYING
58.1,36.2,786.0,57,0,1.4,31.35581689504396,155,0.04,-1.64,159,ACTIVE_DRYING
57.5,35.8,795.0,53,0,1.4,31.35581689504396,160,0.01,-1.25,154,ACTIVE_DRYING
58.2,34.6,718.0,54,0,1.4,31.35581689504396,165,0.58,-1.44,149,ACTIVE_DRYING
57.7,34.3,788.0,53,0,1.4,31.35581689504396,170,-0.52,-0.99,144,NEAR_COMPLETE
57.9,33.0,767.0,55,0,1.4,31.35581689504396,175,0.18,-1.03,139,NEAR_COMPLETE
58.3,32.2,745.0,57,0,1.4,31.35581689504396,180,0.28,-0.82,134,NEAR_COMPLETE
58.0,32.2,727.0,53,0,1.4,31.35581689504396,185,-0.34,-0.57,129,NEAR_COMPLETE
58.1,30.5,709.0,53,0,1.4,31.35581689504396,190,0.2,-1.61,124,NEAR_COMPLETE
57.7,29.5,695.0,56,0,1.4,31.35581689504396,195,0.07,-1.4,119,NEAR_COMPLETE
57.6,29.2,641.0,53,0,1.4,31.35581689504396,200,0.53,-1.09,114,NEAR_COMPLETE
58.3,28.3,693.0,55,0,1.4,31.35581689504396,205,0.56,-1.3,109,NEAR_COMPLETE
57.7,27.5,668.0,56,0,1.4,31.35581689504396,210,-0.27,-0.51,104,NEAR_COMPLETE
57.9,26.1,622.0,54,0,1.4,31.35581689504396,215,0.04,-0.31,99,COMPLETE
57.8,26.5,588.0,53,0,1.4,31.35581689504396,220,-0.39,0.48,94,COMPLETE
58.0,26.1,605.0,57,0,1.4,31.35581689504396,225,0.16,-1.94,89,COMPLETE
57.9,25.0,580.0,54,0,1.4,31.35581689504396,230,-0.11,-1.34,84,COMPLETE
57.8,24.2,523.0,57,0,1.4,31.35581689504396,235,0.11,0.02,79,COMPLETE
57.8,22.8,512.0,53,0,1.4,31.35581689504396,240,0.4,-1.12,74,COMPLETE
58.1,22.4,489.0,53,0,1.4,31.35581689504396,245,-0.26,-0.02,69,COMPLETE
57.8,22.2,414.0,53,0,1.4,31.35581689504396,250,-0.26,-0.55,64,COMPLETE
57.8,20.5,425.0,56,0,1.4,31.35581689504396,255,0.13,-1.21,59,COMPLETE
57.9,19.8,438.0,53,0,1.4,31.35581689504396,260,-0.07,0.47,54,COMPLETE
57.6,18.6,307.0,57,0,1.4,31.35581689504396,265,-0.23,-0.46,49,COMPLETE
57.2,19.5,342.0,53,0,1.4,31.35581689504396,270,-0.4,0.38,44,COMPLETE
56.2,18.0,238.0,53,0,1.4,31.35581689504396,275,-0.59,-1.35,39,COMPLETE
56.3,17.8,242.0,57,0,1.4,31.35581689504396,280,0.02,-0.22,34,COMPLETE
55.2,17.2,170.0,55,0,1.4,31.35581689504396,285,-1.2,0.21,29,COMPLETE
53.9,18.3,112.0,54,0,1.4,31.35581689504396,290,-1.14,1.19,24,COMPLETE
52.9,17.7,111.0,53,0,1.4,31.35581689504396,295,-1.57,-0.16,19,COMPLETE
51.2,18.2,79.0,57,0,1.4,31.35581689504396,300,-1.98,0.6,14,COMPLETE
50.0,17.7,83.0,54,0,1.4,31.35581689504396,305,-1.13,-0.53,9,COMPLETE
48.5,17.8,29.0,56,0,1.4,31.35581689504396,310,-1.1,0.15,4,COMPLETE
36.9,74.4,61.0,41,1,2.3,25.538741536105622,0,0.18,0.11,348,INITIAL
40.6,72.7,30.0,48,1,2.3,25.538741536105622,5,3.92,-1.8,343,INITIAL
45.7,71.7,90.0,61,1,2.3,25.538741536105622,10,4.36,-1.74,338,ACTIVE_DRYING
48.8,68.8,43.0,84,1,2.3,25.538741536105622,15,3.08,-3.43,333,ACTIVE_DRYING
47.4,66.7,153.0,84,0,2.3,25.538741536105622,20,-1.65,-1.31,328,ACTIVE_DRYING
50.3,65.0,147.0,83,1,2.3,25.538741536105622,25,3.49,-1.87,323,ACTIVE_DRYING
49.8,63.6,214.0,69,0,2.3,25.538741536105622,30,-0.85,-1.45,318,ACTIVE_DRYING
47.9,61.1,218.0,70,0,2.3,25.538741536105622,35,-1.29,-2.18,313,ACTIVE_DRYING
48.4,59.1,262.0,72,0,2.3,25.538741536105622,40,0.24,-1.33,308,ACTIVE_DRYING
47.6,57.4,343.0,71,0,2.3,25.538741536105622,45,-0.93,-0.88,303,ACTIVE_DRYING
46.4,57.6,354.0,71,0,2.3,25.538741536105622,50,-0.77,0.3,298,ACTIVE_DRYING
46.6,55.7,364.0,71,0,2.3,25.538741536105622,55,-0.04,-1.65,293,ACTIVE_DRYING
46.7,55.2,406.0,69,0,2.3,25.538741536105622,60,-0.07,-0.76,288,ACTIVE_DRYING
46.9,53.6,415.0,72,0,2.3,25.538741536105622,65,0.26,-1.73,283,ACTIVE_DRYING
47.2,52.9,429.0,69,0,2.3,25.538741536105622,70,-0.15,-0.78,278,ACTIVE_DRYING
47.1,51.3,451.0,69,0,2.3,25.538741536105622,75,-0.07,-1.44,273,ACTIVE_DRYING
47.4,50.7,453.0,72,0,2.3,25.538741536105622,80,0.42,-0.71,268,ACTIVE_DRYING
47.9,49.7,522.0,68,0,2.3,25.538741536105622,85,0.4,-1.82,263,ACTIVE_DRYING
48.7,48.4,556.0,72,0,2.3,25.538741536105622,90,0.45,-1.4,258,ACTIVE_DRYING
49.0,45.9,601.0,72,0,2.3,25.538741536105622,95,0.17,-1.22,253,ACTIVE_DRYING
50.1,45.9,587.0,68,0,2.3,25.538741536105622,100,1.06,0.35,248,ACTIVE_DRYING
50.3,45.1,616.0,69,0,2.3,25.538741536105622,105,0.83,-1.12,243,ACTIVE_DRYING
51.6,43.8,600.0,55,0,2.3,25.538741536105622,110,1.41,-0.27,238,ACTIVE_DRYING
52.8,42.7,688.0,56,0,2.3,25.538741536105622,115,1.34,-0.73,233,ACTIVE_DRYING
54.2,42.4,659.0,55,0,2.3,25.538741536105622,120,1.76,-1.12,228,ACTIVE_DRYING
55.7,39.8,664.0,53,0,2.3,25.538741536105622,125,1.49,-2.22,223,ACTIVE_DRYING
56.4,39.6,674.0,55,0,2.3,25.538741536105622,130,0.85,-0.61,218,ACTIVE_DRYING
58.0,38.1,737.0,55,0,2.3,25.538741536105622,135,1.89,-1.11,213,ACTIVE_DRYING
57.9,37.1,741.0,55,0,2.3,25.538741536105622,140,-0.01,-0.45,208,NEAR_COMPLETE
57.7,37.2,721.0,57,0,2.3,25.538741536105622,145,-0.08,-0.74,203,NEAR_COMPLETE
58.2,36.3,783.0,56,0,2.3,25.538741536105622,150,0.49,-1.51,198,NEAR_COMPLETE
58.1,35.3,733.0,56,0,2.3,25.538741536105622,155,-0.04,-1.68,193,NEAR_COMPLETE
58.3,33.2,725.0,54,0,2.3,25.538741536105622,160,-0.14,-1.61,188,NEAR_COMPLETE
58.3,32.7,756.0,56,0,2.3,25.538741536105622,165,-0.36,-0.61,183,NEAR_COMPLETE
57.8,30.9,777.0,57,0,2.3,25.538741536105622,170,0.02,-1.73,178,NEAR_COMPLETE
58.0,30.0,755.0,53,0,2.3,25.538741536105622,175,0.31,-0.06,173,NEAR_COMPLETE
58.3,28.8,733.0,53,0,2.3,25.538741536105622,180,0.04,-0.97,168,COMPLETE
58.2,28.2,790.0,53,0,2.3,25.538741536105622,185,-0.23,-0.99,163,COMPLETE
58.2,28.0,779.0,56,0,2.3,25.538741536105622,190,-0.39,-0.36,158,COMPLETE
58.0,27.0,739.0,56,0,2.3,25.538741536105622,195,0.13,-1.11,153,COMPLETE
57.6,26.6,713.0,53,0,2.3,25.538741536105622,200,-0.05,-0.95,148,COMPLETE
57.9,26.0,686.0,54,0,2.3,25.538741536105622,205,0.53,-1.28,143,COMPLETE
57.7,25.5,656.0,54,0,2.3,25.538741536105622,210,0.12,-1.38,138,COMPLETE
57.7,22.3,710.0,54,0,2.3,25.538741536105622,215,0.17,-2.47,133,COMPLETE
57.9,23.1,681.0,56,0,2.3,25.538741536105622,220,0.17,0.45,128,COMPLETE
57.5,21.5,718.0,57,0,2.3,25.538741536105622,225,0.04,-1.66,123,COMPLETE
57.8,20.4,676.0,55,0,2.3,25.538741536105622,230,0.4,-0.89,118,COMPLETE
58.2,19.4,660.0,57,0,2.3,25.538741536105622,235,0.02,-0.68,113,COMPLETE
58.3,19.0,640.0,56,0,2.3,25.538741536105622,240,-0.21,-0.13,108,COMPLETE
58.3,19.3,602.0,56,0,2.3,25.538741536105622,245,-0.28,-0.51,103,COMPLETE
57.7,17.6,556.0,56,0,2.3,25.538741536105622,250,-0.32,-0.98,98,COMPLETE
58.0,17.8,573.0,57,0,2.3,25.538741536105622,255,0.07,0.07,93,COMPLETE
57.5,17.6,533.0,53,0,2.3,25.538741536105622,260,-0.02,0.57,88,COMPLETE
57.8,17.4,541.0,55,0,2.3,25.538741536105622,265,0.38,0.13,83,COMPLETE
58.0,17.4,462.0,54,0,2.3,25.538741536105622,270,0.22,0.47,78,COMPLETE
58.4,17.7,458.0,54,0,2.3,25.538741536105622,275,-0.13,0.63,73,COMPLETE
57.9,18.1,448.0,54,0,2.3,25.538741536105622,280,-0.18,-0.0,68,COMPLETE
58.0,18.8,462.0,57,0,2.3,25.538741536105622,285,-0.08,0.08,63,COMPLETE
57.3,18.4,393.0,57,0,2.3,25.538741536105622,290,-0.73,-0.58,58,COMPLETE
56.8,17.6,390.0,57,0,2.3,25.538741536105622,295,-0.64,0.14,53,COMPLETE
56.8,17.5,414.0,56,0,2.3,25.538741536105622,300,0.4,0.04,48,COMPLETE
56.5,18.0,241.0,54,0,2.3,25.538741536105622,305,-0.7,0.41,43,COMPLETE
55.7,17.8,238.0,57,0,2.3,25.538741536105622,310,-0.81,0.38,38,COMPLETE
54.9,17.7,262.0,54,0,2.3,25.538741536105622,315,-0.64,-0.01,33,COMPLETE
54.1,17.4,158.0,56,0,2.3,25.538741536105622,320,-0.76,0.41,28,COMPLETE
52.5,18.1,132.0,55,0,2.3,25.538741536105622,325,-1.42,1.01,23,COMPLETE
52.7,18.4,158.0,57,0,2.3,25.538741536105622,330,-0.06,0.56,18,COMPLETE
50.8,17.6,82.0,56,0,2.3,25.538741536105622,335,-1.81,-0.02,13,COMPLETE
49.3,18.5,52.0,55,0,2.3,25.538741536105622,340,-1.26,0.35,8,COMPLETE
49.0,17.9,58.0,57,0,2.3,25.538741536105622,345,-0.6,-0.39,3,COMPLETE
35.9,71.0,0.0,41,1,1.5,38.432596022653385,0,0.11,0.06,246,INITIAL
40.6,69.4,79.0,49,1,1.5,38.432596022653385,5,4.49,-1.84,241,INITIAL
44.8,68.8,96.0,61,1,1.5,38.432596022653385,10,4.14,-1.33,236,ACTIVE_DRYING
49.7,66.5,136.0,83,1,1.5,38.432596022653385,15,3.72,-1.98,231,ACTIVE_DRYING
47.4,65.0,214.0,83,0,1.5,38.432596022653385,20,-2.1,-0.9,226,ACTIVE_DRYING
52.2,64.8,242.0,85,1,1.5,38.432596022653385,25,4.73,-0.84,221,ACTIVE_DRYING
50.3,63.9,239.0,71,0,1.5,38.432596022653385,30,-1.58,-1.1,216,ACTIVE_DRYING
50.8,62.0,336.0,70,0,1.5,38.432596022653385,35,-0.11,-1.79,211,ACTIVE_DRYING
50.8,61.3,372.0,68,0,1.5,38.432596022653385,40,0.15,-1.05,206,ACTIVE_DRYING
51.0,59.9,442.0,68,0,1.5,38.432596022653385,45,-0.21,-1.14,201,ACTIVE_DRYING
50.8,58.9,476.0,70,0,1.5,38.432596022653385,50,-0.74,-0.9,196,ACTIVE_DRYING
50.5,59.2,510.0,68,0,1.5,38.432596022653385,55,0.25,-0.24,191,ACTIVE_DRYING
51.7,57.1,554.0,72,0,1.5,38.432596022653385,60,0.84,-2.01,186,ACTIVE_DRYING
52.4,56.4,567.0,72,0,1.5,38.432596022653385,65,0.8,-0.46,181,ACTIVE_DRYING
52.5,55.3,598.0,69,0,1.5,38.432596022653385,70,0.98,-1.03,176,ACTIVE_DRYING
53.8,55.2,568.0,68,0,1.5,38.432596022653385,75,0.88,-0.87,171,ACTIVE_DRYING
54.5,53.9,646.0,71,0,1.5,38.432596022653385,80,0.94,-1.1,166,ACTIVE_DRYING
55.8,53.1,640.0,68,0,1.5,38.432596022653385,85,0.9,-0.35,161,ACTIVE_DRYING
56.2,52.0,671.0,70,0,1.5,38.432596022653385,90,0.17,-1.6,156,ACTIVE_DRYING
57.1,50.5,687.0,69,0,1.5,38.432596022653385,95,0.32,-1.59,151,ACTIVE_DRYING
57.7,49.8,713.0,71,0,1.5,38.432596022653385,100,0.53,0.27,146,ACTIVE_DRYING
57.6,50.2,691.0,70,0,1.5,38.432596022653385,105,0.24,0.09,141,ACTIVE_DRYING
57.9,48.6,731.0,71,0,1.5,38.432596022653385,110,0.38,-2.15,136,ACTIVE_DRYING
58.0,47.2,734.0,70,0,1.5,38.432596022653385,115,0.01,-1.57,131,ACTIVE_DRYING
58.0,45.7,786.0,68,0,1.5,38.432596022653385,120,0.1,-1.07,126,ACTIVE_DRYING
58.2,45.1,772.0,72,0,1.5,38.432596022653385,125,-0.09,-0.34,121,ACTIVE_DRYING
57.9,44.7,722.0,68,0,1.5,38.432596022653385,130,-0.25,-0.27,116,ACTIVE_DRYING
57.8,44.2,731.0,57,0,1.5,38.432596022653385,135,0.27,-2.02,111,ACTIVE_DRYING
57.9,42.0,703.0,55,0,1.5,38.432596022653385,140,0.31,-1.86,106,STABILIZING
58.2,42.0,686.0,57,0,1.5,38.432596022653385,145,0.14,-0.75,101,STABILIZING
57.8,39.4,727.0,53,0,1.5,38.432596022653385,150,0.07,-1.57,96,STABILIZING
58.2,38.1,684.0,56,0,1.5,38.432596022653385,155,-0.03,-1.21,91,STABILIZING
57.7,38.2,616.0,56,0,1.5,38.432596022653385,160,0.18,-0.64,86,STABILIZING
57.6,37.3,673.0,53,0,1.5,38.432596022653385,165,0.08,-0.34,81,STABILIZING
57.8,36.3,611.0,56,0,1.5,38.432596022653385,170,0.66,-0.62,76,STABILIZING
58.0,36.6,599.0,53,0,1.5,38.432596022653385,175,0.09,0.75,71,STABILIZING
57.6,36.9,563.0,53,0,1.5,38.432596022653385,180,-0.07,-1.37,66,STABILIZING
57.7,34.9,560.0,54,0,1.5,38.432596022653385,185,-0.41,-2.0,61,STABILIZING
58.0,34.0,501.0,57,0,1.5,38.432596022653385,190,0.05,-0.9,56,STABILIZING
57.6,33.0,400.0,54,0,1.5,38.432596022653385,195,-0.22,-0.36,51,STABILIZING
58.2,32.4,439.0,55,0,1.5,38.432596022653385,200,0.52,0.64,46,STABILIZING
57.5,33.0,420.0,55,0,1.5,38.432596022653385,205,-0.49,-0.08,41,NEAR_COMPLETE
57.0,31.1,329.0,53,0,1.5,38.432596022653385,210,-1.18,-1.42,36,NEAR_COMPLETE
56.0,31.0,275.0,57,0,1.5,38.432596022653385,215,-1.11,-0.02,31,NEAR_COMPLETE
54.4,30.6,267.0,53,0,1.5,38.432596022653385,220,-1.01,-0.38,26,NEAR_COMPLETE
54.7,30.2,187.0,53,0,1.5,38.432596022653385,225,0.09,-0.73,21,NEAR_COMPLETE
52.9,30.0,131.0,54,0,1.5,38.432596022653385,230,-1.55,-0.56,16,NEAR_COMPLETE
53.0,29.6,137.0,57,0,1.5,38.432596022653385,235,-0.4,-0.63,11,NEAR_COMPLETE
50.7,26.3,16.0,55,0,1.5,38.432596022653385,240,-1.97,-2.15,6,NEAR_COMPLETE
49.8,27.7,28.0,57,0,1.5,38.432596022653385,245,-1.01,1.54,1,NEAR_COMPLETE
35.0,71.1,0.0,40,1,2.6,36.80956539172361,0,0.25,0.08,257,INITIAL
39.9,69.8,72.0,49,1,2.6,36.80956539172361,5,5.16,-1.59,252,INITIAL
43.7,68.4,130.0,62,1,2.6,36.80956539172361,10,3.79,-2.04,247,ACTIVE_DRYING
48.4,66.2,206.0,86,1,2.6,36.80956539172361,15,4.66,-1.45,242,ACTIVE_DRYING
47.3,65.8,207.0,83,0,2.6,36.80956539172361,20,-1.08,-0.91,237,ACTIVE_DRYING
51.2,63.9,198.0,68,1,2.6,36.80956539172361,25,4.05,-1.8,232,ACTIVE_DRYING
50.8,61.7,254.0,69,0,2.6,36.80956539172361,30,-0.54,-1.76,227,ACTIVE_DRYING
50.5,61.4,311.0,68,0,2.6,36.80956539172361,35,-0.48,-0.86,222,ACTIVE_DRYING
50.4,60.3,331.0,68,0,2.6,36.80956539172361,40,-0.26,-1.05,217,ACTIVE_DRYING
49.9,59.0,376.0,71,0,2.6,36.80956539172361,45,-0.42,-0.51,212,ACTIVE_DRYING
50.5,58.4,424.0,72,0,2.6,36.80956539172361,50,0.45,-1.6,207,ACTIVE_DRYING
49.9,56.5,517.0,71,0,2.6,36.80956539172361,55,-0.08,-1.66,202,ACTIVE_DRYING
50.2,56.7,488.0,71,0,2.6,36.80956539172361,60,0.62,-0.15,197,ACTIVE_DRYING
51.1,54.8,527.0,70,0,2.6,36.80956539172361,65,0.84,-1.71,192,ACTIVE_DRYING
52.1,53.6,567.0,69,0,2.6,36.80956539172361,70,0.83,-1.08,187,ACTIVE_DRYING
52.3,52.7,560.0,72,0,2.6,36.80956539172361,75,0.07,-1.0,182,ACTIVE_DRYING
53.0,49.6,654.0,69,0,2.6,36.80956539172361,80,0.63,-2.35,177,ACTIVE_DRYING
54.1,49.6,658.0,72,0,2.6,36.80956539172361,85,1.04,-0.42,172,ACTIVE_DRYING
55.1,47.5,625.0,68,0,2.6,36.80956539172361,90,0.36,-2.06,167,ACTIVE_DRYING
55.6,46.9,663.0,70,0,2.6,36.80956539172361,95,0.08,-1.29,162,ACTIVE_DRYING
56.0,45.9,680.0,71,0,2.6,36.80956539172361,100,0.7,-1.96,157,ACTIVE_DRYING
56.9,45.2,692.0,56,0,2.6,36.80956539172361,105,1.09,-2.07,152,ACTIVE_DRYING
58.3,41.8,733.0,57,0,2.6,36.80956539172361,110,1.12,-2.85,147,ACTIVE_DRYING
57.8,41.8,790.0,55,0,2.6,36.80956539172361,115,-0.2,-0.72,142,ACTIVE_DRYING
57.7,38.7,762.0,56,0,2.6,36.80956539172361,120,0.35,-2.29,137,ACTIVE_DRYING
58.1,38.7,803.0,53,0,2.6,36.80956539172361,125,0.12,-0.58,132,NEAR_COMPLETE
57.3,38.2,735.0,56,0,2.6,36.80956539172361,130,-0.16,-1.45,127,NEAR_COMPLETE
58.0,37.2,750.0,56,0,2.6,36.80956539172361,135,0.42,-1.13,122,NEAR_COMPLETE
57.5,36.0,723.0,57,0,2.6,36.80956539172361,140,-0.33,-1.32,117,NEAR_COMPLETE
57.5,34.8,756.0,56,0,2.6,36.80956539172361,145,0.82,-1.08,112,NEAR_COMPLETE
58.5,34.2,712.0,53,0,2.6,36.80956539172361,150,0.98,-1.36,107,NEAR_COMPLETE
58.2,33.9,691.0,53,0,2.6,36.80956539172361,155,-0.35,-1.12,102,COMPLETE
58.0,31.9,700.0,56,0,2.6,36.80956539172361,160,0.05,-1.79,97,COMPLETE
58.0,29.8,697.0,53,0,2.6,36.80956539172361,165,-0.35,-1.74,92,COMPLETE
58.4,31.2,678.0,56,0,2.6,36.80956539172361,170,0.13,0.17,87,COMPLETE
57.7,28.6,634.0,56,0,2.6,36.80956539172361,175,-0.42,-1.72,82,COMPLETE
57.7,28.5,616.0,55,0,2.6,36.80956539172361,180,0.3,-0.22,77,COMPLETE
58.0,28.3,572.0,53,0,2.6,36.80956539172361,185,0.1,-1.19,72,COMPLETE
58.2,26.9,537.0,54,0,2.6,36.80956539172361,190,0.04,-1.26,67,COMPLETE
57.8,24.8,551.0,57,0,2.6,36.80956539172361,195,0.02,-1.5,62,COMPLETE
58.0,24.8,451.0,56,0,2.6,36.80956539172361,200,-0.1,0.15,57,COMPLETE
58.0,23.2,471.0,55,0,2.6,36.80956539172361,205,0.14,-0.52,52,COMPLETE
57.7,23.6,380.0,55,0,2.6,36.80956539172361,210,0.3,-0.26,47,COMPLETE
58.1,22.4,363.0,53,0,2.6,36.80956539172361,215,-0.14,-1.13,42,COMPLETE
57.1,20.7,287.0,53,0,2.6,36.80956539172361,220,-1.04,-1.61,37,COMPLETE
57.7,20.3,243.0,54,0,2.6,36.80956539172361,225,-0.1,-1.42,32,COMPLETE
55.5,18.6,231.0,55,0,2.6,36.80956539172361,230,-1.88,-0.79,27,COMPLETE
55.5,18.2,194.0,55,0,2.6,36.80956539172361,235,-0.07,-0.75,22,COMPLETE
54.3,17.7,148.0,54,0,2.6,36.80956539172361,240,-1.36,-0.39,17,COMPLETE
52.8,17.9,117.0,56,0,2.6,36.80956539172361,245,-1.39,0.61,12,COMPLETE
51.7,18.1,76.0,53,0,2.6,36.80956539172361,250,-0.83,0.09,7,COMPLETE
50.2,17.5,4.0,54,0,2.6,36.80956539172361,255,-1.24,-0.24,2,COMPLETE
36.2,73.9,54.0,39,1,2.0,36.9131271082095,0,-0.15,0.31,336,INITIAL
40.3,71.2,3.0,52,1,2.0,36.9131271082095,5,4.22,-2.62,331,INITIAL
44.5,69.8,5.0,59,1,2.0,36.9131271082095,10,4.11,-1.42,326,ACTIVE_DRYING
48.2,68.3,144.0,86,1,2.0,36.9131271082095,15,3.69,-1.35,321,ACTIVE_DRYING
46.6,67.5,137.0,84,0,2.0,36.9131271082095,20,-1.5,-1.77,316,ACTIVE_DRYING
50.3,66.5,158.0,84,1,2.0,36.9131271082095,25,3.94,-1.68,311,ACTIVE_DRYING
49.2,64.1,194.0,85,0,2.0,36.9131271082095,30,-0.76,-2.22,306,ACTIVE_DRYING
49.1,62.9,241.0,70,0,2.0,36.9131271082095,35,-0.32,-0.8,301,ACTIVE_DRYING
48.2,61.1,283.0,68,0,2.0,36.9131271082095,40,-0.51,-1.28,296,ACTIVE_DRYING
47.8,60.9,310.0,70,0,2.0,36.9131271082095,45,-0.14,-0.76,291,ACTIVE_DRYING
48.1,59.2,306.0,72,0,2.0,36.9131271082095,50,-0.17,-1.67,286,ACTIVE_DRYING
47.6,58.6,339.0,72,0,2.0,36.9131271082095,55,-0.5,-1.12,281,ACTIVE_DRYING
48.5,57.3,431.0,68,0,2.0,36.9131271082095,60,0.34,-1.81,276,ACTIVE_DRYING
48.6,56.0,404.0,71,0,2.0,36.9131271082095,65,0.29,-1.51,271,ACTIVE_DRYING
48.7,54.8,456.0,70,0,2.0,36.9131271082095,70,-0.29,-1.02,266,ACTIVE_DRYING
48.7,53.3,437.0,69,0,2.0,36.9131271082095,75,0.04,-1.39,261,ACTIVE_DRYING
49.0,52.3,535.0,69,0,2.0,36.9131271082095,80,0.36,-1.07,256,ACTIVE_DRYING
49.5,51.4,548.0,70,0,2.0,36.9131271082095,85,0.48,-1.26,251,ACTIVE_DRYING
49.9,49.8,537.0,69,0,2.0,36.9131271082095,90,0.4,-1.6,246,ACTIVE_DRYING
50.4,48.3,563.0,70,0,2.0,36.9131271082095,95,0.42,-1.2,241,ACTIVE_DRYING
51.0,47.4,622.0,69,0,2.0,36.9131271082095,100,0.35,-1.08,236,ACTIVE_DRYING
51.5,46.0,693.0,71,0,2.0,36.9131271082095,105,0.96,-0.82,231,ACTIVE_DRYING
52.1,44.5,667.0,71,0,2.0,36.9131271082095,110,1.2,-2.5,226,ACTIVE_DRYING
53.7,42.3,612.0,57,0,2.0,36.9131271082095,115,1.47,-1.72,221,ACTIVE_DRYING
55.1,41.2,705.0,56,0,2.0,36.9131271082095,120,1.43,-1.68,216,ACTIVE_DRYING
56.6,40.7,712.0,56,0,2.0,36.9131271082095,125,0.64,-0.69,211,ACTIVE_DRYING
56.9,39.9,699.0,54,0,2.0,36.9131271082095,130,0.5,-1.39,206,ACTIVE_DRYING
58.5,38.6,707.0,56,0,2.0,36.9131271082095,135,0.73,-1.11,201,ACTIVE_DRYING
58.4,37.6,779.0,53,0,2.0,36.9131271082095,140,-0.55,-0.75,196,ACTIVE_DRYING
57.6,35.9,703.0,57,0,2.0,36.9131271082095,145,-0.23,-1.68,191,ACTIVE_DRYING
57.8,34.8,748.0,56,0,2.0,36.9131271082095,150,0.36,-0.94,186,NEAR_COMPLETE
57.9,33.9,785.0,55,0,2.0,36.9131271082095,155,0.39,-1.34,181,NEAR_COMPLETE
57.9,34.6,748.0,57,0,2.0,36.9131271082095,160,0.16,0.18,176,NEAR_COMPLETE
58.2,32.6,713.0,57,0,2.0,36.9131271082095,165,-0.02,-1.7,171,NEAR_COMPLETE
58.0,33.2,713.0,56,0,2.0,36.9131271082095,170,-0.57,-0.44,166,NEAR_COMPLETE
58.1,32.4,714.0,53,0,2.0,36.9131271082095,175,-0.22,-1.83,161,NEAR_COMPLETE
58.1,30.6,733.0,55,0,2.0,36.9131271082095,180,-0.03,-1.42,156,COMPLETE
57.7,30.5,766.0,53,0,2.0,36.9131271082095,185,-0.61,-0.96,151,COMPLETE
58.3,29.2,765.0,57,0,2.0,36.9131271082095,190,0.34,-1.03,146,COMPLETE
57.9,29.0,694.0,54,0,2.0,36.9131271082095,195,-0.59,0.07,141,COMPLETE
58.0,27.8,731.0,54,0,2.0,36.9131271082095,200,-0.24,-1.66,136,COMPLETE
58.1,26.1,722.0,56,0,2.0,36.9131271082095,205,-0.06,-1.37,131,COMPLETE
58.0,24.0,681.0,54,0,2.0,36.9131271082095,210,-0.22,-1.03,126,COMPLETE
57.9,23.0,712.0,53,0,2.0,36.9131271082095,215,0.03,-0.41,121,COMPLETE
57.7,22.7,649.0,56,0,2.0,36.9131271082095,220,-0.18,-0.53,116,COMPLETE
58.5,20.8,632.0,54,0,2.0,36.9131271082095,225,0.12,-0.77,111,COMPLETE
58.4,20.8,679.0,57,0,2.0,36.9131271082095,230,-0.48,0.24,106,COMPLETE
57.4,20.0,579.0,57,0,2.0,36.9131271082095,235,-0.55,-0.46,101,COMPLETE
58.5,19.3,607.0,57,0,2.0,36.9131271082095,240,0.8,-1.06,96,COMPLETE
57.8,18.6,606.0,57,0,2.0,36.9131271082095,245,-0.23,-1.15,91,COMPLETE
57.7,17.4,534.0,55,0,2.0,36.9131271082095,250,0.68,-0.79,86,COMPLETE
57.9,17.9,481.0,56,0,2.0,36.9131271082095,255,0.25,0.42,81,COMPLETE
57.8,18.9,486.0,55,0,2.0,36.9131271082095,260,0.04,-0.11,76,COMPLETE
57.6,18.7,488.0,54,0,2.0,36.9131271082095,265,0.0,-0.95,71,COMPLETE
57.9,19.0,418.0,57,0,2.0,36.9131271082095,270,0.3,-0.75,66,COMPLETE
57.2,17.7,347.0,54,0,2.0,36.9131271082095,275,-0.59,-0.85,61,COMPLETE
56.3,17.6,362.0,54,0,2.0,36.9131271082095,280,-0.66,0.6,56,COMPLETE
56.4,17.8,323.0,57,0,2.0,36.9131271082095,285,0.88,0.41,51,COMPLETE
56.3,18.3,308.0,57,0,2.0,36.9131271082095,290,-0.29,0.47,46,COMPLETE
55.8,18.5,297.0,56,0,2.0,36.9131271082095,295,-0.63,-0.35,41,COMPLETE
53.9,18.3,205.0,57,0,2.0,36.9131271082095,300,-1.81,-0.49,36,COMPLETE
53.2,18.4,236.0,54,0,2.0,36.9131271082095,305,-0.94,-0.34,31,COMPLETE
51.6,17.8,158.0,53,0,2.0,36.9131271082095,310,-1.18,0.07,26,COMPLETE
50.5,18.0,160.0,55,0,2.0,36.9131271082095,315,-0.41,0.17,21,COMPLETE
50.1,17.9,147.0,56,0,2.0,36.9131271082095,320,-0.28,-0.39,16,COMPLETE
50.1,17.8,37.0,53,0,2.0,36.9131271082095,325,-0.86,-0.02,11,COMPLETE
47.9,18.0,11.0,56,0,2.0,36.9131271082095,330,-1.98,-0.1,6,COMPLETE
46.3,18.1,0.0,55,0,2.0,36.9131271082095,335,-1.41,0.13,1,COMPLETE
35.6,74.4,0.0,42,1,1.0,26.014061223579755,0,0.05,-0.2,202,INITIAL
40.3,72.4,75.0,52,1,1.0,26.014061223579755,5,5.09,-2.23,197,INITIAL
44.4,70.7,92.0,60,1,1.0,26.014061223579755,10,3.84,-1.18,192,ACTIVE_DRYING
48.1,69.4,153.0,85,1,1.0,26.014061223579755,15,3.5,-0.77,187,ACTIVE_DRYING
47.1,67.7,185.0,86,0,1.0,26.014061223579755,20,-1.17,-1.87,182,ACTIVE_DRYING
51.3,66.1,254.0,87,1,1.0,26.014061223579755,25,4.09,-1.42,177,ACTIVE_DRYING
50.4,66.6,342.0,85,0,1.0,26.014061223579755,30,-0.93,-0.43,172,ACTIVE_DRYING
50.5,64.2,398.0,87,0,1.0,26.014061223579755,35,-0.38,-3.49,167,ACTIVE_DRYING
49.8,61.7,437.0,70,0,1.0,26.014061223579755,40,-0.71,-1.76,162,ACTIVE_DRYING
50.3,62.4,535.0,72,0,1.0,26.014061223579755,45,0.22,-0.26,157,ACTIVE_DRYING
50.2,59.4,530.0,71,0,1.0,26.014061223579755,50,0.1,-2.41,152,ACTIVE_DRYING
51.6,58.1,532.0,72,0,1.0,26.014061223579755,55,0.71,-1.43,147,ACTIVE_DRYING
51.8,56.0,582.0,72,0,1.0,26.014061223579755,60,-0.11,-1.75,142,ACTIVE_DRYING
52.9,55.1,689.0,68,0,1.0,26.014061223579755,65,0.92,-2.15,137,ACTIVE_DRYING
53.1,53.5,672.0,71,0,1.0,26.014061223579755,70,0.71,-1.96,132,ACTIVE_DRYING
54.5,51.2,683.0,69,0,1.0,26.014061223579755,75,1.78,-2.16,127,ACTIVE_DRYING
55.6,49.8,724.0,72,0,1.0,26.014061223579755,80,1.11,-0.89,122,ACTIVE_DRYING
56.6,49.2,688.0,69,0,1.0,26.014061223579755,85,0.66,-0.16,117,ACTIVE_DRYING
57.2,48.9,723.0,72,0,1.0,26.014061223579755,90,0.31,-0.38,112,ACTIVE_DRYING
58.1,46.0,797.0,68,0,1.0,26.014061223579755,95,0.68,-2.43,107,ACTIVE_DRYING
57.9,45.3,749.0,69,0,1.0,26.014061223579755,100,0.47,-0.88,102,ACTIVE_DRYING
58.0,45.5,750.0,71,0,1.0,26.014061223579755,105,0.39,-1.05,97,ACTIVE_DRYING
57.7,43.6,783.0,54,0,1.0,26.014061223579755,110,0.29,-2.5,92,ACTIVE_DRYING
57.9,42.8,729.0,53,0,1.0,26.014061223579755,115,0.18,-1.52,87,STABILIZING
57.9,41.2,716.0,55,0,1.0,26.014061223579755,120,0.24,-2.61,82,NEAR_COMPLETE
58.4,39.5,719.0,57,0,1.0,26.014061223579755,125,0.06,-2.16,77,NEAR_COMPLETE
58.0,37.4,712.0,56,0,1.0,26.014061223579755,130,-0.34,-2.07,72,NEAR_COMPLETE
58.0,36.9,625.0,53,0,1.0,26.014061223579755,135,-0.28,-0.66,67,NEAR_COMPLETE
58.6,36.1,673.0,54,0,1.0,26.014061223579755,140,0.09,-1.91,62,NEAR_COMPLETE
57.9,34.5,593.0,53,0,1.0,26.014061223579755,145,-0.47,-1.81,57,NEAR_COMPLETE
58.2,33.5,567.0,54,0,1.0,26.014061223579755,150,0.11,-1.38,52,NEAR_COMPLETE
57.5,32.8,521.0,53,0,1.0,26.014061223579755,155,-0.36,-1.7,47,COMPLETE
57.8,30.6,454.0,54,0,1.0,26.014061223579755,160,0.44,-1.96,42,COMPLETE
58.1,29.5,401.0,54,0,1.0,26.014061223579755,165,0.15,-1.82,37,COMPLETE
58.1,28.6,365.0,57,0,1.0,26.014061223579755,170,-0.58,-0.68,32,COMPLETE
57.9,27.7,322.0,54,0,1.0,26.014061223579755,175,-0.79,-1.09,27,COMPLETE
56.0,27.2,226.0,55,0,1.0,26.014061223579755,180,-1.38,-1.79,22,COMPLETE
55.4,26.1,201.0,53,0,1.0,26.014061223579755,185,-0.78,-1.58,17,COMPLETE
54.0,24.8,142.0,54,0,1.0,26.014061223579755,190,-1.23,-1.3,12,COMPLETE
53.4,24.6,135.0,56,0,1.0,26.014061223579755,195,-0.55,-0.51,7,COMPLETE
52.1,24.3,8.0,57,0,1.0,26.014061223579755,200,-1.11,-0.28,2,COMPLETE
35.7,70.9,4.0,40,1,2.7,26.92945885495267,0,0.19,0.08,274,INITIAL
40.1,67.6,101.0,51,1,2.7,26.92945885495267,5,4.39,-2.8,269,INITIAL
44.6,65.5,64.0,62,1,2.7,26.92945885495267,10,4.08,-1.47,264,ACTIVE_DRYING
47.5,64.8,91.0,83,1,2.7,26.92945885495267,15,2.63,-0.42,259,ACTIVE_DRYING
51.9,64.2,148.0,70,1,2.7,26.92945885495267,20,4.22,-0.85,254,ACTIVE_DRYING
50.8,62.2,228.0,71,0,2.7,26.92945885495267,25,-0.92,-1.83,249,ACTIVE_DRYING
50.4,62.1,287.0,70,0,2.7,26.92945885495267,30,-0.01,-0.07,244,ACTIVE_DRYING
49.4,60.2,317.0,69,0,2.7,26.92945885495267,35,-0.36,-0.69,239,ACTIVE_DRYING
49.0,60.1,334.0,68,0,2.7,26.92945885495267,40,-0.26,-1.04,234,ACTIVE_DRYING
50.1,56.9,390.0,72,0,2.7,26.92945885495267,45,0.42,-2.43,229,ACTIVE_DRYING
49.7,55.3,385.0,69,0,2.7,26.92945885495267,50,-0.59,-0.56,224,ACTIVE_DRYING
49.6,56.2,484.0,72,0,2.7,26.92945885495267,55,-0.05,0.87,219,ACTIVE_DRYING
50.2,53.3,491.0,72,0,2.7,26.92945885495267,60,0.41,-1.1,214,ACTIVE_DRYING
50.7,54.1,530.0,68,0,2.7,26.92945885495267,65,0.52,-0.11,209,ACTIVE_DRYING
51.8,51.8,574.0,71,0,2.7,26.92945885495267,70,1.5,-1.98,204,ACTIVE_DRYING
52.4,50.4,552.0,70,0,2.7,26.92945885495267,75,0.68,-1.22,199,ACTIVE_DRYING
53.0,49.5,601.0,69,0,2.7,26.92945885495267,80,0.63,-0.66,194,ACTIVE_DRYING
54.0,47.7,641.0,70,0,2.7,26.92945885495267,85,0.8,-0.97,189,ACTIVE_DRYING
54.6,46.4,608.0,72,0,2.7,26.92945885495267,90,0.16,-0.33,184,ACTIVE_DRYING
55.3,46.0,618.0,68,0,2.7,26.92945885495267,95,0.24,-0.8,179,ACTIVE_DRYING
56.2,44.8,694.0,68,0,2.7,26.92945885495267,100,0.47,-0.86,174,ACTIVE_DRYING
57.5,43.5,694.0,54,0,2.7,26.92945885495267,105,1.1,-1.55,169,ACTIVE_DRYING
57.5,41.6,715.0,53,0,2.7,26.92945885495267,110,0.22,-1.61,164,ACTIVE_DRYING
57.6,40.7,732.0,55,0,2.7,26.92945885495267,115,0.46,-1.04,159,ACTIVE_DRYING
57.5,39.6,746.0,53,0,2.7,26.92945885495267,120,0.03,-0.87,154,ACTIVE_DRYING
57.9,38.6,756.0,55,0,2.7,26.92945885495267,125,0.42,-0.55,149,NEAR_COMPLETE
58.2,38.5,788.0,57,0,2.7,26.92945885495267,130,0.36,-0.31,144,NEAR_COMPLETE
58.4,36.5,791.0,53,0,2.7,26.92945885495267,135,-0.21,-1.06,139,NEAR_COMPLETE
57.4,34.7,768.0,56,0,2.7,26.92945885495267,140,-0.35,-1.17,134,NEAR_COMPLETE
57.8,34.3,763.0,54,0,2.7,26.92945885495267,145,0.55,0.05,129,NEAR_COMPLETE
57.9,33.6,758.0,54,0,2.7,26.92945885495267,150,0.35,-0.11,124,NEAR_COMPLETE
57.5,32.7,722.0,53,0,2.7,26.92945885495267,155,0.1,-0.47,119,NEAR_COMPLETE
58.2,30.9,764.0,54,0,2.7,26.92945885495267,160,0.68,-0.82,114,NEAR_COMPLETE
57.8,31.2,707.0,57,0,2.7,26.92945885495267,165,-0.39,-0.13,109,COMPLETE
57.8,29.8,722.0,53,0,2.7,26.92945885495267,170,0.14,-1.41,104,COMPLETE
58.2,29.3,676.0,54,0,2.7,26.92945885495267,175,0.48,-0.92,99,COMPLETE
58.4,28.6,714.0,56,0,2.7,26.92945885495267,180,-0.19,-0.94,94,COMPLETE
58.6,28.0,638.0,54,0,2.7,26.92945885495267,185,-0.59,-0.81,89,COMPLETE
57.6,26.2,619.0,54,0,2.7,26.92945885495267,190,-0.62,-0.61,84,COMPLETE
58.3,26.0,627.0,57,0,2.7,26.92945885495267,195,0.3,0.8,79,COMPLETE
58.6,25.8,620.0,56,0,2.7,26.92945885495267,200,-0.23,-0.18,74,COMPLETE
57.7,25.2,495.0,55,0,2.7,26.92945885495267,205,-1.04,-1.25,69,COMPLETE
57.9,24.3,488.0,56,0,2.7,26.92945885495267,210,0.59,-0.88,64,COMPLETE
57.8,23.5,444.0,57,0,2.7,26.92945885495267,215,0.34,-0.77,59,COMPLETE
58.0,23.3,465.0,53,0,2.7,26.92945885495267,220,0.12,-0.54,54,COMPLETE
57.2,23.2,343.0,53,0,2.7,26.92945885495267,225,-0.56,-0.45,49,COMPLETE
56.7,22.4,397.0,54,0,2.7,26.92945885495267,230,-0.42,-0.78,44,COMPLETE
56.3,20.5,353.0,55,0,2.7,26.92945885495267,235,0.58,-0.89,39,COMPLETE
56.2,20.3,273.0,54,0,2.7,26.92945885495267,240,0.1,0.42,34,COMPLETE
55.6,21.1,264.0,56,0,2.7,26.92945885495267,245,-0.09,-0.04,29,COMPLETE
55.4,20.0,174.0,57,0,2.7,26.92945885495267,250,-0.32,-1.71,24,COMPLETE
55.0,18.4,174.0,56,0,2.7,26.92945885495267,255,-0.48,-1.91,19,COMPLETE
53.5,17.8,118.0,55,0,2.7,26.92945885495267,260,-2.13,-0.11,14,COMPLETE
52.0,17.6,63.0,53,0,2.7,26.92945885495267,265,-1.58,-0.33,9,COMPLETE
51.0,18.3,42.0,54,0,2.7,26.92945885495267,270,-1.27,0.62,4,COMPLETE
35.1,73.3,0.0,41,1,2.9,31.30961240314537,0,0.1,0.1,214,INITIAL
40.2,72.3,46.0,48,1,2.9,31.30961240314537,5,4.62,-1.3,209,INITIAL
44.8,70.5,149.0,59,1,2.9,31.30961240314537,10,4.08,-1.43,204,ACTIVE_DRYING
48.3,69.4,171.0,86,1,2.9,31.30961240314537,15,3.12,-1.07,199,ACTIVE_DRYING
52.2,68.2,198.0,86,1,2.9,31.30961240314537,20,3.89,-1.79,194,ACTIVE_DRYING
51.5,65.5,284.0,86,0,2.9,31.30961240314537,25,-0.62,-2.92,189,ACTIVE_DRYING
51.1,63.4,326.0,86,0,2.9,31.30961240314537,30,-0.28,-1.64,184,ACTIVE_DRYING
50.7,61.7,361.0,68,0,2.9,31.30961240314537,35,-0.48,-0.43,179,ACTIVE_DRYING
51.0,61.5,447.0,69,0,2.9,31.30961240314537,40,-0.0,-0.22,174,ACTIVE_DRYING
50.6,59.6,460.0,68,0,2.9,31.30961240314537,45,0.05,-1.45,169,ACTIVE_DRYING
51.4,58.2,437.0,70,0,2.9,31.30961240314537,50,0.22,-0.48,164,ACTIVE_DRYING
51.3,58.3,615.0,68,0,2.9,31.30961240314537,55,0.3,-0.92,159,ACTIVE_DRYING
51.7,56.3,549.0,68,0,2.9,31.30961240314537,60,0.54,-2.14,154,ACTIVE_DRYING
52.7,55.2,629.0,68,0,2.9,31.30961240314537,65,0.37,-0.75,149,ACTIVE_DRYING
53.5,54.0,652.0,70,0,2.9,31.30961240314537,70,0.25,-1.26,144,ACTIVE_DRYING
53.9,52.0,618.0,70,0,2.9,31.30961240314537,75,-0.21,-1.2,139,ACTIVE_DRYING
54.0,51.1,699.0,69,0,2.9,31.30961240314537,80,0.37,-1.0,134,ACTIVE_DRYING
55.2,51.2,683.0,71,0,2.9,31.30961240314537,85,1.59,-0.73,129,ACTIVE_DRYING
56.3,48.9,752.0,70,0,2.9,31.30961240314537,90,1.39,-2.69,124,ACTIVE_DRYING
56.6,47.5,756.0,72,0,2.9,31.30961240314537,95,1.21,-0.73,119,ACTIVE_DRYING
58.3,48.1,762.0,71,0,2.9,31.30961240314537,100,1.2,0.03,114,ACTIVE_DRYING
57.7,46.2,754.0,68,0,2.9,31.30961240314537,105,-0.17,-1.92,109,ACTIVE_DRYING
57.8,45.0,716.0,68,0,2.9,31.30961240314537,110,0.67,-1.36,104,ACTIVE_DRYING
58.1,43.6,752.0,71,0,2.9,31.30961240314537,115,-0.04,-1.14,99,ACTIVE_DRYING
57.8,42.8,726.0,53,0,2.9,31.30961240314537,120,-0.38,-0.75,94,STABILIZING
57.8,43.5,739.0,57,0,2.9,31.30961240314537,125,-0.04,0.42,89,STABILIZING
58.3,41.0,710.0,55,0,2.9,31.30961240314537,130,0.19,-2.22,84,STABILIZING
57.8,39.7,664.0,54,0,2.9,31.30961240314537,135,-0.15,-1.3,79,STABILIZING
57.9,40.3,683.0,56,0,2.9,31.30961240314537,140,0.03,-1.2,74,NEAR_COMPLETE
57.5,37.2,663.0,54,0,2.9,31.30961240314537,145,-0.06,-2.13,69,NEAR_COMPLETE
57.6,37.3,541.0,56,0,2.9,31.30961240314537,150,0.67,-0.05,64,NEAR_COMPLETE
57.7,36.1,576.0,56,0,2.9,31.30961240314537,155,0.65,-0.71,59,NEAR_COMPLETE
58.3,36.2,579.0,56,0,2.9,31.30961240314537,160,0.04,-0.38,54,NEAR_COMPLETE
58.0,33.9,496.0,57,0,2.9,31.30961240314537,165,-0.53,-1.95,49,NEAR_COMPLETE
57.9,32.8,444.0,56,0,2.9,31.30961240314537,170,0.13,-1.43,44,NEAR_COMPLETE
57.8,32.6,431.0,57,0,2.9,31.30961240314537,175,0.16,-1.48,39,COMPLETE
57.9,30.4,402.0,54,0,2.9,31.30961240314537,180,0.02,-2.1,34,COMPLETE
56.9,28.6,271.0,56,0,2.9,31.30961240314537,185,-0.65,-1.26,29,COMPLETE
56.3,29.2,246.0,54,0,2.9,31.30961240314537,190,-0.09,-0.2,24,COMPLETE
55.9,27.8,210.0,53,0,2.9,31.30961240314537,195,-0.27,-2.3,19,COMPLETE
54.3,26.5,136.0,54,0,2.9,31.30961240314537,200,-1.2,-0.94,14,COMPLETE
53.3,25.0,141.0,56,0,2.9,31.30961240314537,205,-0.41,-0.83,9,COMPLETE
52.7,24.8,46.0,55,0,2.9,31.30961240314537,210,-0.81,-0.24,4,COMPLETE
35.4,75.7,12.0,40,1,2.8,29.901386251283526,0,0.05,0.28,298,INITIAL
38.8,74.1,31.0,48,1,2.8,29.901386251283526,5,3.68,-1.72,293,INITIAL
42.8,72.8,91.0,59,1,2.8,29.901386251283526,10,4.74,-1.36,288,ACTIVE_DRYING
46.2,70.8,52.0,84,1,2.8,29.901386251283526,15,3.55,-1.61,283,ACTIVE_DRYING
50.2,70.7,132.0,86,1,2.8,29.901386251283526,20,4.3,-0.68,278,ACTIVE_DRYING
48.3,68.2,122.0,86,0,2.8,29.901386251283526,25,-1.33,-2.41,273,ACTIVE_DRYING
47.2,65.5,172.0,84,0,2.8,29.901386251283526,30,-0.73,-1.67,268,ACTIVE_DRYING
51.6,64.8,239.0,87,1,2.8,29.901386251283526,35,4.51,-0.58,263,ACTIVE_DRYING
50.5,62.8,293.0,71,0,2.8,29.901386251283526,40,-0.82,-1.08,258,ACTIVE_DRYING
50.3,61.2,319.0,72,0,2.8,29.901386251283526,45,-0.3,-1.48,253,ACTIVE_DRYING
49.8,59.5,411.0,68,0,2.8,29.901386251283526,50,-0.75,-2.02,248,ACTIVE_DRYING
50.0,58.8,373.0,69,0,2.8,29.901386251283526,55,-0.06,-0.9,243,ACTIVE_DRYING
50.1,58.4,449.0,70,0,2.8,29.901386251283526,60,0.43,-0.9,238,ACTIVE_DRYING
50.6,56.0,511.0,68,0,2.8,29.901386251283526,65,0.73,-2.43,233,ACTIVE_DRYING
51.2,54.3,491.0,70,0,2.8,29.901386251283526,70,0.26,-1.65,228,ACTIVE_DRYING
50.8,53.3,589.0,68,0,2.8,29.901386251283526,75,0.43,-0.55,223,ACTIVE_DRYING
51.2,52.2,547.0,71,0,2.8,29.901386251283526,80,1.06,-1.59,218,ACTIVE_DRYING
51.1,50.0,542.0,70,0,2.8,29.901386251283526,85,0.57,-1.56,213,ACTIVE_DRYING
51.7,49.5,590.0,68,0,2.8,29.901386251283526,90,0.93,-0.87,208,ACTIVE_DRYING
53.3,47.5,671.0,68,0,2.8,29.901386251283526,95,0.74,-1.91,203,ACTIVE_DRYING
53.2,45.9,634.0,68,0,2.8,29.901386251283526,100,-0.14,-1.25,198,ACTIVE_DRYING
54.5,45.7,670.0,68,0,2.8,29.901386251283526,105,1.16,-0.41,193,ACTIVE_DRYING
54.7,44.2,726.0,72,0,2.8,29.901386251283526,110,0.37,-0.69,188,ACTIVE_DRYING
56.4,43.1,689.0,57,0,2.8,29.901386251283526,115,1.76,-0.71,183,ACTIVE_DRYING
57.6,41.6,660.0,54,0,2.8,29.901386251283526,120,1.15,-1.57,178,NEAR_COMPLETE
58.0,41.0,736.0,54,0,2.8,29.901386251283526,125,0.53,-1.28,173,NEAR_COMPLETE
57.9,39.8,738.0,56,0,2.8,29.901386251283526,130,0.25,-1.87,168,NEAR_COMPLETE
57.9,37.7,713.0,53,0,2.8,29.901386251283526,135,0.26,-1.41,163,NEAR_COMPLETE
57.6,37.9,779.0,55,0,2.8,29.901386251283526,140,0.14,-0.04,158,NEAR_COMPLETE
57.5,36.5,791.0,56,0,2.8,29.901386251283526,145,0.32,-1.41,153,NEAR_COMPLETE
57.7,35.9,803.0,55,0,2.8,29.901386251283526,150,0.65,-1.17,148,COMPLETE
58.4,33.9,772.0,57,0,2.8,29.901386251283526,155,0.52,-1.54,143,COMPLETE
57.8,32.1,736.0,56,0,2.8,29.901386251283526,160,-0.19,-0.96,138,COMPLETE
57.9,31.5,733.0,54,0,2.8,29.901386251283526,165,-0.1,-0.99,133,COMPLETE
57.7,29.8,722.0,56,0,2.8,29.901386251283526,170,0.02,-1.27,128,COMPLETE
57.5,30.0,669.0,54,0,2.8,29.901386251283526,175,0.29,-0.01,123,COMPLETE
57.7,27.7,655.0,53,0,2.8,29.901386251283526,180,0.44,-1.49,118,COMPLETE
58.3,27.2,734.0,53,0,2.8,29.901386251283526,185,0.52,-0.95,113,COMPLETE
57.7,25.8,696.0,54,0,2.8,29.901386251283526,190,-0.33,-1.69,108,COMPLETE
58.4,24.9,660.0,53,0,2.8,29.901386251283526,195,0.53,-0.69,103,COMPLETE
58.0,24.2,655.0,56,0,2.8,29.901386251283526,200,-0.75,-0.1,98,COMPLETE
58.3,23.1,688.0,53,0,2.8,29.901386251283526,205,-0.28,-0.43,93,COMPLETE
58.1,23.2,565.0,57,0,2.8,29.901386251283526,210,-0.02,-0.06,88,COMPLETE
57.7,23.4,614.0,53,0,2.8,29.901386251283526,215,-0.13,0.17,83,COMPLETE
58.1,21.8,501.0,54,0,2.8,29.901386251283526,220,0.11,-1.93,78,COMPLETE
57.7,20.8,499.0,55,0,2.8,29.901386251283526,225,-0.13,-0.92,73,COMPLETE
58.4,22.0,491.0,56,0,2.8,29.901386251283526,230,0.35,0.23,68,COMPLETE
58.2,18.4,463.0,53,0,2.8,29.901386251283526,235,-0.62,-2.05,63,COMPLETE
58.1,19.8,408.0,54,0,2.8,29.901386251283526,240,-0.69,0.58,58,COMPLETE
57.9,19.0,373.0,56,0,2.8,29.901386251283526,245,-0.45,-0.75,53,COMPLETE
58.5,18.6,410.0,54,0,2.8,29.901386251283526,250,0.47,-0.8,48,COMPLETE
57.7,18.3,305.0,57,0,2.8,29.901386251283526,255,-0.75,-0.95,43,COMPLETE
57.3,18.3,320.0,57,0,2.8,29.901386251283526,260,0.21,0.16,38,COMPLETE
56.8,19.0,289.0,54,0,2.8,29.901386251283526,265,-0.52,-0.37,33,COMPLETE
56.1,17.1,263.0,56,0,2.8,29.901386251283526,270,-0.66,-0.84,28,COMPLETE
55.0,18.3,165.0,53,0,2.8,29.901386251283526,275,-0.61,0.38,23,COMPLETE
54.1,17.5,123.0,56,0,2.8,29.901386251283526,280,-0.35,-0.02,18,COMPLETE
53.6,18.4,105.0,55,0,2.8,29.901386251283526,285,-0.83,1.1,13,COMPLETE
52.5,17.6,72.0,55,0,2.8,29.901386251283526,290,-0.88,-0.43,8,COMPLETE
50.2,17.6,8.0,57,0,2.8,29.901386251283526,295,-2.09,0.06,3,COMPLETE
35.3,71.1,34.0,41,1,2.2,33.62618650349936,0,0.45,-0.34,329,INITIAL
39.4,69.5,24.0,48,1,2.2,33.62618650349936,5,4.72,-1.75,324,INITIAL
44.1,67.3,91.0,61,1,2.2,33.62618650349936,10,4.67,-1.49,319,ACTIVE_DRYING
48.1,66.1,102.0,86,1,2.2,33.62618650349936,15,3.98,-1.03,314,ACTIVE_DRYING
46.2,65.7,114.0,86,0,2.2,33.62618650349936,20,-1.68,-0.77,309,ACTIVE_DRYING
49.4,65.1,157.0,86,1,2.2,33.62618650349936,25,3.5,-1.2,304,ACTIVE_DRYING
48.8,63.1,208.0,72,0,2.2,33.62618650349936,30,-0.34,-1.16,299,ACTIVE_DRYING
47.4,61.7,221.0,68,0,2.2,33.62618650349936,35,-1.36,-1.14,294,ACTIVE_DRYING
52.4,60.8,249.0,72,1,2.2,33.62618650349936,40,4.24,-0.91,289,ACTIVE_DRYING
51.6,59.1,324.0,71,0,2.2,33.62618650349936,45,-0.61,-1.61,284,ACTIVE_DRYING
51.0,58.4,339.0,72,0,2.2,33.62618650349936,50,-0.19,-0.91,279,ACTIVE_DRYING
51.0,57.7,388.0,69,0,2.2,33.62618650349936,55,0.14,-1.42,274,ACTIVE_DRYING
50.2,56.0,346.0,69,0,2.2,33.62618650349936,60,-0.64,-2.48,269,ACTIVE_DRYING
50.4,54.3,402.0,69,0,2.2,33.62618650349936,65,0.42,-2.61,264,ACTIVE_DRYING
50.1,52.5,456.0,69,0,2.2,33.62618650349936,70,-0.03,-0.84,259,ACTIVE_DRYING
51.0,51.7,457.0,72,0,2.2,33.62618650349936,75,0.39,-0.24,254,ACTIVE_DRYING
51.4,49.7,547.0,69,0,2.2,33.62618650349936,80,0.19,-0.73,249,ACTIVE_DRYING
51.6,49.6,539.0,71,0,2.2,33.62618650349936,85,0.55,0.19,244,ACTIVE_DRYING
52.6,49.2,585.0,68,0,2.2,33.62618650349936,90,0.88,-1.15,239,ACTIVE_DRYING
53.0,46.4,576.0,71,0,2.2,33.62618650349936,95,0.39,-2.16,234,ACTIVE_DRYING
53.6,46.1,606.0,68,0,2.2,33.62618650349936,100,0.89,0.06,229,ACTIVE_DRYING
54.1,45.6,638.0,70,0,2.2,33.62618650349936,105,1.2,-1.25,224,ACTIVE_DRYING
55.4,44.8,643.0,70,0,2.2,33.62618650349936,110,1.15,-1.8,219,ACTIVE_DRYING
56.1,43.5,629.0,55,0,2.2,33.62618650349936,115,0.54,-1.48,214,ACTIVE_DRYING
56.7,41.7,647.0,56,0,2.2,33.62618650349936,120,0.63,-2.29,209,ACTIVE_DRYING
57.4,40.1,708.0,57,0,2.2,33.62618650349936,125,1.21,-2.05,204,ACTIVE_DRYING
58.2,38.6,740.0,55,0,2.2,33.62618650349936,130,0.65,-0.84,199,ACTIVE_DRYING
58.1,39.1,737.0,54,0,2.2,33.62618650349936,135,-0.28,0.36,194,ACTIVE_DRYING
57.6,36.9,772.0,54,0,2.2,33.62618650349936,140,-0.55,-3.25,189,ACTIVE_DRYING
57.9,35.1,713.0,54,0,2.2,33.62618650349936,145,0.61,-1.21,184,ACTIVE_DRYING
57.9,35.0,785.0,53,0,2.2,33.62618650349936,150,0.1,0.12,179,ACTIVE_DRYING
58.0,35.0,731.0,57,0,2.2,33.62618650349936,155,0.39,-0.63,174,NEAR_COMPLETE
58.0,34.3,711.0,55,0,2.2,33.62618650349936,160,-0.06,-0.91,169,NEAR_COMPLETE
58.3,33.0,743.0,56,0,2.2,33.62618650349936,165,-0.37,-1.25,164,NEAR_COMPLETE
58.3,30.8,754.0,56,0,2.2,33.62618650349936,170,-0.11,-1.67,159,NEAR_COMPLETE
58.1,30.7,732.0,57,0,2.2,33.62618650349936,175,0.0,-0.12,154,NEAR_COMPLETE
57.5,29.6,808.0,55,0,2.2,33.62618650349936,180,-0.2,-1.39,149,NEAR_COMPLETE
57.9,27.9,701.0,57,0,2.2,33.62618650349936,185,0.59,-1.21,144,NEAR_COMPLETE
58.4,27.3,746.0,57,0,2.2,33.62618650349936,190,-0.14,-0.83,139,NEAR_COMPLETE
57.9,26.3,752.0,54,0,2.2,33.62618650349936,195,-0.15,-0.77,134,COMPLETE
57.9,25.4,713.0,55,0,2.2,33.62618650349936,200,0.05,-0.34,129,COMPLETE
57.9,24.6,709.0,57,0,2.2,33.62618650349936,205,0.24,0.08,124,COMPLETE
57.7,23.7,688.0,53,0,2.2,33.62618650349936,210,-0.01,-0.66,119,COMPLETE
57.6,23.9,710.0,54,0,2.2,33.62618650349936,215,-0.04,0.33,114,COMPLETE
57.9,23.3,607.0,53,0,2.2,33.62618650349936,220,0.25,-0.33,109,COMPLETE
58.1,23.1,608.0,56,0,2.2,33.62618650349936,225,0.17,-0.58,104,COMPLETE
58.0,21.5,615.0,54,0,2.2,33.62618650349936,230,-0.27,-0.88,99,COMPLETE
58.2,21.4,571.0,55,0,2.2,33.62618650349936,235,-0.24,-0.07,94,COMPLETE
58.3,21.4,544.0,57,0,2.2,33.62618650349936,240,0.15,0.44,89,COMPLETE
58.0,20.0,555.0,56,0,2.2,33.62618650349936,245,-0.4,-0.27,84,COMPLETE
58.2,19.5,542.0,53,0,2.2,33.62618650349936,250,0.13,0.37,79,COMPLETE
58.2,19.6,443.0,55,0,2.2,33.62618650349936,255,-0.35,0.46,74,COMPLETE
58.1,19.5,470.0,56,0,2.2,33.62618650349936,260,-0.31,-0.82,69,COMPLETE
58.3,18.9,438.0,55,0,2.2,33.62618650349936,265,0.27,-0.82,64,COMPLETE
57.8,18.1,382.0,54,0,2.2,33.62618650349936,270,-0.29,-1.19,59,COMPLETE
57.2,18.4,436.0,55,0,2.2,33.62618650349936,275,0.06,-0.6,54,COMPLETE
57.6,17.0,378.0,54,0,2.2,33.62618650349936,280,0.67,0.0,49,COMPLETE
56.6,18.2,293.0,56,0,2.2,33.62618650349936,285,-0.19,1.07,44,COMPLETE
56.5,17.7,277.0,54,0,2.2,33.62618650349936,290,-0.14,-0.06,39,COMPLETE
55.6,17.3,198.0,55,0,2.2,33.62618650349936,295,-0.97,0.19,34,COMPLETE
54.5,18.0,207.0,55,0,2.2,33.62618650349936,300,-0.83,0.64,29,COMPLETE
53.7,17.9,160.0,57,0,2.2,33.62618650349936,305,-1.25,0.11,24,COMPLETE
52.7,18.7,170.0,57,0,2.2,33.62618650349936,310,-1.2,-0.83,19,COMPLETE
52.1,18.8,122.0,53,0,2.2,33.62618650349936,315,-0.95,-0.67,14,COMPLETE
50.8,17.3,58.0,53,0,2.2,33.62618650349936,320,-1.36,-0.77,9,COMPLETE
48.9,18.5,25.0,57,0,2.2,33.62618650349936,325,-1.34,0.32,4,COMPLETE
35.4,70.6,22.0,38,1,1.6,32.904352544722975,0,-0.25,-0.08,357,INITIAL
39.3,70.1,15.0,51,1,1.6,32.904352544722975,5,4.03,0.21,352,INITIAL
43.0,69.3,45.0,58,1,1.6,32.904352544722975,10,4.13,-1.88,347,ACTIVE_DRYING
46.7,68.4,89.0,87,1,1.6,32.904352544722975,15,3.62,-1.71,342,ACTIVE_DRYING
51.0,65.7,163.0,85,1,1.6,32.904352544722975,20,4.72,-2.15,337,ACTIVE_DRYING
50.2,65.0,184.0,83,0,1.6,32.904352544722975,25,-1.08,-1.45,332,ACTIVE_DRYING
48.8,63.4,202.0,68,0,1.6,32.904352544722975,30,-1.5,-2.04,327,ACTIVE_DRYING
47.7,61.2,223.0,71,0,1.6,32.904352544722975,35,-0.72,-2.32,322,ACTIVE_DRYING
52.5,60.3,268.0,69,1,1.6,32.904352544722975,40,4.77,-1.39,317,ACTIVE_DRYING
51.6,57.3,284.0,71,0,1.6,32.904352544722975,45,-0.51,-2.98,312,ACTIVE_DRYING
50.9,56.3,314.0,71,0,1.6,32.904352544722975,50,-0.37,-0.38,307,ACTIVE_DRYING
51.2,54.7,358.0,69,0,1.6,32.904352544722975,55,-0.38,-1.17,302,ACTIVE_DRYING
50.4,55.0,336.0,72,0,1.6,32.904352544722975,60,-0.72,-0.56,297,ACTIVE_DRYING
50.2,54.5,377.0,68,0,1.6,32.904352544722975,65,-0.56,-0.94,292,ACTIVE_DRYING
49.5,52.5,436.0,68,0,1.6,32.904352544722975,70,-0.57,-2.01,287,ACTIVE_DRYING
50.1,50.5,490.0,72,0,1.6,32.904352544722975,75,0.39,-1.87,282,ACTIVE_DRYING
51.2,48.9,560.0,68,0,1.6,32.904352544722975,80,0.53,-1.58,277,ACTIVE_DRYING
50.8,47.2,515.0,70,0,1.6,32.904352544722975,85,-0.2,-0.25,272,ACTIVE_DRYING
51.4,47.1,556.0,70,0,1.6,32.904352544722975,90,0.54,-0.39,267,ACTIVE_DRYING
51.5,46.5,533.0,70,0,1.6,32.904352544722975,95,0.25,-1.65,262,ACTIVE_DRYING
51.9,43.7,541.0,68,0,1.6,32.904352544722975,100,0.62,-2.24,257,ACTIVE_DRYING
53.0,42.0,604.0,57,0,1.6,32.904352544722975,105,1.41,-2.01,252,ACTIVE_DRYING
53.8,41.9,626.0,57,0,1.6,32.904352544722975,110,1.31,-0.77,247,ACTIVE_DRYING
55.3,39.0,613.0,53,0,1.6,32.904352544722975,115,1.09,-1.6,242,ACTIVE_DRYING
56.0,37.4,684.0,53,0,1.6,32.904352544722975,120,0.95,-0.99,237,ACTIVE_DRYING
57.7,37.9,684.0,54,0,1.6,32.904352544722975,125,0.99,-0.79,232,NEAR_COMPLETE
58.4,36.8,661.0,53,0,1.6,32.904352544722975,130,0.76,-0.95,227,NEAR_COMPLETE
57.8,36.0,730.0,54,0,1.6,32.904352544722975,135,-0.04,-1.2,222,NEAR_COMPLETE
57.8,34.6,662.0,54,0,1.6,32.904352544722975,140,-0.02,-1.92,217,NEAR_COMPLETE
57.7,32.1,658.0,55,0,1.6,32.904352544722975,145,0.13,-1.57,212,NEAR_COMPLETE
57.6,32.5,698.0,55,0,1.6,32.904352544722975,150,0.08,-0.1,207,COMPLETE
58.2,30.4,712.0,56,0,1.6,32.904352544722975,155,0.66,-1.58,202,COMPLETE
58.1,29.0,707.0,55,0,1.6,32.904352544722975,160,-0.29,-0.85,197,COMPLETE
58.5,29.0,708.0,53,0,1.6,32.904352544722975,165,-0.06,0.67,192,COMPLETE
57.7,28.5,754.0,57,0,1.6,32.904352544722975,170,-0.25,-0.16,187,COMPLETE
58.3,28.4,732.0,53,0,1.6,32.904352544722975,175,0.23,-0.88,182,COMPLETE
58.7,26.7,733.0,53,0,1.6,32.904352544722975,180,-0.33,-1.4,177,COMPLETE
57.8,27.0,731.0,55,0,1.6,32.904352544722975,185,-1.03,-0.21,172,COMPLETE
58.5,25.7,718.0,53,0,1.6,32.904352544722975,190,-0.12,-0.94,167,COMPLETE
57.8,24.5,751.0,56,0,1.6,32.904352544722975,195,-0.55,-1.28,162,COMPLETE
58.4,23.7,764.0,55,0,1.6,32.904352544722975,200,0.06,-1.49,157,COMPLETE
58.0,22.7,734.0,55,0,1.6,32.904352544722975,205,-0.4,-0.7,152,COMPLETE
58.2,21.9,761.0,54,0,1.6,32.904352544722975,210,-0.09,-0.53,147,COMPLETE
58.3,21.0,720.0,54,0,1.6,32.904352544722975,215,-0.45,-1.41,142,COMPLETE
58.5,20.7,702.0,55,0,1.6,32.904352544722975,220,-0.14,-0.25,137,COMPLETE
57.9,19.3,708.0,57,0,1.6,32.904352544722975,225,-0.52,-1.99,132,COMPLETE
58.0,18.1,674.0,53,0,1.6,32.904352544722975,230,-0.13,-0.96,127,COMPLETE
58.3,17.8,694.0,57,0,1.6,32.904352544722975,235,-0.34,-0.34,122,COMPLETE
58.2,18.2,615.0,54,0,1.6,32.904352544722975,240,-0.37,0.39,117,COMPLETE
58.1,18.5,550.0,54,0,1.6,32.904352544722975,245,-0.35,-0.19,112,COMPLETE
57.9,18.3,644.0,53,0,1.6,32.904352544722975,250,0.1,-0.25,107,COMPLETE
58.1,17.9,588.0,56,0,1.6,32.904352544722975,255,0.26,-0.34,102,COMPLETE
57.6,18.5,610.0,56,0,1.6,32.904352544722975,260,0.09,0.23,97,COMPLETE
57.8,16.7,532.0,55,0,1.6,32.904352544722975,265,0.21,-0.68,92,COMPLETE
58.1,18.5,540.0,55,0,1.6,32.904352544722975,270,-0.27,1.27,87,COMPLETE
57.5,18.1,445.0,56,0,1.6,32.904352544722975,275,-0.06,-0.69,82,COMPLETE
57.5,18.3,479.0,56,0,1.6,32.904352544722975,280,0.7,-0.05,77,COMPLETE
58.5,17.7,385.0,54,0,1.6,32.904352544722975,285,0.09,-1.01,72,COMPLETE
57.3,18.2,405.0,53,0,1.6,32.904352544722975,290,-0.84,0.69,67,COMPLETE
57.5,18.1,322.0,57,0,1.6,32.904352544722975,295,0.16,0.03,62,COMPLETE
56.8,18.3,362.0,54,0,1.6,32.904352544722975,300,-0.98,0.13,57,COMPLETE
56.5,18.7,329.0,57,0,1.6,32.904352544722975,305,-0.02,0.34,52,COMPLETE
56.4,18.5,319.0,55,0,1.6,32.904352544722975,310,0.28,-0.65,47,COMPLETE
55.7,17.6,214.0,54,0,1.6,32.904352544722975,315,-0.72,-0.2,42,COMPLETE
55.3,16.9,185.0,55,0,1.6,32.904352544722975,320,-0.87,0.44,37,COMPLETE
54.9,17.9,151.0,55,0,1.6,32.904352544722975,325,-0.97,1.01,32,COMPLETE
53.9,17.7,213.0,55,0,1.6,32.904352544722975,330,-1.3,0.4,27,COMPLETE
52.3,16.6,160.0,56,0,1.6,32.904352544722975,335,-1.06,0.12,22,COMPLETE
52.1,18.7,92.0,53,0,1.6,32.904352544722975,340,-0.26,1.31,17,COMPLETE
50.4,18.0,50.0,53,0,1.6,32.904352544722975,345,-1.55,-0.74,12,COMPLETE
49.6,18.5,80.0,55,0,1.6,32.904352544722975,350,-0.87,-0.13,7,COMPLETE
47.5,18.1,34.0,56,0,1.6,32.904352544722975,355,-1.2,-0.26,2,COMPLETE
35.8,73.4,0.0,42,1,3.0,29.94193902193401,0,0.43,0.22,268,INITIAL
40.1,70.9,44.0,52,1,3.0,29.94193902193401,5,4.74,-1.16,263,INITIAL
44.4,70.2,78.0,61,1,3.0,29.94193902193401,10,3.81,-1.05,258,ACTIVE_DRYING
48.2,67.7,146.0,85,1,3.0,29.94193902193401,15,3.83,-3.02,253,ACTIVE_DRYING
47.3,65.9,207.0,84,0,3.0,29.94193902193401,20,-1.36,-1.22,248,ACTIVE_DRYING
50.4,65.2,239.0,85,1,3.0,29.94193902193401,25,3.31,-1.77,243,ACTIVE_DRYING
50.0,62.9,276.0,68,0,3.0,29.94193902193401,30,-0.55,-2.12,238,ACTIVE_DRYING
49.1,61.0,283.0,72,0,3.0,29.94193902193401,35,-0.5,-1.69,233,ACTIVE_DRYING
48.5,60.1,346.0,68,0,3.0,29.94193902193401,40,-0.07,-1.41,228,ACTIVE_DRYING
48.0,58.7,338.0,71,0,3.0,29.94193902193401,45,-0.06,-1.73,223,ACTIVE_DRYING
47.7,57.5,415.0,70,0,3.0,29.94193902193401,50,0.06,-1.55,218,ACTIVE_DRYING
47.8,55.9,458.0,69,0,3.0,29.94193902193401,55,-0.15,-2.77,213,ACTIVE_DRYING
47.4,53.8,507.0,69,0,3.0,29.94193902193401,60,-0.11,-2.12,208,ACTIVE_DRYING
48.2,53.0,571.0,68,0,3.0,29.94193902193401,65,1.17,-1.37,203,ACTIVE_DRYING
48.9,53.2,589.0,70,0,3.0,29.94193902193401,70,0.56,0.17,198,ACTIVE_DRYING
49.7,51.4,537.0,72,0,3.0,29.94193902193401,75,0.35,-1.81,193,ACTIVE_DRYING
48.5,50.8,601.0,70,0,3.0,29.94193902193401,80,-0.05,-0.74,188,ACTIVE_DRYING
50.4,48.7,667.0,70,0,3.0,29.94193902193401,85,1.78,-2.22,183,ACTIVE_DRYING
51.4,47.9,641.0,70,0,3.0,29.94193902193401,90,0.54,-1.36,178,ACTIVE_DRYING
52.2,46.3,694.0,72,0,3.0,29.94193902193401,95,0.88,-1.31,173,ACTIVE_DRYING
53.1,45.2,730.0,70,0,3.0,29.94193902193401,100,1.15,-1.94,168,ACTIVE_DRYING
54.6,43.2,673.0,57,0,3.0,29.94193902193401,105,1.75,-2.11,163,ACTIVE_DRYING
55.9,42.3,712.0,56,0,3.0,29.94193902193401,110,1.56,-1.78,158,ACTIVE_DRYING
57.8,40.3,749.0,54,0,3.0,29.94193902193401,115,1.7,-1.55,153,ACTIVE_DRYING
58.6,39.9,712.0,54,0,3.0,29.94193902193401,120,0.14,-0.75,148,ACTIVE_DRYING
57.8,38.5,749.0,54,0,3.0,29.94193902193401,125,-0.6,-0.93,143,NEAR_COMPLETE
58.1,37.8,751.0,56,0,3.0,29.94193902193401,130,0.39,-0.61,138,NEAR_COMPLETE
58.1,36.2,784.0,55,0,3.0,29.94193902193401,135,-0.63,-1.28,133,NEAR_COMPLETE
57.8,35.5,789.0,53,0,3.0,29.94193902193401,140,0.04,-0.64,128,NEAR_COMPLETE
58.1,35.0,743.0,56,0,3.0,29.94193902193401,145,0.28,-0.68,123,NEAR_COMPLETE
57.8,34.1,727.0,56,0,3.0,29.94193902193401,150,-0.03,-1.53,118,NEAR_COMPLETE
58.4,32.8,716.0,53,0,3.0,29.94193902193401,155,0.23,-1.43,113,COMPLETE
58.1,31.7,731.0,57,0,3.0,29.94193902193401,160,-0.43,-1.72,108,COMPLETE
57.8,30.6,745.0,57,0,3.0,29.94193902193401,165,-0.22,-1.8,103,COMPLETE
58.1,28.9,653.0,55,0,3.0,29.94193902193401,170,0.13,-0.5,98,COMPLETE
58.0,27.9,659.0,55,0,3.0,29.94193902193401,175,0.14,-0.44,93,COMPLETE
58.5,27.8,647.0,57,0,3.0,29.94193902193401,180,0.14,-1.73,88,COMPLETE
57.4,24.9,620.0,53,0,3.0,29.94193902193401,185,-0.54,-1.96,83,COMPLETE
58.6,24.7,595.0,54,0,3.0,29.94193902193401,190,0.79,0.21,78,COMPLETE
58.4,24.6,570.0,57,0,3.0,29.94193902193401,195,-0.85,-0.59,73,COMPLETE
57.8,22.4,573.0,57,0,3.0,29.94193902193401,200,-0.57,-0.85,68,COMPLETE
57.9,23.3,503.0,54,0,3.0,29.94193902193401,205,0.15,1.1,63,COMPLETE
58.4,22.9,465.0,57,0,3.0,29.94193902193401,210,-0.01,-1.0,58,COMPLETE
57.9,21.3,431.0,56,0,3.0,29.94193902193401,215,-0.91,-0.86,53,COMPLETE
57.8,20.3,401.0,53,0,3.0,29.94193902193401,220,-0.13,-0.52,48,COMPLETE
58.1,20.7,359.0,53,0,3.0,29.94193902193401,225,-0.03,0.02,43,COMPLETE
57.9,20.4,338.0,54,0,3.0,29.94193902193401,230,-0.17,-1.34,38,COMPLETE
58.4,17.9,257.0,56,0,3.0,29.94193902193401,235,0.14,-2.07,33,COMPLETE
57.2,18.0,216.0,56,0,3.0,29.94193902193401,240,-1.86,0.18,28,COMPLETE
56.1,18.1,250.0,53,0,3.0,29.94193902193401,245,-1.18,0.12,23,COMPLETE
55.4,17.3,121.0,55,0,3.0,29.94193902193401,250,-0.87,0.16,18,COMPLETE
53.9,17.7,86.0,55,0,3.0,29.94193902193401,255,-1.89,1.14,13,COMPLETE
52.7,17.6,78.0,55,0,3.0,29.94193902193401,260,-0.95,0.31,8,COMPLETE
51.6,17.5,0.0,53,0,3.0,29.94193902193401,265,-1.45,0.19,3,COMPLETE
35.0,72.8,4.0,42,1,1.5,37.22627280093142,0,-0.33,-0.18,309,INITIAL
38.9,72.4,0.0,52,1,1.5,37.22627280093142,5,4.25,-0.77,304,INITIAL
43.6,72.2,81.0,60,1,1.5,37.22627280093142,10,3.99,-1.62,299,ACTIVE_DRYING
47.0,68.4,109.0,85,1,1.5,37.22627280093142,15,3.41,-2.55,294,ACTIVE_DRYING
50.7,69.2,185.0,83,1,1.5,37.22627280093142,20,3.82,-0.27,289,ACTIVE_DRYING
49.3,67.3,164.0,87,0,1.5,37.22627280093142,25,-1.42,-2.04,284,ACTIVE_DRYING
48.0,65.7,208.0,85,0,1.5,37.22627280093142,30,-1.33,-2.22,279,ACTIVE_DRYING
47.7,64.9,259.0,86,0,1.5,37.22627280093142,35,-1.05,-2.52,274,ACTIVE_DRYING
52.2,62.1,338.0,71,1,1.5,37.22627280093142,40,4.49,-2.8,269,ACTIVE_DRYING
52.4,60.8,353.0,71,0,1.5,37.22627280093142,45,-0.34,-0.28,264,ACTIVE_DRYING
51.7,58.9,384.0,69,0,1.5,37.22627280093142,50,-0.49,-1.55,259,ACTIVE_DRYING
51.4,58.2,453.0,72,0,1.5,37.22627280093142,55,-0.21,-0.45,254,ACTIVE_DRYING
51.3,56.1,403.0,70,0,1.5,37.22627280093142,60,-0.19,-1.72,249,ACTIVE_DRYING
51.4,55.1,468.0,70,0,1.5,37.22627280093142,65,-0.2,-0.45,244,ACTIVE_DRYING
50.5,53.8,525.0,70,0,1.5,37.22627280093142,70,-0.62,-1.44,239,ACTIVE_DRYING
51.1,53.8,490.0,68,0,1.5,37.22627280093142,75,0.68,-0.09,234,ACTIVE_DRYING
51.2,51.5,539.0,70,0,1.5,37.22627280093142,80,-0.03,-2.09,229,ACTIVE_DRYING
51.6,50.7,559.0,70,0,1.5,37.22627280093142,85,-0.18,-0.54,224,ACTIVE_DRYING
51.8,50.8,613.0,71,0,1.5,37.22627280093142,90,0.26,-0.59,219,ACTIVE_DRYING
52.8,48.9,647.0,72,0,1.5,37.22627280093142,95,0.61,-1.43,214,ACTIVE_DRYING
53.4,47.8,639.0,70,0,1.5,37.22627280093142,100,0.86,-0.87,209,ACTIVE_DRYING
54.8,46.8,641.0,70,0,1.5,37.22627280093142,105,1.16,0.02,204,ACTIVE_DRYING
55.3,45.9,673.0,69,0,1.5,37.22627280093142,110,0.77,-1.33,199,ACTIVE_DRYING
56.6,43.7,704.0,69,0,1.5,37.22627280093142,115,1.01,-1.7,194,ACTIVE_DRYING
57.4,43.6,688.0,55,0,1.5,37.22627280093142,120,0.9,-0.06,189,ACTIVE_DRYING
58.0,42.2,704.0,57,0,1.5,37.22627280093142,125,0.22,-1.12,184,ACTIVE_DRYING
57.7,41.5,668.0,56,0,1.5,37.22627280093142,130,-0.32,-0.01,179,ACTIVE_DRYING
58.0,40.8,744.0,55,0,1.5,37.22627280093142,135,0.82,-0.14,174,ACTIVE_DRYING
58.3,39.3,788.0,57,0,1.5,37.22627280093142,140,0.06,-0.94,169,ACTIVE_DRYING
58.2,38.9,804.0,56,0,1.5,37.22627280093142,145,-0.41,-0.17,164,ACTIVE_DRYING
58.0,37.3,795.0,55,0,1.5,37.22627280093142,150,-0.39,-0.73,159,ACTIVE_DRYING
58.2,37.3,749.0,55,0,1.5,37.22627280093142,155,0.18,-0.32,154,ACTIVE_DRYING
58.1,36.2,766.0,54,0,1.5,37.22627280093142,160,-0.17,-1.38,149,ACTIVE_DRYING
58.1,34.8,766.0,56,0,1.5,37.22627280093142,165,-0.37,-1.35,144,ACTIVE_DRYING
57.9,35.2,696.0,57,0,1.5,37.22627280093142,170,0.17,0.0,139,STABILIZING
58.1,33.6,766.0,56,0,1.5,37.22627280093142,175,-0.05,-1.35,134,STABILIZING
58.2,33.6,715.0,57,0,1.5,37.22627280093142,180,-0.12,0.24,129,STABILIZING
58.2,32.7,659.0,53,0,1.5,37.22627280093142,185,-0.22,-0.66,124,STABILIZING
58.0,32.9,710.0,53,0,1.5,37.22627280093142,190,-0.39,0.03,119,STABILIZING
58.2,32.1,679.0,56,0,1.5,37.22627280093142,195,-0.11,-0.87,114,NEAR_COMPLETE
58.0,32.2,700.0,57,0,1.5,37.22627280093142,200,-0.09,-0.43,109,NEAR_COMPLETE
58.2,30.4,707.0,55,0,1.5,37.22627280093142,205,0.02,-1.25,104,NEAR_COMPLETE
58.4,28.5,613.0,57,0,1.5,37.22627280093142,210,-0.32,-0.95,99,NEAR_COMPLETE
57.6,28.6,585.0,56,0,1.5,37.22627280093142,215,-0.36,-0.08,94,NEAR_COMPLETE
58.4,27.3,568.0,57,0,1.5,37.22627280093142,220,0.39,-1.27,89,NEAR_COMPLETE
57.9,27.2,576.0,57,0,1.5,37.22627280093142,225,-0.09,-0.94,84,NEAR_COMPLETE
58.2,25.9,494.0,54,0,1.5,37.22627280093142,230,0.24,-0.8,79,NEAR_COMPLETE
58.3,25.4,516.0,55,0,1.5,37.22627280093142,235,-0.72,-1.13,74,NEAR_COMPLETE
57.6,24.7,482.0,56,0,1.5,37.22627280093142,240,0.01,-1.08,69,COMPLETE
57.7,23.2,444.0,56,0,1.5,37.22627280093142,245,0.33,-1.53,64,COMPLETE
57.6,22.2,442.0,53,0,1.5,37.22627280093142,250,-0.09,-1.24,59,COMPLETE
57.6,21.3,425.0,55,0,1.5,37.22627280093142,255,-0.38,-0.07,54,COMPLETE
57.5,20.5,355.0,54,0,1.5,37.22627280093142,260,-0.92,-0.57,49,COMPLETE
57.4,21.3,365.0,56,0,1.5,37.22627280093142,265,-0.56,0.95,44,COMPLETE
56.0,20.4,313.0,56,0,1.5,37.22627280093142,270,-1.13,-0.71,39,COMPLETE
55.4,19.5,268.0,55,0,1.5,37.22627280093142,275,0.29,-0.93,34,COMPLETE
55.8,19.1,239.0,57,0,1.5,37.22627280093142,280,0.09,-0.38,29,COMPLETE
54.2,18.2,131.0,57,0,1.5,37.22627280093142,285,-1.75,-0.58,24,COMPLETE
54.0,18.1,172.0,56,0,1.5,37.22627280093142,290,-0.46,-0.57,19,COMPLETE
52.7,17.6,135.0,55,0,1.5,37.22627280093142,295,-0.86,-0.48,14,COMPLETE
51.1,18.2,122.0,53,0,1.5,37.22627280093142,300,-0.84,0.33,9,COMPLETE
50.7,17.6,34.0,55,0,1.5,37.22627280093142,305,-0.99,-0.24,4,COMPLETE
35.4,73.4,26.0,41,1,1.9,34.920341615425826,0,-0.1,0.22,338,INITIAL
40.2,71.1,17.0,48,1,1.9,34.920341615425826,5,4.28,-2.12,333,INITIAL
44.3,69.9,76.0,58,1,1.9,34.920341615425826,10,4.15,-0.21,328,ACTIVE_DRYING
48.0,68.5,92.0,86,1,1.9,34.920341615425826,15,3.25,-1.86,323,ACTIVE_DRYING
51.2,67.8,133.0,83,1,1.9,34.920341615425826,20,2.9,-1.14,318,ACTIVE_DRYING
49.0,65.6,182.0,87,0,1.9,34.920341615425826,25,-1.98,-1.66,313,ACTIVE_DRYING
48.1,65.5,219.0,86,0,1.9,34.920341615425826,30,-0.92,-0.53,308,ACTIVE_DRYING
47.4,64.0,255.0,68,0,1.9,34.920341615425826,35,-1.14,-1.66,303,ACTIVE_DRYING
51.8,62.2,264.0,71,1,1.9,34.920341615425826,40,4.54,-2.13,298,ACTIVE_DRYING
51.2,60.4,278.0,68,0,1.9,34.920341615425826,45,-0.59,-1.74,293,ACTIVE_DRYING
51.3,59.4,308.0,71,0,1.9,34.920341615425826,50,-0.25,-0.7,288,ACTIVE_DRYING
50.9,59.7,366.0,70,0,1.9,34.920341615425826,55,0.23,-0.41,283,ACTIVE_DRYING
51.5,57.7,412.0,69,0,1.9,34.920341615425826,60,0.01,-1.64,278,ACTIVE_DRYING
50.8,56.8,461.0,68,0,1.9,34.920341615425826,65,-0.74,-1.04,273,ACTIVE_DRYING
51.1,54.7,514.0,72,0,1.9,34.920341615425826,70,0.43,-1.4,268,ACTIVE_DRYING
51.3,53.3,447.0,69,0,1.9,34.920341615425826,75,0.1,-1.41,263,ACTIVE_DRYING
51.1,51.7,442.0,68,0,1.9,34.920341615425826,80,-0.18,-1.37,258,ACTIVE_DRYING
51.2,51.0,480.0,68,0,1.9,34.920341615425826,85,0.82,-0.8,253,ACTIVE_DRYING
52.3,50.0,567.0,72,0,1.9,34.920341615425826,90,1.15,-1.46,248,ACTIVE_DRYING
52.2,48.6,556.0,69,0,1.9,34.920341615425826,95,0.68,-1.26,243,ACTIVE_DRYING
53.5,48.0,582.0,72,0,1.9,34.920341615425826,100,1.36,-1.75,238,ACTIVE_DRYING
54.2,45.5,648.0,71,0,1.9,34.920341615425826,105,1.28,-1.76,233,ACTIVE_DRYING
55.4,44.2,654.0,72,0,1.9,34.920341615425826,110,0.89,-0.56,228,ACTIVE_DRYING
55.8,43.2,644.0,53,0,1.9,34.920341615425826,115,0.98,-0.47,223,ACTIVE_DRYING
57.4,42.5,635.0,55,0,1.9,34.920341615425826,120,0.72,-0.66,218,ACTIVE_DRYING
58.2,42.4,724.0,56,0,1.9,34.920341615425826,125,0.84,-0.33,213,ACTIVE_DRYING
57.9,41.0,674.0,54,0,1.9,34.920341615425826,130,0.19,-1.6,208,ACTIVE_DRYING
57.8,39.7,730.0,54,0,1.9,34.920341615425826,135,0.18,-1.25,203,ACTIVE_DRYING
58.4,39.8,761.0,57,0,1.9,34.920341615425826,140,0.01,-0.84,198,ACTIVE_DRYING
57.9,37.9,725.0,57,0,1.9,34.920341615425826,145,-0.36,-1.05,193,ACTIVE_DRYING
58.0,37.1,736.0,56,0,1.9,34.920341615425826,150,0.22,-1.09,188,ACTIVE_DRYING
58.5,37.1,776.0,54,0,1.9,34.920341615425826,155,-0.15,-1.59,183,ACTIVE_DRYING
57.5,35.8,718.0,54,0,1.9,34.920341615425826,160,-0.43,-1.18,178,ACTIVE_DRYING
57.8,34.0,721.0,55,0,1.9,34.920341615425826,165,0.45,-1.26,173,ACTIVE_DRYING
57.4,33.7,736.0,54,0,1.9,34.920341615425826,170,0.41,-0.21,168,ACTIVE_DRYING
58.0,32.3,777.0,55,0,1.9,34.920341615425826,175,0.79,-2.02,163,ACTIVE_DRYING
57.7,30.5,756.0,55,0,1.9,34.920341615425826,180,0.19,-1.24,158,ACTIVE_DRYING
57.4,30.0,756.0,57,0,1.9,34.920341615425826,185,0.64,-1.28,153,NEAR_COMPLETE
57.9,29.0,734.0,53,0,1.9,34.920341615425826,190,0.56,-0.66,148,NEAR_COMPLETE
58.0,28.3,742.0,53,0,1.9,34.920341615425826,195,-0.13,-1.82,143,NEAR_COMPLETE
58.0,27.1,731.0,56,0,1.9,34.920341615425826,200,0.19,-0.84,138,NEAR_COMPLETE
58.0,27.4,790.0,57,0,1.9,34.920341615425826,205,-0.23,-0.42,133,NEAR_COMPLETE
58.0,25.9,690.0,56,0,1.9,34.920341615425826,210,0.16,-1.24,128,NEAR_COMPLETE
58.1,25.4,688.0,53,0,1.9,34.920341615425826,215,-0.14,-0.36,123,NEAR_COMPLETE
58.3,25.0,637.0,57,0,1.9,34.920341615425826,220,-0.06,-0.27,118,NEAR_COMPLETE
58.0,24.9,655.0,56,0,1.9,34.920341615425826,225,-0.28,-0.25,113,COMPLETE
58.0,24.8,631.0,55,0,1.9,34.920341615425826,230,0.05,-0.78,108,COMPLETE
57.9,23.4,588.0,55,0,1.9,34.920341615425826,235,0.3,-1.2,103,COMPLETE
58.2,23.2,605.0,53,0,1.9,34.920341615425826,240,0.28,0.19,98,COMPLETE
58.1,22.6,578.0,55,0,1.9,34.920341615425826,245,-0.52,-0.81,93,COMPLETE
58.1,21.7,542.0,55,0,1.9,34.920341615425826,250,-0.18,-1.95,88,COMPLETE
58.1,20.3,518.0,53,0,1.9,34.920341615425826,255,-0.19,-1.44,83,COMPLETE
58.2,19.0,483.0,53,0,1.9,34.920341615425826,260,-0.25,-2.04,78,COMPLETE
58.0,18.7,432.0,57,0,1.9,34.920341615425826,265,-0.25,-0.8,73,COMPLETE
57.8,17.1,457.0,54,0,1.9,34.920341615425826,270,-0.25,-0.92,68,COMPLETE
58.2,17.8,480.0,55,0,1.9,34.920341615425826,275,0.1,1.22,63,COMPLETE
58.0,17.5,351.0,54,0,1.9,34.920341615425826,280,-0.65,0.05,58,COMPLETE
58.3,17.1,388.0,55,0,1.9,34.920341615425826,285,-0.12,0.78,53,COMPLETE
56.8,18.1,287.0,54,0,1.9,34.920341615425826,290,-0.88,1.13,48,COMPLETE
56.9,17.9,312.0,57,0,1.9,34.920341615425826,295,-0.05,0.45,43,COMPLETE
56.5,18.8,298.0,55,0,1.9,34.920341615425826,300,-0.37,0.08,38,COMPLETE
56.3,17.7,274.0,53,0,1.9,34.920341615425826,305,-0.38,-1.14,33,COMPLETE
55.1,17.8,199.0,57,0,1.9,34.920341615425826,310,-1.44,0.48,28,COMPLETE
54.3,18.2,142.0,54,0,1.9,34.920341615425826,315,-1.0,0.03,23,COMPLETE
52.7,17.8,96.0,55,0,1.9,34.920341615425826,320,-2.28,-0.55,18,COMPLETE
50.6,18.2,49.0,53,0,1.9,34.920341615425826,325,-2.22,0.33,13,COMPLETE
49.7,17.8,66.0,54,0,1.9,34.920341615425826,330,-1.06,-0.4,8,COMPLETE
48.4,17.0,14.0,57,0,1.9,34.920341615425826,335,-1.46,0.34,3,COMPLETE
32.2,71.6,2.0,38,1,2.3,36.02588395134324,0,0.15,-0.32,180,INITIAL
36.8,71.2,68.0,50,1,2.3,36.02588395134324,5,5.07,-0.59,175,INITIAL
41.4,69.5,91.0,62,1,2.3,36.02588395134324,10,4.29,-2.18,170,ACTIVE_DRYING
45.1,67.1,225.0,87,1,2.3,36.02588395134324,15,3.27,-2.41,165,ACTIVE_DRYING
49.4,66.0,279.0,86,1,2.3,36.02588395134324,20,4.6,-1.46,160,ACTIVE_DRYING
48.0,65.3,276.0,84,0,2.3,36.02588395134324,25,-1.23,-1.47,155,ACTIVE_DRYING
48.9,62.7,376.0,72,0,2.3,36.02588395134324,30,0.61,-2.33,150,ACTIVE_DRYING
49.2,61.2,439.0,72,0,2.3,36.02588395134324,35,0.34,-1.33,145,ACTIVE_DRYING
49.4,61.1,444.0,70,0,2.3,36.02588395134324,40,-0.04,-0.43,140,ACTIVE_DRYING
49.5,58.8,468.0,72,0,2.3,36.02588395134324,45,0.38,-2.93,135,ACTIVE_DRYING
50.9,57.7,544.0,70,0,2.3,36.02588395134324,50,0.9,-0.66,130,ACTIVE_DRYING
50.6,55.9,558.0,69,0,2.3,36.02588395134324,55,-0.14,-1.52,125,ACTIVE_DRYING
51.4,55.4,655.0,69,0,2.3,36.02588395134324,60,0.94,-1.05,120,ACTIVE_DRYING
52.3,53.2,718.0,70,0,2.3,36.02588395134324,65,0.66,-2.03,115,ACTIVE_DRYING
53.9,52.2,704.0,72,0,2.3,36.02588395134324,70,0.88,-1.3,110,ACTIVE_DRYING
54.2,50.7,689.0,70,0,2.3,36.02588395134324,75,0.94,-1.46,105,ACTIVE_DRYING
55.4,49.2,718.0,71,0,2.3,36.02588395134324,80,0.92,-1.47,100,ACTIVE_DRYING
56.4,48.4,747.0,70,0,2.3,36.02588395134324,85,0.59,-0.35,95,ACTIVE_DRYING
57.2,46.3,724.0,71,0,2.3,36.02588395134324,90,1.22,-1.32,90,ACTIVE_DRYING
57.7,48.6,693.0,70,0,2.3,36.02588395134324,95,0.68,1.16,85,ACTIVE_DRYING
58.2,44.7,719.0,72,0,2.3,36.02588395134324,100,0.42,-3.8,80,STABILIZING
57.8,45.7,712.0,68,0,2.3,36.02588395134324,105,-0.08,-0.21,75,STABILIZING
57.6,43.6,662.0,55,0,2.3,36.02588395134324,110,0.25,-2.21,70,STABILIZING
58.2,41.6,680.0,54,0,2.3,36.02588395134324,115,0.72,-0.85,65,STABILIZING
57.7,41.4,593.0,55,0,2.3,36.02588395134324,120,-0.37,-0.03,60,STABILIZING
58.1,41.0,558.0,53,0,2.3,36.02588395134324,125,0.39,-0.91,55,STABILIZING
57.7,38.4,602.0,55,0,2.3,36.02588395134324,130,-0.22,-2.35,50,STABILIZING
58.0,38.1,508.0,56,0,2.3,36.02588395134324,135,0.28,-0.48,45,NEAR_COMPLETE
57.4,38.3,446.0,53,0,2.3,36.02588395134324,140,-0.22,-0.21,40,NEAR_COMPLETE
57.9,38.1,438.0,57,0,2.3,36.02588395134324,145,0.77,-1.67,35,NEAR_COMPLETE
57.7,36.0,405.0,54,0,2.3,36.02588395134324,150,-0.4,-2.12,30,NEAR_COMPLETE
56.4,35.3,307.0,57,0,2.3,36.02588395134324,155,-0.84,-1.0,25,NEAR_COMPLETE
56.0,34.4,282.0,55,0,2.3,36.02588395134324,160,0.25,-1.06,20,NEAR_COMPLETE
55.6,32.1,207.0,56,0,2.3,36.02588395134324,165,-0.27,-1.37,15,COMPLETE
54.6,31.0,105.0,55,0,2.3,36.02588395134324,170,-1.56,0.13,10,COMPLETE
52.6,31.1,31.0,55,0,2.3,36.02588395134324,175,-1.82,0.62,5,COMPLETE
51.1,32.0,0.0,55,0,2.3,36.02588395134324,180,-1.3,0.04,0,COMPLETE
36.3,70.5,0.0,40,1,1.6,37.30868450614698,0,-0.06,-0.4,336,INITIAL
40.5,70.5,0.0,51,1,1.6,37.30868450614698,5,4.08,0.05,331,INITIAL
44.6,68.3,70.0,61,1,1.6,37.30868450614698,10,4.3,-1.86,326,ACTIVE_DRYING
48.0,67.1,88.0,84,1,1.6,37.30868450614698,15,4.2,-0.14,321,ACTIVE_DRYING
47.2,66.9,117.0,83,0,1.6,37.30868450614698,20,-0.78,-1.06,316,ACTIVE_DRYING
52.3,64.4,204.0,83,1,1.6,37.30868450614698,25,4.47,-2.28,311,ACTIVE_DRYING
50.6,63.7,197.0,87,0,1.6,37.30868450614698,30,-1.4,-0.77,306,ACTIVE_DRYING
50.1,62.3,218.0,71,0,1.6,37.30868450614698,35,-0.65,-1.62,301,ACTIVE_DRYING
50.1,61.8,312.0,68,0,1.6,37.30868450614698,40,-0.11,-0.9,296,ACTIVE_DRYING
49.2,60.0,249.0,69,0,1.6,37.30868450614698,45,-0.71,-1.5,291,ACTIVE_DRYING
49.6,57.4,302.0,70,0,1.6,37.30868450614698,50,-0.22,-1.61,286,ACTIVE_DRYING
48.2,56.7,387.0,72,0,1.6,37.30868450614698,55,-1.09,-0.64,281,ACTIVE_DRYING
48.1,56.8,387.0,71,0,1.6,37.30868450614698,60,-0.35,-1.04,276,ACTIVE_DRYING
48.5,54.6,472.0,72,0,1.6,37.30868450614698,65,-0.22,-1.21,271,ACTIVE_DRYING
48.2,54.1,467.0,68,0,1.6,37.30868450614698,70,-0.25,-0.49,266,ACTIVE_DRYING
48.7,53.0,469.0,71,0,1.6,37.30868450614698,75,0.33,-1.52,261,ACTIVE_DRYING
49.1,51.7,488.0,70,0,1.6,37.30868450614698,80,0.73,-2.34,256,ACTIVE_DRYING
50.1,50.0,541.0,69,0,1.6,37.30868450614698,85,1.07,-1.65,251,ACTIVE_DRYING
50.6,50.3,505.0,71,0,1.6,37.30868450614698,90,0.27,-1.07,246,ACTIVE_DRYING
50.3,48.0,534.0,68,0,1.6,37.30868450614698,95,0.28,-2.19,241,ACTIVE_DRYING
51.4,47.1,631.0,72,0,1.6,37.30868450614698,100,1.0,-1.0,236,ACTIVE_DRYING
52.5,45.9,657.0,69,0,1.6,37.30868450614698,105,0.51,-1.28,231,ACTIVE_DRYING
53.7,46.0,660.0,69,0,1.6,37.30868450614698,110,1.06,-0.29,226,ACTIVE_DRYING
54.4,42.9,636.0,70,0,1.6,37.30868450614698,115,0.11,-1.62,221,ACTIVE_DRYING
55.6,42.6,667.0,54,0,1.6,37.30868450614698,120,0.83,0.04,216,ACTIVE_DRYING
56.2,41.9,669.0,55,0,1.6,37.30868450614698,125,0.7,-0.83,211,ACTIVE_DRYING
58.1,41.5,703.0,54,0,1.6,37.30868450614698,130,1.83,-1.14,206,ACTIVE_DRYING
57.9,40.6,710.0,56,0,1.6,37.30868450614698,135,-0.28,-2.02,201,ACTIVE_DRYING
59.1,39.4,763.0,56,0,1.6,37.30868450614698,140,0.1,-2.32,196,ACTIVE_DRYING
58.2,37.8,727.0,53,0,1.6,37.30868450614698,145,-0.53,-1.71,191,NEAR_COMPLETE
57.7,36.0,762.0,54,0,1.6,37.30868450614698,150,-0.45,-0.44,186,NEAR_COMPLETE
57.5,35.8,780.0,57,0,1.6,37.30868450614698,155,0.36,0.04,181,NEAR_COMPLETE
57.9,35.1,689.0,56,0,1.6,37.30868450614698,160,0.41,0.12,176,NEAR_COMPLETE
58.5,34.8,718.0,56,0,1.6,37.30868450614698,165,-0.07,-0.64,171,NEAR_COMPLETE
58.3,33.4,736.0,54,0,1.6,37.30868450614698,170,-0.58,-1.98,166,NEAR_COMPLETE
57.8,33.1,717.0,53,0,1.6,37.30868450614698,175,-0.17,-0.57,161,COMPLETE
58.1,31.7,735.0,57,0,1.6,37.30868450614698,180,0.46,-0.64,156,COMPLETE
57.6,32.4,659.0,57,0,1.6,37.30868450614698,185,-0.3,0.28,151,COMPLETE
57.9,31.1,754.0,57,0,1.6,37.30868450614698,190,0.34,-2.55,146,COMPLETE
58.2,29.9,745.0,56,0,1.6,37.30868450614698,195,0.25,-0.95,141,COMPLETE
57.8,30.1,703.0,53,0,1.6,37.30868450614698,200,-0.01,-0.78,136,COMPLETE
57.6,27.6,720.0,55,0,1.6,37.30868450614698,205,-0.11,-2.1,131,COMPLETE
58.5,26.5,674.0,57,0,1.6,37.30868450614698,210,0.4,-1.27,126,COMPLETE
57.6,26.2,682.0,53,0,1.6,37.30868450614698,215,-0.49,-0.64,121,COMPLETE
57.9,25.8,670.0,57,0,1.6,37.30868450614698,220,0.29,-0.57,116,COMPLETE
58.2,24.0,649.0,56,0,1.6,37.30868450614698,225,0.14,-1.47,111,COMPLETE
57.9,23.2,684.0,53,0,1.6,37.30868450614698,230,-0.19,0.26,106,COMPLETE
58.5,22.6,572.0,54,0,1.6,37.30868450614698,235,-0.08,-0.9,101,COMPLETE
57.9,21.3,641.0,53,0,1.6,37.30868450614698,240,-0.58,-1.27,96,COMPLETE
58.6,22.1,518.0,57,0,1.6,37.30868450614698,245,-0.17,0.06,91,COMPLETE
57.3,20.0,561.0,54,0,1.6,37.30868450614698,250,-0.66,-1.87,86,COMPLETE
58.0,20.8,509.0,57,0,1.6,37.30868450614698,255,0.67,-0.0,81,COMPLETE
58.0,20.0,463.0,57,0,1.6,37.30868450614698,260,-0.36,-1.53,76,COMPLETE
58.2,19.4,458.0,56,0,1.6,37.30868450614698,265,-0.04,-1.34,71,COMPLETE
58.1,18.6,416.0,54,0,1.6,37.30868450614698,270,-0.52,0.19,66,COMPLETE
57.7,18.7,420.0,54,0,1.6,37.30868450614698,275,-0.21,-0.43,61,COMPLETE
58.0,18.5,397.0,56,0,1.6,37.30868450614698,280,0.11,-0.94,56,COMPLETE
57.3,17.8,333.0,54,0,1.6,37.30868450614698,285,-0.54,-0.44,51,COMPLETE
57.1,17.9,290.0,57,0,1.6,37.30868450614698,290,-0.14,-0.02,46,COMPLETE
57.0,17.9,271.0,55,0,1.6,37.30868450614698,295,-0.83,0.45,41,COMPLETE
56.0,17.3,251.0,56,0,1.6,37.30868450614698,300,-0.78,0.34,36,COMPLETE
55.1,17.9,212.0,54,0,1.6,37.30868450614698,305,-1.53,0.75,31,COMPLETE
54.6,18.7,250.0,54,0,1.6,37.30868450614698,310,-0.45,-0.05,26,COMPLETE
53.2,18.2,151.0,56,0,1.6,37.30868450614698,315,-1.63,-0.85,21,COMPLETE
52.0,18.7,141.0,53,0,1.6,37.30868450614698,320,-0.99,0.26,16,COMPLETE
51.4,18.9,75.0,57,0,1.6,37.30868450614698,325,-0.82,-1.1,11,COMPLETE
49.2,17.5,21.0,53,0,1.6,37.30868450614698,330,-1.97,-1.25,6,COMPLETE
48.6,16.8,12.0,57,0,1.6,37.30868450614698,335,-0.88,0.71,1,COMPLETE
35.0,72.5,0.0,41,1,1.4,32.571721381229395,0,0.03,-0.37,191,INITIAL
39.5,70.2,0.0,49,1,1.4,32.571721381229395,5,4.95,-2.65,186,INITIAL
43.9,68.5,140.0,62,1,1.4,32.571721381229395,10,4.42,-2.23,181,ACTIVE_DRYING
48.3,66.5,205.0,85,1,1.4,32.571721381229395,15,4.47,-1.34,176,ACTIVE_DRYING
46.9,65.6,253.0,84,0,1.4,32.571721381229395,20,-1.38,-0.55,171,ACTIVE_DRYING
51.1,64.0,295.0,84,1,1.4,32.571721381229395,25,3.95,-1.23,166,ACTIVE_DRYING
51.0,61.3,323.0,68,0,1.4,32.571721381229395,30,-0.61,-2.37,161,ACTIVE_DRYING
50.7,59.7,433.0,71,0,1.4,32.571721381229395,35,-0.26,-1.58,156,ACTIVE_DRYING
50.2,58.6,470.0,72,0,1.4,32.571721381229395,40,0.18,-0.68,151,ACTIVE_DRYING
50.8,57.2,479.0,69,0,1.4,32.571721381229395,45,0.63,-1.07,146,ACTIVE_DRYING
50.9,55.6,533.0,70,0,1.4,32.571721381229395,50,0.67,-0.67,141,ACTIVE_DRYING
52.2,55.4,617.0,70,0,1.4,32.571721381229395,55,0.99,-0.84,136,ACTIVE_DRYING
53.6,54.3,694.0,71,0,1.4,32.571721381229395,60,1.29,-1.07,131,ACTIVE_DRYING
54.0,53.8,661.0,69,0,1.4,32.571721381229395,65,0.33,-1.6,126,ACTIVE_DRYING
55.2,52.6,698.0,72,0,1.4,32.571721381229395,70,0.69,-2.18,121,ACTIVE_DRYING
55.7,51.2,695.0,71,0,1.4,32.571721381229395,75,0.83,-1.68,116,ACTIVE_DRYING
57.3,50.2,744.0,70,0,1.4,32.571721381229395,80,2.12,-1.02,111,ACTIVE_DRYING
58.3,47.8,733.0,68,0,1.4,32.571721381229395,85,0.91,-2.78,106,ACTIVE_DRYING
57.7,46.6,753.0,68,0,1.4,32.571721381229395,90,0.07,-1.01,101,ACTIVE_DRYING
58.0,44.8,758.0,70,0,1.4,32.571721381229395,95,0.47,-1.69,96,ACTIVE_DRYING
58.0,45.2,729.0,70,0,1.4,32.571721381229395,100,0.0,-0.99,91,ACTIVE_DRYING
58.4,42.7,760.0,53,0,1.4,32.571721381229395,105,-0.38,-2.91,86,NEAR_COMPLETE
58.0,40.1,718.0,57,0,1.4,32.571721381229395,110,-0.54,-2.38,81,NEAR_COMPLETE
57.8,39.1,695.0,56,0,1.4,32.571721381229395,115,-0.19,-0.82,76,NEAR_COMPLETE
57.6,38.4,693.0,56,0,1.4,32.571721381229395,120,0.29,-0.57,71,NEAR_COMPLETE
57.9,36.5,615.0,56,0,1.4,32.571721381229395,125,0.73,-1.91,66,NEAR_COMPLETE
57.8,35.3,616.0,56,0,1.4,32.571721381229395,130,0.03,-1.11,61,COMPLETE
58.2,33.6,581.0,57,0,1.4,32.571721381229395,135,0.3,-1.2,56,COMPLETE
58.3,32.6,559.0,53,0,1.4,32.571721381229395,140,-0.28,-0.48,51,COMPLETE
58.1,31.6,516.0,56,0,1.4,32.571721381229395,145,-0.31,-0.86,46,COMPLETE
58.5,30.5,462.0,56,0,1.4,32.571721381229395,150,-0.01,-1.38,41,COMPLETE
57.1,30.0,390.0,57,0,1.4,32.571721381229395,155,-1.22,0.16,36,COMPLETE
56.9,27.7,389.0,53,0,1.4,32.571721381229395,160,0.38,-2.03,31,COMPLETE
57.4,28.2,275.0,55,0,1.4,32.571721381229395,165,0.2,-0.14,26,COMPLETE
56.9,26.8,289.0,53,0,1.4,32.571721381229395,170,-1.04,-0.6,21,COMPLETE
55.4,27.1,193.0,56,0,1.4,32.571721381229395,175,-1.08,-0.83,16,COMPLETE
54.5,25.3,131.0,54,0,1.4,32.571721381229395,180,-0.56,-1.46,11,COMPLETE
53.1,24.7,55.0,53,0,1.4,32.571721381229395,185,-1.07,0.01,6,COMPLETE
52.7,23.6,0.0,55,0,1.4,32.571721381229395,190,-0.67,-0.87,1,COMPLETE
34.4,72.1,28.0,39,1,2.8,35.06551235981811,0,0.0,-0.01,309,INITIAL
39.2,70.2,30.0,52,1,2.8,35.06551235981811,5,4.61,-1.64,304,INITIAL
43.7,68.6,67.0,62,1,2.8,35.06551235981811,10,3.88,-1.33,299,ACTIVE_DRYING
47.3,69.0,76.0,84,1,2.8,35.06551235981811,15,3.05,-0.36,294,ACTIVE_DRYING
50.8,65.7,179.0,83,1,2.8,35.06551235981811,20,3.78,-2.25,289,ACTIVE_DRYING
50.1,64.6,242.0,87,0,2.8,35.06551235981811,25,-0.41,-1.24,284,ACTIVE_DRYING
49.4,63.9,219.0,71,0,2.8,35.06551235981811,30,-0.63,-0.96,279,ACTIVE_DRYING
48.8,63.1,262.0,71,0,2.8,35.06551235981811,35,-0.77,-1.21,274,ACTIVE_DRYING
48.1,61.9,325.0,69,0,2.8,35.06551235981811,40,-1.02,-1.09,269,ACTIVE_DRYING
53.3,60.9,373.0,71,1,2.8,35.06551235981811,45,5.21,-1.87,264,ACTIVE_DRYING
52.4,59.4,387.0,72,0,2.8,35.06551235981811,50,-0.84,-0.84,259,ACTIVE_DRYING
52.5,59.6,384.0,71,0,2.8,35.06551235981811,55,-0.14,-0.67,254,ACTIVE_DRYING
52.2,57.5,439.0,68,0,2.8,35.06551235981811,60,-0.02,-1.88,249,ACTIVE_DRYING
52.5,57.6,461.0,68,0,2.8,35.06551235981811,65,0.63,-0.95,244,ACTIVE_DRYING
53.6,55.9,493.0,70,0,2.8,35.06551235981811,70,0.72,-2.72,239,ACTIVE_DRYING
54.0,53.9,489.0,68,0,2.8,35.06551235981811,75,-0.34,-1.43,234,ACTIVE_DRYING
54.0,54.0,570.0,70,0,2.8,35.06551235981811,80,0.22,-0.34,229,ACTIVE_DRYING
53.8,52.4,527.0,71,0,2.8,35.06551235981811,85,0.49,-2.07,224,ACTIVE_DRYING
54.8,50.8,554.0,71,0,2.8,35.06551235981811,90,0.39,-1.4,219,ACTIVE_DRYING
54.7,49.7,578.0,72,0,2.8,35.06551235981811,95,0.13,-1.32,214,ACTIVE_DRYING
56.3,47.2,664.0,72,0,2.8,35.06551235981811,100,1.59,-1.75,209,ACTIVE_DRYING
56.3,46.5,620.0,70,0,2.8,35.06551235981811,105,-0.06,-0.23,204,ACTIVE_DRYING
57.1,46.0,640.0,69,0,2.8,35.06551235981811,110,0.74,-1.13,199,ACTIVE_DRYING
58.0,44.8,737.0,72,0,2.8,35.06551235981811,115,0.72,-1.22,194,ACTIVE_DRYING
58.2,44.4,714.0,68,0,2.8,35.06551235981811,120,-0.06,-0.72,189,ACTIVE_DRYING
58.1,41.6,702.0,57,0,2.8,35.06551235981811,125,-0.3,-1.79,184,ACTIVE_DRYING
58.0,41.7,720.0,57,0,2.8,35.06551235981811,130,-0.06,0.27,179,ACTIVE_DRYING
58.1,40.2,747.0,55,0,2.8,35.06551235981811,135,0.09,-0.96,174,ACTIVE_DRYING
58.7,39.2,739.0,56,0,2.8,35.06551235981811,140,0.01,-0.82,169,ACTIVE_DRYING
58.2,37.3,720.0,56,0,2.8,35.06551235981811,145,-0.89,-0.63,164,ACTIVE_DRYING
57.7,37.8,743.0,57,0,2.8,35.06551235981811,150,-0.48,0.34,159,ACTIVE_DRYING
58.3,36.6,740.0,57,0,2.8,35.06551235981811,155,0.39,-0.86,154,NEAR_COMPLETE
58.2,37.0,781.0,53,0,2.8,35.06551235981811,160,-0.19,-1.23,149,NEAR_COMPLETE
58.0,36.2,730.0,53,0,2.8,35.06551235981811,165,-0.28,-1.62,144,NEAR_COMPLETE
58.1,34.4,722.0,53,0,2.8,35.06551235981811,170,0.12,-1.43,139,NEAR_COMPLETE
58.0,33.2,768.0,53,0,2.8,35.06551235981811,175,0.13,-1.52,134,NEAR_COMPLETE
57.4,32.3,702.0,53,0,2.8,35.06551235981811,180,-0.09,-1.29,129,NEAR_COMPLETE
58.5,30.7,673.0,55,0,2.8,35.06551235981811,185,0.49,-0.51,124,NEAR_COMPLETE
58.0,30.5,692.0,53,0,2.8,35.06551235981811,190,-0.61,0.38,119,COMPLETE
57.6,30.4,658.0,57,0,2.8,35.06551235981811,195,-0.34,0.07,114,COMPLETE
57.8,28.3,670.0,56,0,2.8,35.06551235981811,200,1.06,-1.61,109,COMPLETE
58.2,28.3,680.0,53,0,2.8,35.06551235981811,205,0.42,-0.11,104,COMPLETE
57.8,28.5,619.0,55,0,2.8,35.06551235981811,210,-0.21,-0.67,99,COMPLETE
57.8,27.2,590.0,55,0,2.8,35.06551235981811,215,0.07,-1.77,94,COMPLETE
57.8,25.8,613.0,57,0,2.8,35.06551235981811,220,0.08,-1.76,89,COMPLETE
58.1,23.9,613.0,55,0,2.8,35.06551235981811,225,0.47,-1.29,84,COMPLETE
57.9,23.8,562.0,54,0,2.8,35.06551235981811,230,-0.23,0.37,79,COMPLETE
57.8,23.0,544.0,55,0,2.8,35.06551235981811,235,0.27,0.07,74,COMPLETE
57.4,22.0,445.0,57,0,2.8,35.06551235981811,240,0.11,-1.22,69,COMPLETE
57.8,21.2,499.0,55,0,2.8,35.06551235981811,245,0.35,-0.98,64,COMPLETE
57.0,19.6,361.0,57,0,2.8,35.06551235981811,250,-0.79,-1.48,59,COMPLETE
56.3,18.6,357.0,53,0,2.8,35.06551235981811,255,0.18,-1.11,54,COMPLETE
57.3,17.6,388.0,55,0,2.8,35.06551235981811,260,0.82,-0.65,49,COMPLETE
56.3,18.7,287.0,57,0,2.8,35.06551235981811,265,-0.54,0.18,44,COMPLETE
56.9,18.6,360.0,54,0,2.8,35.06551235981811,270,0.4,-0.85,39,COMPLETE
57.0,18.5,264.0,54,0,2.8,35.06551235981811,275,-0.28,-0.65,34,COMPLETE
55.9,18.1,206.0,55,0,2.8,35.06551235981811,280,-1.62,-0.61,29,COMPLETE
54.7,17.3,162.0,57,0,2.8,35.06551235981811,285,-1.21,0.32,24,COMPLETE
53.9,18.5,143.0,54,0,2.8,35.06551235981811,290,-0.55,0.65,19,COMPLETE
52.5,18.2,96.0,53,0,2.8,35.06551235981811,295,-1.37,0.12,14,COMPLETE
51.6,18.2,88.0,54,0,2.8,35.06551235981811,300,-0.21,-0.63,9,COMPLETE
51.1,18.0,28.0,53,0,2.8,35.06551235981811,305,-0.65,-0.19,4,COMPLETE
32.6,76.1,0.0,42,1,2.8,29.18116726308084,0,0.09,-0.09,302,INITIAL
37.6,75.0,10.0,50,1,2.8,29.18116726308084,5,4.61,-1.25,297,INITIAL
41.7,73.3,53.0,58,1,2.8,29.18116726308084,10,3.93,-1.92,292,ACTIVE_DRYING
45.4,71.6,106.0,83,1,2.8,29.18116726308084,15,3.85,-1.67,287,ACTIVE_DRYING
49.1,69.8,171.0,86,1,2.8,29.18116726308084,20,3.71,-0.84,282,ACTIVE_DRYING
48.4,68.1,230.0,87,0,2.8,29.18116726308084,25,-0.62,-1.26,277,ACTIVE_DRYING
47.5,67.2,215.0,84,0,2.8,29.18116726308084,30,-0.84,-0.66,272,ACTIVE_DRYING
52.8,64.3,337.0,85,1,2.8,29.18116726308084,35,4.86,-2.27,267,ACTIVE_DRYING
51.2,63.9,260.0,69,0,2.8,29.18116726308084,40,-1.34,-1.12,262,ACTIVE_DRYING
51.3,61.6,297.0,70,0,2.8,29.18116726308084,45,-0.17,-1.08,257,ACTIVE_DRYING
50.4,60.3,370.0,68,0,2.8,29.18116726308084,50,-0.9,-0.64,252,ACTIVE_DRYING
50.0,58.6,383.0,71,0,2.8,29.18116726308084,55,-0.72,-1.35,247,ACTIVE_DRYING
49.8,57.3,450.0,69,0,2.8,29.18116726308084,60,-0.09,-0.82,242,ACTIVE_DRYING
49.9,56.6,416.0,72,0,2.8,29.18116726308084,65,-0.37,-1.54,237,ACTIVE_DRYING
49.5,53.5,514.0,69,0,2.8,29.18116726308084,70,-0.07,-2.26,232,ACTIVE_DRYING
50.9,53.3,552.0,69,0,2.8,29.18116726308084,75,1.26,-0.48,227,ACTIVE_DRYING
51.6,52.5,627.0,68,0,2.8,29.18116726308084,80,0.1,-1.3,222,ACTIVE_DRYING
51.6,50.4,612.0,71,0,2.8,29.18116726308084,85,0.0,-1.93,217,ACTIVE_DRYING
52.2,49.3,618.0,71,0,2.8,29.18116726308084,90,0.52,-1.98,212,ACTIVE_DRYING
53.2,48.7,653.0,70,0,2.8,29.18116726308084,95,0.67,-0.39,207,ACTIVE_DRYING
53.2,47.8,624.0,69,0,2.8,29.18116726308084,100,0.09,-1.6,202,ACTIVE_DRYING
54.3,46.3,602.0,72,0,2.8,29.18116726308084,105,0.79,-2.0,197,ACTIVE_DRYING
55.4,44.8,671.0,70,0,2.8,29.18116726308084,110,0.36,-0.13,192,ACTIVE_DRYING
55.9,44.9,709.0,68,0,2.8,29.18116726308084,115,0.84,0.15,187,ACTIVE_DRYING
57.2,43.7,726.0,54,0,2.8,29.18116726308084,120,1.06,-1.85,182,ACTIVE_DRYING
57.8,42.0,713.0,57,0,2.8,29.18116726308084,125,1.01,-1.46,177,ACTIVE_DRYING
58.1,41.1,683.0,53,0,2.8,29.18116726308084,130,0.15,-0.02,172,ACTIVE_DRYING
58.2,40.5,714.0,56,0,2.8,29.18116726308084,135,0.39,-0.14,167,ACTIVE_DRYING
57.6,39.6,763.0,57,0,2.8,29.18116726308084,140,-0.02,-0.79,162,ACTIVE_DRYING
57.7,37.5,753.0,53,0,2.8,29.18116726308084,145,0.73,-1.19,157,ACTIVE_DRYING
58.3,38.4,794.0,56,0,2.8,29.18116726308084,150,0.25,0.74,152,ACTIVE_DRYING
57.5,37.1,783.0,56,0,2.8,29.18116726308084,155,-0.04,-1.28,147,ACTIVE_DRYING
58.2,36.4,742.0,53,0,2.8,29.18116726308084,160,0.54,-0.53,142,ACTIVE_DRYING
58.1,35.6,735.0,57,0,2.8,29.18116726308084,165,-0.31,-0.02,137,NEAR_COMPLETE
58.2,35.3,784.0,55,0,2.8,29.18116726308084,170,-0.02,0.74,132,NEAR_COMPLETE
58.1,34.3,726.0,57,0,2.8,29.18116726308084,175,-0.15,-0.76,127,NEAR_COMPLETE
57.6,34.4,734.0,53,0,2.8,29.18116726308084,180,-0.21,-0.65,122,NEAR_COMPLETE
58.1,32.6,716.0,53,0,2.8,29.18116726308084,185,0.26,-1.74,117,NEAR_COMPLETE
58.1,32.8,704.0,56,0,2.8,29.18116726308084,190,-0.38,0.3,112,NEAR_COMPLETE
58.0,31.7,707.0,55,0,2.8,29.18116726308084,195,-0.3,-1.45,107,NEAR_COMPLETE
57.9,30.1,679.0,57,0,2.8,29.18116726308084,200,-0.04,-0.93,102,NEAR_COMPLETE
58.3,28.9,632.0,55,0,2.8,29.18116726308084,205,0.01,-0.4,97,NEAR_COMPLETE
58.3,29.3,652.0,53,0,2.8,29.18116726308084,210,-0.1,-0.34,92,COMPLETE
58.0,28.2,540.0,53,0,2.8,29.18116726308084,215,-0.39,-0.66,87,COMPLETE
58.3,27.1,604.0,57,0,2.8,29.18116726308084,220,0.22,0.09,82,COMPLETE
58.0,27.9,526.0,54,0,2.8,29.18116726308084,225,-0.21,-0.94,77,COMPLETE
57.7,26.6,430.0,56,0,2.8,29.18116726308084,230,-0.5,-1.97,72,COMPLETE
57.0,25.0,467.0,53,0,2.8,29.18116726308084,235,-0.46,-1.02,67,COMPLETE
57.5,23.9,380.0,54,0,2.8,29.18116726308084,240,0.45,-0.19,62,COMPLETE
57.2,24.5,482.0,55,0,2.8,29.18116726308084,245,-0.54,0.76,57,COMPLETE
56.8,24.1,427.0,54,0,2.8,29.18116726308084,250,-0.18,-1.01,52,COMPLETE
57.2,22.9,375.0,56,0,2.8,29.18116726308084,255,0.36,-0.63,47,COMPLETE
56.8,22.3,338.0,54,0,2.8,29.18116726308084,260,-0.47,0.47,42,COMPLETE
55.6,21.9,356.0,57,0,2.8,29.18116726308084,265,-0.88,0.03,37,COMPLETE
56.6,20.8,229.0,53,0,2.8,29.18116726308084,270,0.62,-1.21,32,COMPLETE
55.5,20.6,176.0,53,0,2.8,29.18116726308084,275,-1.12,-0.06,27,COMPLETE
54.5,20.9,172.0,55,0,2.8,29.18116726308084,280,-1.0,-0.63,22,COMPLETE
54.1,19.0,123.0,56,0,2.8,29.18116726308084,285,-0.52,-1.65,17,COMPLETE
53.0,18.4,32.0,54,0,2.8,29.18116726308084,290,-1.59,-0.39,12,COMPLETE
51.7,19.0,77.0,55,0,2.8,29.18116726308084,295,-1.59,-0.24,7,COMPLETE
50.2,18.6,5.0,55,0,2.8,29.18116726308084,300,-1.64,-1.26,2,COMPLETE
35.2,71.8,0.0,41,1,2.4,37.90821276171627,0,0.27,0.05,301,INITIAL
38.9,70.9,32.0,50,1,2.4,37.90821276171627,5,3.48,-1.19,296,INITIAL
42.7,68.6,60.0,60,1,2.4,37.90821276171627,10,3.64,-1.17,291,ACTIVE_DRYING
46.7,68.5,99.0,87,1,2.4,37.90821276171627,15,3.88,-0.55,286,ACTIVE_DRYING
49.8,67.5,112.0,84,1,2.4,37.90821276171627,20,3.4,-0.66,281,ACTIVE_DRYING
47.5,64.4,130.0,83,0,2.4,37.90821276171627,25,-1.5,-1.74,276,ACTIVE_DRYING
47.5,65.4,204.0,85,0,2.4,37.90821276171627,30,0.18,0.92,271,ACTIVE_DRYING
51.8,63.3,225.0,72,1,2.4,37.90821276171627,35,4.39,-2.55,266,ACTIVE_DRYING
51.4,60.5,309.0,68,0,2.4,37.90821276171627,40,-0.91,-2.27,261,ACTIVE_DRYING
50.8,61.1,294.0,72,0,2.4,37.90821276171627,45,-0.17,0.55,256,ACTIVE_DRYING
51.7,60.4,452.0,71,0,2.4,37.90821276171627,50,0.61,-1.5,251,ACTIVE_DRYING
51.6,58.0,404.0,71,0,2.4,37.90821276171627,55,-0.31,-1.96,246,ACTIVE_DRYING
52.0,57.0,447.0,70,0,2.4,37.90821276171627,60,0.24,-1.38,241,ACTIVE_DRYING
51.5,56.1,473.0,70,0,2.4,37.90821276171627,65,-0.08,-0.48,236,ACTIVE_DRYING
52.5,54.3,511.0,70,0,2.4,37.90821276171627,70,0.96,-1.32,231,ACTIVE_DRYING
52.3,54.9,530.0,71,0,2.4,37.90821276171627,75,0.29,-0.19,226,ACTIVE_DRYING
52.0,53.5,523.0,72,0,2.4,37.90821276171627,80,0.04,-0.42,221,ACTIVE_DRYING
52.9,52.8,612.0,68,0,2.4,37.90821276171627,85,0.48,-1.28,216,ACTIVE_DRYING
53.4,50.3,622.0,68,0,2.4,37.90821276171627,90,0.41,-2.37,211,ACTIVE_DRYING
54.4,49.3,654.0,70,0,2.4,37.90821276171627,95,0.93,-1.7,206,ACTIVE_DRYING
55.0,48.6,634.0,70,0,2.4,37.90821276171627,100,0.24,-1.4,201,ACTIVE_DRYING
55.8,46.7,667.0,70,0,2.4,37.90821276171627,105,0.12,-1.6,196,ACTIVE_DRYING
56.4,46.5,711.0,69,0,2.4,37.90821276171627,110,0.63,-0.95,191,ACTIVE_DRYING
56.7,45.0,688.0,68,0,2.4,37.90821276171627,115,0.15,-1.4,186,ACTIVE_DRYING
57.2,44.5,682.0,72,0,2.4,37.90821276171627,120,0.67,-0.53,181,ACTIVE_DRYING
58.8,42.8,708.0,56,0,2.4,37.90821276171627,125,0.83,-1.57,176,ACTIVE_DRYING
57.3,42.3,711.0,55,0,2.4,37.90821276171627,130,-0.65,-0.89,171,ACTIVE_DRYING
57.8,40.9,759.0,55,0,2.4,37.90821276171627,135,0.59,-2.23,166,ACTIVE_DRYING
57.9,39.6,762.0,54,0,2.4,37.90821276171627,140,0.25,-0.49,161,ACTIVE_DRYING
57.7,40.1,774.0,57,0,2.4,37.90821276171627,145,0.1,-0.18,156,ACTIVE_DRYING
58.4,37.8,818.0,53,0,2.4,37.90821276171627,150,0.06,-2.12,151,ACTIVE_DRYING
58.1,36.5,748.0,54,0,2.4,37.90821276171627,155,-0.28,-1.21,146,NEAR_COMPLETE
58.3,35.8,761.0,56,0,2.4,37.90821276171627,160,-0.01,-0.51,141,NEAR_COMPLETE
57.8,34.9,670.0,57,0,2.4,37.90821276171627,165,-0.27,-0.52,136,NEAR_COMPLETE
57.7,34.5,752.0,57,0,2.4,37.90821276171627,170,0.2,-0.25,131,NEAR_COMPLETE
57.8,34.0,774.0,54,0,2.4,37.90821276171627,175,0.06,-1.11,126,NEAR_COMPLETE
58.1,31.6,684.0,53,0,2.4,37.90821276171627,180,0.58,-1.9,121,NEAR_COMPLETE
57.7,31.1,664.0,54,0,2.4,37.90821276171627,185,-0.26,-0.63,116,COMPLETE
57.7,29.9,719.0,56,0,2.4,37.90821276171627,190,0.35,-0.26,111,COMPLETE
58.3,30.7,634.0,55,0,2.4,37.90821276171627,195,-0.15,0.23,106,COMPLETE
58.0,29.0,632.0,56,0,2.4,37.90821276171627,200,-0.38,-1.31,101,COMPLETE
57.8,28.9,631.0,54,0,2.4,37.90821276171627,205,0.23,-0.6,96,COMPLETE
57.6,27.4,577.0,53,0,2.4,37.90821276171627,210,0.08,-1.61,91,COMPLETE
58.0,26.5,558.0,57,0,2.4,37.90821276171627,215,0.27,-0.83,86,COMPLETE
57.7,25.4,547.0,56,0,2.4,37.90821276171627,220,0.4,-1.27,81,COMPLETE
57.8,23.8,538.0,54,0,2.4,37.90821276171627,225,0.33,-1.32,76,COMPLETE
57.6,24.4,521.0,57,0,2.4,37.90821276171627,230,0.05,-1.05,71,COMPLETE
58.6,21.8,494.0,53,0,2.4,37.90821276171627,235,0.57,-2.59,66,COMPLETE
57.4,20.8,436.0,54,0,2.4,37.90821276171627,240,-1.05,-1.27,61,COMPLETE
57.2,20.5,427.0,55,0,2.4,37.90821276171627,245,0.3,-0.46,56,COMPLETE
56.9,19.7,395.0,54,0,2.4,37.90821276171627,250,0.37,-0.93,51,COMPLETE
56.6,20.1,368.0,53,0,2.4,37.90821276171627,255,0.2,-0.3,46,COMPLETE
56.8,18.6,273.0,55,0,2.4,37.90821276171627,260,-0.02,-1.29,41,COMPLETE
56.0,17.8,220.0,56,0,2.4,37.90821276171627,265,-0.75,-0.66,36,COMPLETE
55.3,19.3,219.0,56,0,2.4,37.90821276171627,270,-0.55,-0.24,31,COMPLETE
54.1,17.6,178.0,56,0,2.4,37.90821276171627,275,-1.31,-2.0,26,COMPLETE
52.9,17.6,177.0,53,0,2.4,37.90821276171627,280,-0.58,0.22,21,COMPLETE
51.9,18.2,95.0,56,0,2.4,37.90821276171627,285,-0.74,0.87,16,COMPLETE
49.8,17.4,132.0,55,0,2.4,37.90821276171627,290,-1.31,0.24,11,COMPLETE
49.4,17.7,0.0,57,0,2.4,37.90821276171627,295,0.01,0.35,6,COMPLETE
48.7,18.8,65.0,57,0,2.4,37.90821276171627,300,-0.56,0.83,1,COMPLETE
32.9,73.4,0.0,38,1,1.8,33.15520461870118,0,-0.13,-0.14,199,INITIAL
36.6,72.8,77.0,50,1,1.8,33.15520461870118,5,4.04,-0.92,194,INITIAL
41.6,69.9,123.0,62,1,1.8,33.15520461870118,10,5.08,-2.09,189,ACTIVE_DRYING
45.0,68.8,182.0,83,1,1.8,33.15520461870118,15,3.8,-1.13,184,ACTIVE_DRYING
50.4,67.9,208.0,86,1,1.8,33.15520461870118,20,5.18,-1.32,179,ACTIVE_DRYING
48.7,66.1,229.0,85,0,1.8,33.15520461870118,25,-0.98,-2.23,174,ACTIVE_DRYING
48.5,64.7,313.0,83,0,1.8,33.15520461870118,30,-0.65,-1.47,169,ACTIVE_DRYING
48.0,62.9,422.0,69,0,1.8,33.15520461870118,35,-0.24,-1.96,164,ACTIVE_DRYING
47.9,61.9,425.0,71,0,1.8,33.15520461870118,40,0.26,-0.98,159,ACTIVE_DRYING
48.5,60.7,469.0,70,0,1.8,33.15520461870118,45,0.53,-1.37,154,ACTIVE_DRYING
48.7,59.2,510.0,69,0,1.8,33.15520461870118,50,0.55,-2.17,149,ACTIVE_DRYING
49.6,56.6,571.0,70,0,1.8,33.15520461870118,55,1.06,-2.26,144,ACTIVE_DRYING
50.7,55.6,621.0,68,0,1.8,33.15520461870118,60,1.17,-0.5,139,ACTIVE_DRYING
50.7,54.4,616.0,71,0,1.8,33.15520461870118,65,0.3,-0.84,134,ACTIVE_DRYING
52.2,54.1,647.0,72,0,1.8,33.15520461870118,70,1.38,-0.85,129,ACTIVE_DRYING
53.7,53.7,712.0,70,0,1.8,33.15520461870118,75,1.16,-1.41,124,ACTIVE_DRYING
54.4,51.1,679.0,69,0,1.8,33.15520461870118,80,0.92,-2.22,119,ACTIVE_DRYING
55.5,50.0,685.0,72,0,1.8,33.15520461870118,85,0.62,-0.79,114,ACTIVE_DRYING
56.7,48.0,755.0,72,0,1.8,33.15520461870118,90,1.14,-0.91,109,ACTIVE_DRYING
58.3,48.1,825.0,71,0,1.8,33.15520461870118,95,1.27,-0.4,104,ACTIVE_DRYING
58.1,45.8,765.0,70,0,1.8,33.15520461870118,100,-0.07,-1.29,99,ACTIVE_DRYING
58.1,45.4,760.0,72,0,1.8,33.15520461870118,105,-0.07,-0.14,94,ACTIVE_DRYING
57.7,44.1,734.0,68,0,1.8,33.15520461870118,110,-0.33,-1.08,89,STABILIZING
57.9,44.1,651.0,54,0,1.8,33.15520461870118,115,0.08,0.06,84,STABILIZING
58.6,42.0,699.0,55,0,1.8,33.15520461870118,120,-0.01,-2.08,79,STABILIZING
57.7,41.6,614.0,57,0,1.8,33.15520461870118,125,-0.36,-0.41,74,STABILIZING
57.9,40.8,662.0,53,0,1.8,33.15520461870118,130,0.32,-1.05,69,STABILIZING
57.9,39.8,623.0,55,0,1.8,33.15520461870118,135,-0.22,-1.57,64,STABILIZING
57.8,38.7,609.0,55,0,1.8,33.15520461870118,140,0.06,-1.87,59,STABILIZING
57.5,37.1,565.0,56,0,1.8,33.15520461870118,145,0.09,-1.4,54,STABILIZING
58.2,36.2,477.0,54,0,1.8,33.15520461870118,150,0.26,-0.9,49,NEAR_COMPLETE
58.0,34.8,529.0,55,0,1.8,33.15520461870118,155,-0.02,-1.74,44,NEAR_COMPLETE
57.9,34.4,448.0,53,0,1.8,33.15520461870118,160,-0.21,-1.28,39,NEAR_COMPLETE
57.6,33.4,343.0,57,0,1.8,33.15520461870118,165,-0.52,-0.83,34,NEAR_COMPLETE
57.4,31.3,365.0,56,0,1.8,33.15520461870118,170,0.15,-2.08,29,NEAR_COMPLETE
57.3,30.8,339.0,55,0,1.8,33.15520461870118,175,-0.05,-0.6,24,NEAR_COMPLETE
56.2,30.3,196.0,56,0,1.8,33.15520461870118,180,-1.04,-0.59,19,NEAR_COMPLETE
55.3,29.3,174.0,54,0,1.8,33.15520461870118,185,-0.41,-1.66,14,COMPLETE
54.1,28.2,74.0,56,0,1.8,33.15520461870118,190,-1.66,-1.46,9,COMPLETE
52.7,26.2,0.0,57,0,1.8,33.15520461870118,195,-1.81,-2.09,4,COMPLETE
36.2,69.2,0.0,38,1,2.6,29.90089323090647,0,0.03,-0.1,240,INITIAL
40.1,69.8,31.0,48,1,2.6,29.90089323090647,5,4.03,0.09,235,INITIAL
44.1,68.1,95.0,62,1,2.6,29.90089323090647,10,4.23,-1.99,230,ACTIVE_DRYING
48.3,65.7,150.0,86,1,2.6,29.90089323090647,15,3.93,-1.72,225,ACTIVE_DRYING
46.8,65.7,227.0,83,0,2.6,29.90089323090647,20,-0.86,-0.68,220,ACTIVE_DRYING
50.4,63.1,197.0,85,1,2.6,29.90089323090647,25,4.4,-1.93,215,ACTIVE_DRYING
50.0,62.5,267.0,68,0,2.6,29.90089323090647,30,0.15,-0.88,210,ACTIVE_DRYING
50.4,60.5,342.0,70,0,2.6,29.90089323090647,35,-0.07,-2.09,205,ACTIVE_DRYING
50.2,59.2,387.0,69,0,2.6,29.90089323090647,40,-0.3,-1.87,200,ACTIVE_DRYING
50.6,57.6,449.0,72,0,2.6,29.90089323090647,45,0.48,-1.18,195,ACTIVE_DRYING
50.5,56.1,409.0,68,0,2.6,29.90089323090647,50,-0.18,-1.58,190,ACTIVE_DRYING
50.7,53.1,488.0,72,0,2.6,29.90089323090647,55,-0.03,-1.85,185,ACTIVE_DRYING
51.0,53.5,523.0,68,0,2.6,29.90089323090647,60,0.16,-0.36,180,ACTIVE_DRYING
51.9,53.1,550.0,70,0,2.6,29.90089323090647,65,0.25,-1.19,175,ACTIVE_DRYING
52.6,51.9,644.0,70,0,2.6,29.90089323090647,70,0.03,-1.78,170,ACTIVE_DRYING
52.6,49.8,623.0,69,0,2.6,29.90089323090647,75,0.05,-1.89,165,ACTIVE_DRYING
53.6,48.3,629.0,72,0,2.6,29.90089323090647,80,1.24,-1.7,160,ACTIVE_DRYING
55.4,46.6,699.0,70,0,2.6,29.90089323090647,85,1.67,-1.11,155,ACTIVE_DRYING
56.0,45.5,655.0,70,0,2.6,29.90089323090647,90,0.64,-0.58,150,ACTIVE_DRYING
56.3,43.9,713.0,71,0,2.6,29.90089323090647,95,1.0,-1.13,145,ACTIVE_DRYING
57.8,43.3,728.0,53,0,2.6,29.90089323090647,100,1.92,-0.64,140,ACTIVE_DRYING
57.8,41.4,730.0,53,0,2.6,29.90089323090647,105,0.11,-1.94,135,ACTIVE_DRYING
58.0,40.8,750.0,57,0,2.6,29.90089323090647,110,0.08,-0.08,130,ACTIVE_DRYING
57.6,40.1,797.0,53,0,2.6,29.90089323090647,115,0.01,-0.47,125,ACTIVE_DRYING
58.0,38.4,744.0,57,0,2.6,29.90089323090647,120,0.49,-1.41,120,NEAR_COMPLETE
57.7,38.2,738.0,56,0,2.6,29.90089323090647,125,-0.13,-0.34,115,NEAR_COMPLETE
57.5,36.6,720.0,53,0,2.6,29.90089323090647,130,0.07,-1.72,110,NEAR_COMPLETE
58.1,35.5,736.0,54,0,2.6,29.90089323090647,135,0.41,-0.89,105,NEAR_COMPLETE
58.1,34.5,707.0,53,0,2.6,29.90089323090647,140,0.0,-1.78,100,NEAR_COMPLETE
58.2,34.0,674.0,54,0,2.6,29.90089323090647,145,-0.25,-0.41,95,NEAR_COMPLETE
58.0,32.9,720.0,53,0,2.6,29.90089323090647,150,-0.22,-0.56,90,COMPLETE
58.0,32.3,651.0,55,0,2.6,29.90089323090647,155,-0.09,-0.75,85,COMPLETE
58.0,30.4,631.0,54,0,2.6,29.90089323090647,160,0.1,-1.43,80,COMPLETE
58.4,30.3,595.0,56,0,2.6,29.90089323090647,165,0.05,-0.1,75,COMPLETE
57.9,29.5,614.0,53,0,2.6,29.90089323090647,170,-0.36,-0.7,70,COMPLETE
57.7,29.4,534.0,53,0,2.6,29.90089323090647,175,-0.33,0.09,65,COMPLETE
58.0,29.0,579.0,53,0,2.6,29.90089323090647,180,0.31,-0.67,60,COMPLETE
58.3,28.2,495.0,54,0,2.6,29.90089323090647,185,-0.13,-1.0,55,COMPLETE
58.1,26.2,440.0,54,0,2.6,29.90089323090647,190,-0.51,-1.68,50,COMPLETE
57.7,26.9,370.0,56,0,2.6,29.90089323090647,195,-0.4,-0.38,45,COMPLETE
57.9,24.4,415.0,57,0,2.6,29.90089323090647,200,-0.48,-1.21,40,COMPLETE
56.8,24.5,323.0,55,0,2.6,29.90089323090647,205,-0.97,-0.14,35,COMPLETE
56.5,24.1,326.0,56,0,2.6,29.90089323090647,210,-0.21,-0.1,30,COMPLETE
56.2,21.8,211.0,57,0,2.6,29.90089323090647,215,-0.46,-0.63,25,COMPLETE
54.6,20.8,165.0,54,0,2.6,29.90089323090647,220,-1.22,-0.7,20,COMPLETE
54.2,20.6,134.0,53,0,2.6,29.90089323090647,225,-1.18,0.03,15,COMPLETE
52.7,19.7,116.0,57,0,2.6,29.90089323090647,230,-1.72,-1.35,10,COMPLETE
51.6,18.8,94.0,54,0,2.6,29.90089323090647,235,-1.31,-0.29,5,COMPLETE
50.3,18.5,0.0,57,0,2.6,29.90089323090647,240,-1.96,-0.74,0,COMPLETE
32.9,76.9,0.0,38,1,1.6,31.427846481804522,0,0.16,-0.08,313,INITIAL
37.8,73.9,59.0,52,1,1.6,31.427846481804522,5,4.65,-2.71,308,INITIAL
42.0,72.1,118.0,59,1,1.6,31.427846481804522,10,4.4,-0.86,303,ACTIVE_DRYING
45.7,71.5,131.0,85,1,1.6,31.427846481804522,15,3.74,-0.06,298,ACTIVE_DRYING
48.7,69.3,125.0,86,1,1.6,31.427846481804522,20,3.72,-2.2,293,ACTIVE_DRYING
48.3,68.4,204.0,87,0,1.6,31.427846481804522,25,-0.6,-1.3,288,ACTIVE_DRYING
47.5,65.3,258.0,87,0,1.6,31.427846481804522,30,-1.26,-1.94,283,ACTIVE_DRYING
51.2,65.1,220.0,84,1,1.6,31.427846481804522,35,3.7,-1.11,278,ACTIVE_DRYING
50.4,62.2,323.0,68,0,1.6,31.427846481804522,40,-0.93,-1.53,273,ACTIVE_DRYING
49.9,61.5,347.0,68,0,1.6,31.427846481804522,45,-0.51,-0.3,268,ACTIVE_DRYING
49.5,60.0,351.0,72,0,1.6,31.427846481804522,50,-0.37,-1.9,263,ACTIVE_DRYING
49.5,58.1,325.0,70,0,1.6,31.427846481804522,55,-0.24,-2.45,258,ACTIVE_DRYING
49.7,57.8,406.0,70,0,1.6,31.427846481804522,60,0.44,-0.97,253,ACTIVE_DRYING
50.1,55.4,435.0,70,0,1.6,31.427846481804522,65,0.38,-2.23,248,ACTIVE_DRYING
50.7,54.9,487.0,69,0,1.6,31.427846481804522,70,0.61,-0.4,243,ACTIVE_DRYING
51.2,53.8,539.0,71,0,1.6,31.427846481804522,75,1.04,-1.15,238,ACTIVE_DRYING
51.7,53.3,544.0,69,0,1.6,31.427846481804522,80,0.51,-0.64,233,ACTIVE_DRYING
53.2,51.1,576.0,70,0,1.6,31.427846481804522,85,1.71,-1.57,228,ACTIVE_DRYING
53.4,50.6,627.0,69,0,1.6,31.427846481804522,90,0.51,0.01,223,ACTIVE_DRYING
54.4,49.7,624.0,71,0,1.6,31.427846481804522,95,1.27,-1.32,218,ACTIVE_DRYING
55.3,49.9,650.0,71,0,1.6,31.427846481804522,100,1.0,-1.17,213,ACTIVE_DRYING
56.4,48.8,649.0,69,0,1.6,31.427846481804522,105,1.59,-2.6,208,ACTIVE_DRYING
57.5,46.0,704.0,69,0,1.6,31.427846481804522,110,0.91,-3.13,203,ACTIVE_DRYING
57.8,45.2,661.0,69,0,1.6,31.427846481804522,115,0.7,-0.72,198,ACTIVE_DRYING
58.1,44.8,644.0,71,0,1.6,31.427846481804522,120,0.16,-0.33,193,ACTIVE_DRYING
58.1,44.9,662.0,72,0,1.6,31.427846481804522,125,0.37,-0.51,188,ACTIVE_DRYING
58.3,45.6,747.0,53,0,1.6,31.427846481804522,130,-0.1,-0.38,183,ACTIVE_DRYING
57.7,41.4,718.0,53,0,1.6,31.427846481804522,135,-0.51,-3.56,178,ACTIVE_DRYING
58.1,41.5,748.0,56,0,1.6,31.427846481804522,140,0.28,-0.1,173,ACTIVE_DRYING
57.9,40.5,776.0,56,0,1.6,31.427846481804522,145,-0.11,-0.93,168,ACTIVE_DRYING
58.2,39.3,747.0,56,0,1.6,31.427846481804522,150,-0.39,-1.32,163,ACTIVE_DRYING
58.1,37.3,695.0,55,0,1.6,31.427846481804522,155,-0.12,-1.13,158,ACTIVE_DRYING
58.7,37.2,679.0,56,0,1.6,31.427846481804522,160,0.05,-0.48,153,ACTIVE_DRYING
57.9,35.1,732.0,53,0,1.6,31.427846481804522,165,-0.66,-2.1,148,ACTIVE_DRYING
58.0,34.3,753.0,54,0,1.6,31.427846481804522,170,-0.2,0.17,143,ACTIVE_DRYING
57.9,34.7,686.0,56,0,1.6,31.427846481804522,175,-0.1,-0.34,138,NEAR_COMPLETE
57.9,33.7,705.0,56,0,1.6,31.427846481804522,180,0.22,-1.27,133,NEAR_COMPLETE
58.0,32.1,693.0,56,0,1.6,31.427846481804522,185,0.07,-1.72,128,NEAR_COMPLETE
57.7,30.3,720.0,55,0,1.6,31.427846481804522,190,0.37,-1.6,123,NEAR_COMPLETE
58.4,30.5,727.0,57,0,1.6,31.427846481804522,195,0.49,-0.21,118,NEAR_COMPLETE
57.6,29.6,633.0,53,0,1.6,31.427846481804522,200,-0.69,-1.89,113,NEAR_COMPLETE
57.9,28.4,642.0,56,0,1.6,31.427846481804522,205,0.35,-1.09,108,NEAR_COMPLETE
57.6,29.2,708.0,54,0,1.6,31.427846481804522,210,0.02,-0.47,103,NEAR_COMPLETE
57.6,27.0,659.0,54,0,1.6,31.427846481804522,215,0.62,-1.99,98,NEAR_COMPLETE
57.9,26.0,641.0,54,0,1.6,31.427846481804522,220,0.4,-1.3,93,COMPLETE
58.0,24.8,605.0,53,0,1.6,31.427846481804522,225,0.19,-2.12,88,COMPLETE
58.7,23.8,559.0,57,0,1.6,31.427846481804522,230,-0.12,-1.45,83,COMPLETE
58.7,22.2,497.0,57,0,1.6,31.427846481804522,235,-0.67,-1.6,78,COMPLETE
57.7,22.6,520.0,56,0,1.6,31.427846481804522,240,-0.87,0.0,73,COMPLETE
57.6,21.2,451.0,53,0,1.6,31.427846481804522,245,0.43,-1.37,68,COMPLETE
57.8,21.5,395.0,53,0,1.6,31.427846481804522,250,0.1,-0.27,63,COMPLETE
58.3,21.2,395.0,54,0,1.6,31.427846481804522,255,-0.04,-1.32,58,COMPLETE
58.1,19.8,393.0,55,0,1.6,31.427846481804522,260,-0.4,-1.03,53,COMPLETE
58.0,20.2,361.0,57,0,1.6,31.427846481804522,265,-0.12,-0.44,48,COMPLETE
57.1,17.9,304.0,56,0,1.6,31.427846481804522,270,-0.51,-1.8,43,COMPLETE
57.3,19.3,286.0,55,0,1.6,31.427846481804522,275,0.06,1.16,38,COMPLETE
57.4,17.8,280.0,54,0,1.6,31.427846481804522,280,-0.45,-1.06,33,COMPLETE
55.9,17.4,240.0,56,0,1.6,31.427846481804522,285,-1.03,0.27,28,COMPLETE
55.1,18.4,134.0,56,0,1.6,31.427846481804522,290,-0.61,0.5,23,COMPLETE
54.2,18.6,158.0,53,0,1.6,31.427846481804522,295,-0.95,-0.32,18,COMPLETE
52.8,18.4,148.0,53,0,1.6,31.427846481804522,300,-1.24,-0.72,13,COMPLETE
51.4,17.6,98.0,57,0,1.6,31.427846481804522,305,-0.89,-0.89,8,COMPLETE
49.8,17.7,51.0,53,0,1.6,31.427846481804522,310,-1.18,0.67,3,COMPLETE
34.3,74.9,0.0,38,1,2.5,26.839394563360813,0,-0.02,0.21,340,INITIAL
39.3,74.0,79.0,50,1,2.5,26.839394563360813,5,5.12,-1.06,335,INITIAL
43.6,71.3,41.0,60,1,2.5,26.839394563360813,10,3.63,-2.78,330,ACTIVE_DRYING
46.2,68.8,115.0,85,1,2.5,26.839394563360813,15,3.02,-1.62,325,ACTIVE_DRYING
50.5,67.4,204.0,84,1,2.5,26.839394563360813,20,4.57,-1.38,320,ACTIVE_DRYING
48.5,65.3,159.0,84,0,2.5,26.839394563360813,25,-2.16,-2.99,315,ACTIVE_DRYING
47.8,64.2,279.0,72,0,2.5,26.839394563360813,30,-0.23,-1.72,310,ACTIVE_DRYING
47.3,60.9,247.0,69,0,2.5,26.839394563360813,35,-0.19,-3.19,305,ACTIVE_DRYING
51.6,60.4,278.0,68,1,2.5,26.839394563360813,40,4.68,-0.44,300,ACTIVE_DRYING
51.3,57.7,358.0,69,0,2.5,26.839394563360813,45,0.09,-2.22,295,ACTIVE_DRYING
50.8,56.3,311.0,68,0,2.5,26.839394563360813,50,-0.36,-0.72,290,ACTIVE_DRYING
50.3,54.0,344.0,70,0,2.5,26.839394563360813,55,-0.1,-1.98,285,ACTIVE_DRYING
50.4,53.1,420.0,68,0,2.5,26.839394563360813,60,0.17,-1.31,280,ACTIVE_DRYING
50.3,51.5,421.0,68,0,2.5,26.839394563360813,65,-0.11,-1.37,275,ACTIVE_DRYING
49.6,49.9,420.0,72,0,2.5,26.839394563360813,70,-0.45,-1.83,270,ACTIVE_DRYING
50.0,49.3,489.0,71,0,2.5,26.839394563360813,75,0.63,-1.18,265,ACTIVE_DRYING
49.8,47.3,467.0,71,0,2.5,26.839394563360813,80,0.26,-1.6,260,ACTIVE_DRYING
49.9,46.2,501.0,69,0,2.5,26.839394563360813,85,0.59,-1.27,255,ACTIVE_DRYING
50.6,44.9,558.0,68,0,2.5,26.839394563360813,90,1.07,-1.54,250,ACTIVE_DRYING
51.8,44.0,550.0,57,0,2.5,26.839394563360813,95,0.96,-0.54,245,ACTIVE_DRYING
51.9,41.5,630.0,53,0,2.5,26.839394563360813,100,0.71,-1.58,240,ACTIVE_DRYING
53.7,41.3,622.0,56,0,2.5,26.839394563360813,105,1.42,-0.01,235,ACTIVE_DRYING
54.4,38.5,677.0,57,0,2.5,26.839394563360813,110,-0.06,-1.74,230,ACTIVE_DRYING
54.4,38.4,681.0,56,0,2.5,26.839394563360813,115,0.22,-0.28,225,ACTIVE_DRYING
55.8,38.1,690.0,57,0,2.5,26.839394563360813,120,1.88,-0.69,220,ACTIVE_DRYING
57.6,36.4,647.0,56,0,2.5,26.839394563360813,125,1.46,-1.13,215,NEAR_COMPLETE
58.4,34.7,676.0,57,0,2.5,26.839394563360813,130,0.84,-1.34,210,NEAR_COMPLETE
58.5,34.7,679.0,57,0,2.5,26.839394563360813,135,-0.18,-0.5,205,NEAR_COMPLETE
58.2,32.9,770.0,54,0,2.5,26.839394563360813,140,-0.31,-1.28,200,NEAR_COMPLETE
57.6,32.3,749.0,57,0,2.5,26.839394563360813,145,-0.35,-0.46,195,NEAR_COMPLETE
58.5,32.6,773.0,55,0,2.5,26.839394563360813,150,0.52,0.47,190,NEAR_COMPLETE
58.0,31.7,694.0,55,0,2.5,26.839394563360813,155,-0.35,-1.18,185,NEAR_COMPLETE
57.8,31.2,745.0,56,0,2.5,26.839394563360813,160,-0.38,-1.03,180,COMPLETE
58.1,29.4,714.0,54,0,2.5,26.839394563360813,165,-0.02,-1.44,175,COMPLETE
58.1,28.9,749.0,56,0,2.5,26.839394563360813,170,-0.32,-0.55,170,COMPLETE
58.3,28.3,747.0,57,0,2.5,26.839394563360813,175,-0.03,-0.7,165,COMPLETE
58.3,27.2,714.0,57,0,2.5,26.839394563360813,180,-0.45,-1.46,160,COMPLETE
58.5,26.3,766.0,56,0,2.5,26.839394563360813,185,-0.33,-0.76,155,COMPLETE
58.0,25.8,698.0,54,0,2.5,26.839394563360813,190,-0.86,-0.31,150,COMPLETE
57.7,25.9,666.0,56,0,2.5,26.839394563360813,195,-0.13,0.29,145,COMPLETE
58.0,24.4,690.0,56,0,2.5,26.839394563360813,200,0.02,-0.96,140,COMPLETE
58.1,24.6,679.0,53,0,2.5,26.839394563360813,205,-0.13,-1.27,135,COMPLETE
57.8,23.0,694.0,57,0,2.5,26.839394563360813,210,0.1,-1.53,130,COMPLETE
58.2,22.8,697.0,54,0,2.5,26.839394563360813,215,0.05,-0.76,125,COMPLETE
58.0,22.5,696.0,54,0,2.5,26.839394563360813,220,-0.15,-1.07,120,COMPLETE
58.3,20.6,657.0,57,0,2.5,26.839394563360813,225,-0.0,-2.04,115,COMPLETE
58.7,20.0,616.0,57,0,2.5,26.839394563360813,230,-0.29,-0.81,110,COMPLETE
57.7,18.5,646.0,55,0,2.5,26.839394563360813,235,-0.8,-0.75,105,COMPLETE
57.9,19.1,611.0,57,0,2.5,26.839394563360813,240,0.21,0.01,100,COMPLETE
58.3,19.4,583.0,57,0,2.5,26.839394563360813,245,0.52,-1.38,95,COMPLETE
57.8,17.1,600.0,57,0,2.5,26.839394563360813,250,-0.08,-1.07,90,COMPLETE
58.1,17.9,542.0,56,0,2.5,26.839394563360813,255,0.49,1.06,85,COMPLETE
57.6,18.5,547.0,53,0,2.5,26.839394563360813,260,-0.0,-0.02,80,COMPLETE
57.8,17.9,423.0,56,0,2.5,26.839394563360813,265,0.33,-0.35,75,COMPLETE
57.9,17.5,458.0,54,0,2.5,26.839394563360813,270,-0.6,0.03,70,COMPLETE
57.8,19.6,420.0,55,0,2.5,26.839394563360813,275,-0.21,0.82,65,COMPLETE
57.6,17.5,341.0,53,0,2.5,26.839394563360813,280,-0.31,-1.16,60,COMPLETE
57.0,17.7,335.0,56,0,2.5,26.839394563360813,285,-0.27,0.03,55,COMPLETE
57.5,17.2,292.0,54,0,2.5,26.839394563360813,290,0.18,0.43,50,COMPLETE
57.4,18.2,329.0,57,0,2.5,26.839394563360813,295,-0.43,0.81,45,COMPLETE
56.3,18.1,285.0,57,0,2.5,26.839394563360813,300,-1.26,0.14,40,COMPLETE
55.8,17.6,240.0,53,0,2.5,26.839394563360813,305,-0.6,-0.54,35,COMPLETE
54.8,18.4,168.0,53,0,2.5,26.839394563360813,310,-1.22,0.64,30,COMPLETE
53.5,17.7,164.0,54,0,2.5,26.839394563360813,315,-0.77,-0.21,25,COMPLETE
53.2,17.8,140.0,57,0,2.5,26.839394563360813,320,-0.88,0.44,20,COMPLETE
51.7,18.0,140.0,54,0,2.5,26.839394563360813,325,-1.8,0.25,15,COMPLETE
50.1,17.6,39.0,54,0,2.5,26.839394563360813,330,-1.0,-0.11,10,COMPLETE
49.2,17.7,50.0,55,0,2.5,26.839394563360813,335,-0.34,0.31,5,COMPLETE
48.2,18.9,0.0,55,0,2.5,26.839394563360813,340,-0.82,-0.09,0,COMPLETE
36.7,73.5,0.0,38,1,2.3,25.800977726885378,0,-0.09,0.19,195,INITIAL
40.7,72.9,0.0,49,1,2.3,25.800977726885378,5,3.25,-0.51,190,INITIAL
44.7,70.5,130.0,59,1,2.3,25.800977726885378,10,3.47,-2.17,185,ACTIVE_DRYING
49.0,69.5,163.0,86,1,2.3,25.800977726885378,15,3.63,-1.76,180,ACTIVE_DRYING
48.1,66.6,189.0,87,0,2.3,25.800977726885378,20,-1.7,-2.39,175,ACTIVE_DRYING
51.9,65.7,281.0,87,1,2.3,25.800977726885378,25,3.59,-0.39,170,ACTIVE_DRYING
52.2,64.5,354.0,86,0,2.3,25.800977726885378,30,-0.16,-1.4,165,ACTIVE_DRYING
52.0,63.3,367.0,69,0,2.3,25.800977726885378,35,-1.3,-1.93,160,ACTIVE_DRYING
51.6,60.7,420.0,69,0,2.3,25.800977726885378,40,-0.61,-1.98,155,ACTIVE_DRYING
51.5,58.9,506.0,71,0,2.3,25.800977726885378,45,0.13,-1.41,150,ACTIVE_DRYING
52.1,57.5,553.0,68,0,2.3,25.800977726885378,50,0.19,-1.26,145,ACTIVE_DRYING
53.1,56.1,586.0,70,0,2.3,25.800977726885378,55,0.6,-1.75,140,ACTIVE_DRYING
53.0,54.1,594.0,72,0,2.3,25.800977726885378,60,0.33,-2.23,135,ACTIVE_DRYING
53.7,52.7,688.0,68,0,2.3,25.800977726885378,65,0.73,-1.81,130,ACTIVE_DRYING
54.7,50.4,704.0,72,0,2.3,25.800977726885378,70,1.08,-1.47,125,ACTIVE_DRYING
56.4,49.1,702.0,68,0,2.3,25.800977726885378,75,1.42,-0.91,120,ACTIVE_DRYING
56.3,47.6,709.0,70,0,2.3,25.800977726885378,80,0.69,-1.18,115,ACTIVE_DRYING
57.9,48.0,720.0,72,0,2.3,25.800977726885378,85,1.64,-1.12,110,ACTIVE_DRYING
58.0,45.0,749.0,70,0,2.3,25.800977726885378,90,-0.3,-1.96,105,ACTIVE_DRYING
57.9,44.3,719.0,68,0,2.3,25.800977726885378,95,-0.24,-0.5,100,ACTIVE_DRYING
58.1,43.6,795.0,57,0,2.3,25.800977726885378,100,-0.06,-1.92,95,ACTIVE_DRYING
58.0,41.8,758.0,55,0,2.3,25.800977726885378,105,-0.08,-2.07,90,ACTIVE_DRYING
58.2,40.0,767.0,55,0,2.3,25.800977726885378,110,-0.23,-1.76,85,STABILIZING
58.0,39.6,735.0,53,0,2.3,25.800977726885378,115,0.06,-0.86,80,STABILIZING
58.4,38.4,667.0,57,0,2.3,25.800977726885378,120,0.09,-1.73,75,STABILIZING
58.5,37.6,638.0,57,0,2.3,25.800977726885378,125,-0.4,-0.72,70,NEAR_COMPLETE
57.6,36.8,700.0,53,0,2.3,25.800977726885378,130,-0.03,-0.55,65,NEAR_COMPLETE
58.0,36.1,631.0,56,0,2.3,25.800977726885378,135,0.06,-0.83,60,NEAR_COMPLETE
58.4,35.5,569.0,53,0,2.3,25.800977726885378,140,0.32,-1.04,55,NEAR_COMPLETE
57.9,33.7,555.0,55,0,2.3,25.800977726885378,145,-0.83,-2.11,50,NEAR_COMPLETE
57.9,34.3,478.0,56,0,2.3,25.800977726885378,150,-0.07,0.79,45,NEAR_COMPLETE
58.0,32.3,488.0,54,0,2.3,25.800977726885378,155,0.0,-1.15,40,NEAR_COMPLETE
57.3,32.7,370.0,55,0,2.3,25.800977726885378,160,-0.07,0.48,35,NEAR_COMPLETE
57.5,31.3,377.0,55,0,2.3,25.800977726885378,165,-0.52,-0.75,30,COMPLETE
57.1,30.3,309.0,56,0,2.3,25.800977726885378,170,-0.51,-0.83,25,COMPLETE
56.7,30.7,210.0,57,0,2.3,25.800977726885378,175,-1.01,-0.55,20,COMPLETE
54.9,29.5,183.0,56,0,2.3,25.800977726885378,180,-1.2,-1.75,15,COMPLETE
54.0,27.9,126.0,53,0,2.3,25.800977726885378,185,-0.47,-1.69,10,COMPLETE
52.9,27.5,19.0,55,0,2.3,25.800977726885378,190,-1.55,-0.74,5,COMPLETE
50.7,26.5,9.0,55,0,2.3,25.800977726885378,195,-2.36,-1.48,0,COMPLETE
36.1,72.2,13.0,40,1,1.8,36.62631550003265,0,0.02,-0.4,221,INITIAL
40.9,71.1,74.0,50,1,1.8,36.62631550003265,5,4.97,-1.24,216,INITIAL
44.6,70.0,68.0,62,1,1.8,36.62631550003265,10,4.09,-1.87,211,ACTIVE_DRYING
48.6,67.1,160.0,85,1,1.8,36.62631550003265,15,3.78,-2.75,206,ACTIVE_DRYING
47.6,67.3,140.0,85,0,1.8,36.62631550003265,20,-1.51,-1.05,201,ACTIVE_DRYING
52.1,63.3,255.0,85,1,1.8,36.62631550003265,25,4.05,-2.76,196,ACTIVE_DRYING
51.7,63.1,327.0,72,0,1.8,36.62631550003265,30,-0.69,-0.52,191,ACTIVE_DRYING
50.9,60.5,410.0,72,0,1.8,36.62631550003265,35,-0.4,-2.03,186,ACTIVE_DRYING
51.1,59.1,428.0,70,0,1.8,36.62631550003265,40,0.36,-0.64,181,ACTIVE_DRYING
51.0,58.6,387.0,72,0,1.8,36.62631550003265,45,-0.76,-0.74,176,ACTIVE_DRYING
50.8,57.7,485.0,71,0,1.8,36.62631550003265,50,-0.25,-0.6,171,ACTIVE_DRYING
51.6,57.1,529.0,69,0,1.8,36.62631550003265,55,0.75,-1.05,166,ACTIVE_DRYING
51.8,55.5,578.0,69,0,1.8,36.62631550003265,60,0.28,-1.14,161,ACTIVE_DRYING
52.4,54.7,576.0,70,0,1.8,36.62631550003265,65,0.59,-1.3,156,ACTIVE_DRYING
53.4,52.4,665.0,71,0,1.8,36.62631550003265,70,1.04,-2.02,151,ACTIVE_DRYING
54.4,52.1,643.0,71,0,1.8,36.62631550003265,75,1.29,-0.43,146,ACTIVE_DRYING
56.1,50.6,720.0,70,0,1.8,36.62631550003265,80,1.41,-0.69,141,ACTIVE_DRYING
57.2,49.8,706.0,68,0,1.8,36.62631550003265,85,0.62,-0.48,136,ACTIVE_DRYING
58.0,48.5,761.0,68,0,1.8,36.62631550003265,90,0.56,-0.93,131,ACTIVE_DRYING
58.4,47.3,745.0,72,0,1.8,36.62631550003265,95,0.03,-1.47,126,ACTIVE_DRYING
58.0,46.3,724.0,69,0,1.8,36.62631550003265,100,-0.61,-1.1,121,ACTIVE_DRYING
57.8,44.7,728.0,71,0,1.8,36.62631550003265,105,0.09,-0.89,116,ACTIVE_DRYING
58.4,43.6,769.0,68,0,1.8,36.62631550003265,110,0.27,-1.33,111,ACTIVE_DRYING
57.9,41.6,769.0,55,0,1.8,36.62631550003265,115,-0.57,-2.09,106,NEAR_COMPLETE
58.1,39.4,768.0,54,0,1.8,36.62631550003265,120,0.07,-1.6,101,NEAR_COMPLETE
58.0,38.9,729.0,55,0,1.8,36.62631550003265,125,0.25,0.04,96,NEAR_COMPLETE
58.1,37.9,651.0,56,0,1.8,36.62631550003265,130,0.24,-0.88,91,NEAR_COMPLETE
58.4,37.4,745.0,56,0,1.8,36.62631550003265,135,0.02,-0.21,86,NEAR_COMPLETE
58.2,37.0,695.0,56,0,1.8,36.62631550003265,140,-0.47,-0.47,81,COMPLETE
57.9,35.8,654.0,55,0,1.8,36.62631550003265,145,-0.07,-2.02,76,COMPLETE
58.0,35.3,624.0,56,0,1.8,36.62631550003265,150,0.13,-0.71,71,COMPLETE
58.1,33.9,588.0,57,0,1.8,36.62631550003265,155,-0.05,-0.46,66,COMPLETE
57.9,33.6,600.0,55,0,1.8,36.62631550003265,160,-0.2,-0.11,61,COMPLETE
58.3,33.0,546.0,56,0,1.8,36.62631550003265,165,0.09,-0.56,56,COMPLETE
58.1,32.2,482.0,54,0,1.8,36.62631550003265,170,-0.17,-0.75,51,COMPLETE
58.0,29.3,416.0,53,0,1.8,36.62631550003265,175,-0.22,-2.05,46,COMPLETE
57.6,28.8,443.0,57,0,1.8,36.62631550003265,180,-0.04,-0.64,41,COMPLETE
57.8,27.9,426.0,54,0,1.8,36.62631550003265,185,0.5,-0.77,36,COMPLETE
57.6,26.8,328.0,56,0,1.8,36.62631550003265,190,-0.26,-1.19,31,COMPLETE
56.7,24.7,262.0,55,0,1.8,36.62631550003265,195,-1.22,-0.71,26,COMPLETE
56.1,24.0,209.0,53,0,1.8,36.62631550003265,200,-0.33,-0.03,21,COMPLETE
54.9,23.2,143.0,55,0,1.8,36.62631550003265,205,-1.48,-0.33,16,COMPLETE
54.1,22.9,126.0,53,0,1.8,36.62631550003265,210,-0.92,0.84,11,COMPLETE
52.2,22.5,102.0,53,0,1.8,36.62631550003265,215,-1.63,-0.25,6,COMPLETE
50.7,22.2,0.0,55,0,1.8,36.62631550003265,220,-1.19,-0.33,1,COMPLETE
34.2,72.3,0.0,40,1,1.3,34.23459306861691,0,-0.4,0.12,315,INITIAL
39.6,70.3,62.0,51,1,1.3,34.23459306861691,5,5.21,-1.61,310,INITIAL
43.8,69.2,79.0,58,1,1.3,34.23459306861691,10,4.23,-1.15,305,ACTIVE_DRYING
47.2,67.3,131.0,83,1,1.3,34.23459306861691,15,4.27,-0.7,300,ACTIVE_DRYING
51.5,65.8,112.0,84,1,1.3,34.23459306861691,20,4.31,-1.35,295,ACTIVE_DRYING
49.9,64.5,195.0,83,0,1.3,34.23459306861691,25,-1.5,-1.72,290,ACTIVE_DRYING
49.5,63.4,248.0,72,0,1.3,34.23459306861691,30,-0.49,-1.92,285,ACTIVE_DRYING
48.8,62.5,243.0,71,0,1.3,34.23459306861691,35,-1.05,-2.38,280,ACTIVE_DRYING
48.1,60.4,202.0,70,0,1.3,34.23459306861691,40,-0.73,-2.26,275,ACTIVE_DRYING
47.3,59.2,301.0,71,0,1.3,34.23459306861691,45,-0.55,-1.47,270,ACTIVE_DRYING
47.6,58.5,315.0,69,0,1.3,34.23459306861691,50,-0.3,-1.04,265,ACTIVE_DRYING
46.7,57.8,324.0,69,0,1.3,34.23459306861691,55,-1.09,-1.27,260,ACTIVE_DRYING
46.1,55.2,413.0,70,0,1.3,34.23459306861691,60,-0.52,-2.0,255,ACTIVE_DRYING
46.1,54.7,465.0,72,0,1.3,34.23459306861691,65,-0.24,-1.16,250,ACTIVE_DRYING
46.6,53.6,508.0,70,0,1.3,34.23459306861691,70,0.3,-0.92,245,ACTIVE_DRYING
47.7,52.6,495.0,70,0,1.3,34.23459306861691,75,0.89,-2.0,240,ACTIVE_DRYING
48.9,51.1,537.0,71,0,1.3,34.23459306861691,80,0.19,-1.11,235,ACTIVE_DRYING
49.0,50.4,568.0,71,0,1.3,34.23459306861691,85,0.17,-2.06,230,ACTIVE_DRYING
50.1,47.5,553.0,69,0,1.3,34.23459306861691,90,0.95,-2.06,225,ACTIVE_DRYING
49.9,47.6,542.0,69,0,1.3,34.23459306861691,95,-0.35,-0.97,220,ACTIVE_DRYING
50.0,45.1,631.0,70,0,1.3,34.23459306861691,100,0.25,-1.29,215,ACTIVE_DRYING
51.6,45.2,691.0,69,0,1.3,34.23459306861691,105,1.53,-0.94,210,ACTIVE_DRYING
53.1,43.4,682.0,53,0,1.3,34.23459306861691,110,1.02,-1.88,205,ACTIVE_DRYING
54.7,41.7,726.0,55,0,1.3,34.23459306861691,115,1.13,-0.6,200,ACTIVE_DRYING
55.1,43.2,666.0,56,0,1.3,34.23459306861691,120,0.5,1.24,195,ACTIVE_DRYING
56.8,41.6,691.0,53,0,1.3,34.23459306861691,125,2.09,-1.11,190,ACTIVE_DRYING
57.8,40.3,671.0,55,0,1.3,34.23459306861691,130,0.93,-1.17,185,ACTIVE_DRYING
57.7,38.3,705.0,56,0,1.3,34.23459306861691,135,0.16,-1.07,180,ACTIVE_DRYING
58.5,38.5,754.0,54,0,1.3,34.23459306861691,140,0.12,0.53,175,ACTIVE_DRYING
58.2,38.0,723.0,56,0,1.3,34.23459306861691,145,-0.69,-0.77,170,ACTIVE_DRYING
58.1,37.5,787.0,54,0,1.3,34.23459306861691,150,-0.18,-1.35,165,ACTIVE_DRYING
57.8,37.3,740.0,54,0,1.3,34.23459306861691,155,-0.43,-0.81,160,ACTIVE_DRYING
58.2,34.4,747.0,57,0,1.3,34.23459306861691,160,0.11,-2.12,155,NEAR_COMPLETE
57.6,33.4,801.0,53,0,1.3,34.23459306861691,165,-0.13,-0.41,150,NEAR_COMPLETE
57.7,32.3,709.0,53,0,1.3,34.23459306861691,170,0.27,-0.61,145,NEAR_COMPLETE
57.9,31.0,748.0,54,0,1.3,34.23459306861691,175,0.24,-0.88,140,NEAR_COMPLETE
57.6,31.1,728.0,56,0,1.3,34.23459306861691,180,0.37,-0.42,135,NEAR_COMPLETE
58.2,30.4,724.0,54,0,1.3,34.23459306861691,185,1.0,-1.24,130,NEAR_COMPLETE
57.6,28.8,706.0,53,0,1.3,34.23459306861691,190,-0.28,-2.42,125,NEAR_COMPLETE
58.2,28.2,690.0,54,0,1.3,34.23459306861691,195,0.46,-0.83,120,COMPLETE
57.9,27.1,717.0,57,0,1.3,34.23459306861691,200,-0.22,-1.37,115,COMPLETE
57.8,27.2,586.0,57,0,1.3,34.23459306861691,205,0.35,-0.1,110,COMPLETE
57.7,25.8,624.0,54,0,1.3,34.23459306861691,210,0.31,-1.22,105,COMPLETE
58.1,25.3,680.0,56,0,1.3,34.23459306861691,215,0.08,-0.13,100,COMPLETE
58.1,24.5,583.0,56,0,1.3,34.23459306861691,220,0.09,-0.24,95,COMPLETE
57.9,24.7,588.0,53,0,1.3,34.23459306861691,225,-0.09,-0.45,90,COMPLETE
58.0,25.1,539.0,56,0,1.3,34.23459306861691,230,0.25,-0.46,85,COMPLETE
58.3,23.5,596.0,57,0,1.3,34.23459306861691,235,0.22,-2.64,80,COMPLETE
57.6,22.1,535.0,56,0,1.3,34.23459306861691,240,-0.42,-0.65,75,COMPLETE
58.1,21.2,471.0,54,0,1.3,34.23459306861691,245,0.3,-0.75,70,COMPLETE
58.4,20.8,431.0,55,0,1.3,34.23459306861691,250,-0.02,-0.81,65,COMPLETE
57.9,20.0,416.0,57,0,1.3,34.23459306861691,255,-0.62,-0.63,60,COMPLETE
58.1,19.4,439.0,57,0,1.3,34.23459306861691,260,0.11,-0.22,55,COMPLETE
58.2,19.4,351.0,54,0,1.3,34.23459306861691,265,-0.47,-0.54,50,COMPLETE
57.5,18.8,303.0,53,0,1.3,34.23459306861691,270,-0.32,-1.07,45,COMPLETE
57.2,18.8,321.0,55,0,1.3,34.23459306861691,275,-0.96,-0.84,40,COMPLETE
56.1,18.4,225.0,57,0,1.3,34.23459306861691,280,-1.54,-0.45,35,COMPLETE
55.0,17.9,211.0,54,0,1.3,34.23459306861691,285,-0.76,-0.44,30,COMPLETE
54.8,17.9,160.0,55,0,1.3,34.23459306861691,290,-0.49,0.51,25,COMPLETE
53.7,18.4,128.0,56,0,1.3,34.23459306861691,295,-1.06,0.09,20,COMPLETE
52.6,18.1,115.0,53,0,1.3,34.23459306861691,300,-1.15,-0.05,15,COMPLETE
51.5,18.3,57.0,53,0,1.3,34.23459306861691,305,-1.4,-0.19,10,COMPLETE
49.2,18.2,5.0,56,0,1.3,34.23459306861691,310,-2.3,-0.68,5,COMPLETE
47.3,17.8,0.0,56,0,1.3,34.23459306861691,315,-2.38,-0.01,0,COMPLETE
34.8,77.3,0.0,38,1,2.8,30.39030965647639,0,0.23,-0.38,224,INITIAL
39.0,74.0,47.0,49,1,2.8,30.39030965647639,5,4.06,-2.96,219,INITIAL
43.0,71.8,120.0,59,1,2.8,30.39030965647639,10,3.97,-1.63,214,ACTIVE_DRYING
46.7,70.2,223.0,86,1,2.8,30.39030965647639,15,4.23,-2.25,209,ACTIVE_DRYING
51.7,68.9,197.0,87,1,2.8,30.39030965647639,20,4.51,-1.78,204,ACTIVE_DRYING
50.3,66.7,251.0,87,0,2.8,30.39030965647639,25,-1.05,-2.35,199,ACTIVE_DRYING
49.9,64.9,347.0,87,0,2.8,30.39030965647639,30,-0.8,-1.78,194,ACTIVE_DRYING
49.5,62.2,330.0,68,0,2.8,30.39030965647639,35,-0.73,-2.19,189,ACTIVE_DRYING
49.0,60.7,391.0,69,0,2.8,30.39030965647639,40,-0.28,-1.49,184,ACTIVE_DRYING
50.0,59.3,444.0,68,0,2.8,30.39030965647639,45,0.45,-1.51,179,ACTIVE_DRYING
49.5,56.8,504.0,69,0,2.8,30.39030965647639,50,-0.37,-1.31,174,ACTIVE_DRYING
50.3,57.3,563.0,71,0,2.8,30.39030965647639,55,0.48,0.76,169,ACTIVE_DRYING
50.2,55.6,510.0,68,0,2.8,30.39030965647639,60,0.01,-1.81,164,ACTIVE_DRYING
51.1,55.0,652.0,72,0,2.8,30.39030965647639,65,0.61,-1.03,159,ACTIVE_DRYING
52.2,53.7,671.0,69,0,2.8,30.39030965647639,70,0.93,-1.75,154,ACTIVE_DRYING
53.0,53.1,646.0,71,0,2.8,30.39030965647639,75,0.96,-1.77,149,ACTIVE_DRYING
53.8,50.2,687.0,69,0,2.8,30.39030965647639,80,0.61,-2.7,144,ACTIVE_DRYING
54.6,50.0,689.0,72,0,2.8,30.39030965647639,85,0.58,-0.86,139,ACTIVE_DRYING
55.7,48.2,682.0,72,0,2.8,30.39030965647639,90,0.44,-2.07,134,ACTIVE_DRYING
55.7,46.5,744.0,72,0,2.8,30.39030965647639,95,0.55,-1.86,129,ACTIVE_DRYING
57.0,46.3,752.0,69,0,2.8,30.39030965647639,100,1.31,-1.11,124,ACTIVE_DRYING
58.1,45.5,746.0,68,0,2.8,30.39030965647639,105,1.2,-2.43,119,ACTIVE_DRYING
57.4,42.7,777.0,56,0,2.8,30.39030965647639,110,0.05,-2.07,114,ACTIVE_DRYING
58.0,42.3,697.0,53,0,2.8,30.39030965647639,115,0.64,-0.74,109,ACTIVE_DRYING
57.7,40.4,749.0,54,0,2.8,30.39030965647639,120,0.15,-1.28,104,ACTIVE_DRYING
58.1,39.7,738.0,56,0,2.8,30.39030965647639,125,0.75,-0.32,99,STABILIZING
57.8,40.1,737.0,53,0,2.8,30.39030965647639,130,0.1,-0.09,94,STABILIZING
58.0,39.0,723.0,54,0,2.8,30.39030965647639,135,-0.16,-1.3,89,STABILIZING
57.9,36.6,717.0,53,0,2.8,30.39030965647639,140,-0.22,-1.08,84,STABILIZING
57.8,36.6,742.0,57,0,2.8,30.39030965647639,145,-0.02,0.67,79,STABILIZING
58.8,36.1,646.0,54,0,2.8,30.39030965647639,150,0.61,-0.69,74,STABILIZING
58.4,34.2,678.0,54,0,2.8,30.39030965647639,155,-1.16,-1.67,69,STABILIZING
57.3,34.8,613.0,56,0,2.8,30.39030965647639,160,-0.3,-0.34,64,NEAR_COMPLETE
58.4,33.4,517.0,53,0,2.8,30.39030965647639,165,0.32,-1.87,59,NEAR_COMPLETE
57.8,31.9,556.0,54,0,2.8,30.39030965647639,170,-0.64,-1.26,54,NEAR_COMPLETE
57.9,29.5,526.0,56,0,2.8,30.39030965647639,175,0.38,-1.96,49,NEAR_COMPLETE
58.7,29.6,386.0,55,0,2.8,30.39030965647639,180,0.03,-0.02,44,NEAR_COMPLETE
57.7,28.0,437.0,55,0,2.8,30.39030965647639,185,-0.36,-1.61,39,NEAR_COMPLETE
57.7,28.2,357.0,55,0,2.8,30.39030965647639,190,0.1,-0.29,34,NEAR_COMPLETE
57.3,26.0,254.0,54,0,2.8,30.39030965647639,195,-0.41,-1.47,29,NEAR_COMPLETE
56.8,26.2,205.0,56,0,2.8,30.39030965647639,200,-0.78,0.62,24,NEAR_COMPLETE
55.7,25.6,182.0,53,0,2.8,30.39030965647639,205,-1.23,-0.44,19,COMPLETE
55.2,25.4,169.0,53,0,2.8,30.39030965647639,210,-0.75,-0.0,14,COMPLETE
53.8,25.2,79.0,57,0,2.8,30.39030965647639,215,-1.92,-0.83,9,COMPLETE
51.6,23.7,66.0,56,0,2.8,30.39030965647639,220,-0.98,-1.43,4,COMPLETE
34.5,71.5,15.0,39,1,1.4,25.541297544802948,0,0.23,-0.03,234,INITIAL
39.3,70.1,39.0,51,1,1.4,25.541297544802948,5,4.44,-1.89,229,INITIAL
42.6,68.5,37.0,61,1,1.4,25.541297544802948,10,3.86,-1.95,224,ACTIVE_DRYING
46.5,68.0,130.0,84,1,1.4,25.541297544802948,15,4.09,-0.05,219,ACTIVE_DRYING
50.9,65.7,218.0,84,1,1.4,25.541297544802948,20,4.26,-2.55,214,ACTIVE_DRYING
49.4,62.5,261.0,83,0,1.4,25.541297544802948,25,-1.08,-2.97,209,ACTIVE_DRYING
49.3,61.1,308.0,71,0,1.4,25.541297544802948,30,0.09,-1.42,204,ACTIVE_DRYING
48.9,60.0,337.0,69,0,1.4,25.541297544802948,35,-0.26,-1.33,199,ACTIVE_DRYING
48.8,59.1,379.0,71,0,1.4,25.541297544802948,40,0.23,-1.61,194,ACTIVE_DRYING
49.1,58.5,432.0,68,0,1.4,25.541297544802948,45,0.5,-1.58,189,ACTIVE_DRYING
50.1,57.5,494.0,68,0,1.4,25.541297544802948,50,0.64,-2.02,184,ACTIVE_DRYING
50.3,55.8,503.0,69,0,1.4,25.541297544802948,55,-0.05,-2.03,179,ACTIVE_DRYING
50.6,54.2,545.0,71,0,1.4,25.541297544802948,60,0.48,-1.58,174,ACTIVE_DRYING
51.9,51.9,613.0,68,0,1.4,25.541297544802948,65,1.64,-1.94,169,ACTIVE_DRYING
53.0,50.9,635.0,70,0,1.4,25.541297544802948,70,1.12,-0.94,164,ACTIVE_DRYING
53.4,49.8,623.0,70,0,1.4,25.541297544802948,75,0.67,-1.37,159,ACTIVE_DRYING
54.8,49.4,679.0,69,0,1.4,25.541297544802948,80,1.44,-1.0,154,ACTIVE_DRYING
55.4,48.1,685.0,71,0,1.4,25.541297544802948,85,1.2,-1.64,149,ACTIVE_DRYING
57.2,46.6,658.0,72,0,1.4,25.541297544802948,90,1.62,-1.38,144,ACTIVE_DRYING
57.7,45.3,738.0,71,0,1.4,25.541297544802948,95,0.53,-1.48,139,ACTIVE_DRYING
58.2,44.1,731.0,54,0,1.4,25.541297544802948,100,0.05,-0.61,134,ACTIVE_DRYING
58.3,43.6,740.0,54,0,1.4,25.541297544802948,105,-0.25,-1.2,129,ACTIVE_DRYING
57.2,41.3,760.0,56,0,1.4,25.541297544802948,110,-0.4,-1.42,124,ACTIVE_DRYING
58.3,40.6,709.0,55,0,1.4,25.541297544802948,115,0.85,0.18,119,ACTIVE_DRYING
57.9,39.3,726.0,56,0,1.4,25.541297544802948,120,-0.04,-0.9,114,ACTIVE_DRYING
58.3,36.9,707.0,57,0,1.4,25.541297544802948,125,0.21,-1.34,109,ACTIVE_DRYING
57.9,37.7,774.0,55,0,1.4,25.541297544802948,130,-0.32,0.72,104,STABILIZING
58.2,36.6,718.0,57,0,1.4,25.541297544802948,135,-0.26,-1.38,99,STABILIZING
57.9,36.1,739.0,54,0,1.4,25.541297544802948,140,-0.36,-1.68,94,STABILIZING
57.6,35.0,665.0,56,0,1.4,25.541297544802948,145,0.07,-1.92,89,STABILIZING
58.1,34.5,671.0,56,0,1.4,25.541297544802948,150,0.26,-1.05,84,STABILIZING
57.9,34.1,672.0,53,0,1.4,25.541297544802948,155,-0.11,-1.16,79,STABILIZING
58.2,32.3,632.0,57,0,1.4,25.541297544802948,160,0.08,-1.75,74,NEAR_COMPLETE
58.3,31.4,597.0,56,0,1.4,25.541297544802948,165,-0.12,-1.4,69,NEAR_COMPLETE
57.9,30.5,553.0,54,0,1.4,25.541297544802948,170,-0.32,-1.24,64,NEAR_COMPLETE
58.0,29.7,505.0,57,0,1.4,25.541297544802948,175,-0.05,-1.4,59,NEAR_COMPLETE
58.2,28.7,505.0,54,0,1.4,25.541297544802948,180,-0.2,-0.72,54,NEAR_COMPLETE
58.2,29.4,452.0,57,0,1.4,25.541297544802948,185,-0.21,-0.07,49,NEAR_COMPLETE
57.8,28.3,425.0,54,0,1.4,25.541297544802948,190,-0.03,-1.65,44,NEAR_COMPLETE
57.3,26.4,334.0,55,0,1.4,25.541297544802948,195,-0.07,-0.66,39,NEAR_COMPLETE
56.4,26.3,350.0,55,0,1.4,25.541297544802948,200,-0.29,-0.12,34,NEAR_COMPLETE
57.2,26.3,294.0,54,0,1.4,25.541297544802948,205,0.85,-0.05,29,NEAR_COMPLETE
56.6,25.4,279.0,54,0,1.4,25.541297544802948,210,-0.33,-0.98,24,NEAR_COMPLETE
56.4,23.9,174.0,55,0,1.4,25.541297544802948,215,-0.72,-0.94,19,COMPLETE
55.4,23.5,201.0,55,0,1.4,25.541297544802948,220,-1.16,0.29,14,COMPLETE
53.1,24.2,91.0,55,0,1.4,25.541297544802948,225,-2.11,0.5,9,COMPLETE
52.5,23.0,83.0,54,0,1.4,25.541297544802948,230,-0.7,-1.22,4,COMPLETE
35.3,72.5,2.0,40,1,1.9,39.4200809906975,0,0.27,-0.19,221,INITIAL
40.3,72.5,63.0,48,1,1.9,39.4200809906975,5,4.9,-0.34,216,INITIAL
44.7,70.9,175.0,61,1,1.9,39.4200809906975,10,4.53,-1.92,211,ACTIVE_DRYING
49.2,68.7,143.0,84,1,1.9,39.4200809906975,15,4.11,-1.29,206,ACTIVE_DRYING
47.3,67.7,198.0,85,0,1.9,39.4200809906975,20,-1.7,-1.31,201,ACTIVE_DRYING
52.6,66.7,311.0,85,1,1.9,39.4200809906975,25,5.27,-0.45,196,ACTIVE_DRYING
51.8,65.6,286.0,86,0,1.9,39.4200809906975,30,-1.28,-1.26,191,ACTIVE_DRYING
50.6,64.2,339.0,84,0,1.9,39.4200809906975,35,-1.07,-2.03,186,ACTIVE_DRYING
50.4,63.0,427.0,70,0,1.9,39.4200809906975,40,-0.0,-1.25,181,ACTIVE_DRYING
50.6,61.1,410.0,70,0,1.9,39.4200809906975,45,0.43,-1.65,176,ACTIVE_DRYING
51.2,60.0,513.0,69,0,1.9,39.4200809906975,50,0.58,-1.03,171,ACTIVE_DRYING
51.6,59.9,522.0,72,0,1.9,39.4200809906975,55,0.31,-0.68,166,ACTIVE_DRYING
52.0,58.1,554.0,70,0,1.9,39.4200809906975,60,-0.07,-1.44,161,ACTIVE_DRYING
52.2,56.4,532.0,69,0,1.9,39.4200809906975,65,0.18,-1.44,156,ACTIVE_DRYING
52.6,56.0,604.0,69,0,1.9,39.4200809906975,70,0.09,-0.61,151,ACTIVE_DRYING
53.3,55.8,681.0,68,0,1.9,39.4200809906975,75,1.17,-0.82,146,ACTIVE_DRYING
53.7,54.3,695.0,68,0,1.9,39.4200809906975,80,0.82,-2.03,141,ACTIVE_DRYING
55.4,54.1,709.0,72,0,1.9,39.4200809906975,85,1.82,-1.15,136,ACTIVE_DRYING
55.6,52.1,714.0,68,0,1.9,39.4200809906975,90,0.44,-1.94,131,ACTIVE_DRYING
57.2,50.9,712.0,72,0,1.9,39.4200809906975,95,1.33,-1.86,126,ACTIVE_DRYING
57.9,50.1,776.0,71,0,1.9,39.4200809906975,100,0.61,-1.07,121,ACTIVE_DRYING
57.8,49.4,754.0,69,0,1.9,39.4200809906975,105,0.23,-0.23,116,ACTIVE_DRYING
58.2,48.2,727.0,69,0,1.9,39.4200809906975,110,0.12,-0.8,111,ACTIVE_DRYING
58.5,45.9,750.0,69,0,1.9,39.4200809906975,115,-0.18,-2.21,106,ACTIVE_DRYING
58.0,45.3,803.0,69,0,1.9,39.4200809906975,120,-0.26,-0.53,101,ACTIVE_DRYING
58.2,45.0,767.0,70,0,1.9,39.4200809906975,125,0.35,-0.81,96,STABILIZING
58.3,43.9,722.0,55,0,1.9,39.4200809906975,130,-0.33,-1.12,91,STABILIZING
58.3,44.3,678.0,55,0,1.9,39.4200809906975,135,-0.49,-0.71,86,STABILIZING
57.9,42.4,693.0,54,0,1.9,39.4200809906975,140,-0.48,-2.22,81,STABILIZING
58.2,41.0,665.0,53,0,1.9,39.4200809906975,145,0.2,-1.02,76,STABILIZING
57.7,41.0,615.0,53,0,1.9,39.4200809906975,150,-0.02,-0.11,71,NEAR_COMPLETE
58.3,39.0,556.0,54,0,1.9,39.4200809906975,155,0.48,-1.86,66,NEAR_COMPLETE
58.1,36.7,572.0,54,0,1.9,39.4200809906975,160,-0.12,-1.51,61,NEAR_COMPLETE
58.0,36.4,562.0,55,0,1.9,39.4200809906975,165,-0.13,-0.19,56,NEAR_COMPLETE
57.9,37.3,475.0,57,0,1.9,39.4200809906975,170,-0.37,-0.87,51,NEAR_COMPLETE
57.7,33.5,421.0,53,0,1.9,39.4200809906975,175,-0.29,-2.71,46,NEAR_COMPLETE
57.4,33.6,431.0,53,0,1.9,39.4200809906975,180,0.47,0.19,41,NEAR_COMPLETE
57.5,31.8,363.0,57,0,1.9,39.4200809906975,185,0.43,-1.35,36,COMPLETE
57.3,31.6,272.0,53,0,1.9,39.4200809906975,190,-0.18,-0.18,31,COMPLETE
56.3,31.0,249.0,56,0,1.9,39.4200809906975,195,-0.88,-1.76,26,COMPLETE
56.0,29.3,234.0,56,0,1.9,39.4200809906975,200,-0.21,-0.82,21,COMPLETE
55.0,28.1,214.0,55,0,1.9,39.4200809906975,205,-0.58,-1.21,16,COMPLETE
54.1,26.1,90.0,56,0,1.9,39.4200809906975,210,-0.68,-1.29,11,COMPLETE
53.0,26.6,64.0,57,0,1.9,39.4200809906975,215,-1.28,0.21,6,COMPLETE
50.8,26.2,37.0,57,0,1.9,39.4200809906975,220,-1.56,-0.08,1,COMPLETE
35.6,72.4,0.0,38,1,1.3,39.516005140541445,0,-0.2,0.22,211,INITIAL
39.8,71.3,100.0,49,1,1.3,39.516005140541445,5,4.16,-1.19,206,INITIAL
43.5,70.1,64.0,62,1,1.3,39.516005140541445,10,3.84,-2.21,201,ACTIVE_DRYING
48.1,69.3,151.0,84,1,1.3,39.516005140541445,15,3.99,-1.5,196,ACTIVE_DRYING
51.9,66.5,216.0,86,1,1.3,39.516005140541445,20,3.7,-1.55,191,ACTIVE_DRYING
50.9,66.0,299.0,85,0,1.3,39.516005140541445,25,-0.96,-0.05,186,ACTIVE_DRYING
50.2,65.2,313.0,84,0,1.3,39.516005140541445,30,-0.75,-1.62,181,ACTIVE_DRYING
50.2,62.6,429.0,68,0,1.3,39.516005140541445,35,0.18,-1.64,176,ACTIVE_DRYING
50.0,61.3,399.0,71,0,1.3,39.516005140541445,40,-0.39,-0.99,171,ACTIVE_DRYING
49.4,59.9,493.0,71,0,1.3,39.516005140541445,45,-0.45,-1.01,166,ACTIVE_DRYING
50.4,60.1,468.0,72,0,1.3,39.516005140541445,50,0.85,-0.7,161,ACTIVE_DRYING
50.7,59.8,616.0,68,0,1.3,39.516005140541445,55,0.53,-1.36,156,ACTIVE_DRYING
51.5,57.7,605.0,72,0,1.3,39.516005140541445,60,1.03,-1.82,151,ACTIVE_DRYING
53.2,57.0,612.0,68,0,1.3,39.516005140541445,65,1.78,-0.66,146,ACTIVE_DRYING
54.0,55.4,635.0,69,0,1.3,39.516005140541445,70,0.48,-2.03,141,ACTIVE_DRYING
54.8,53.8,730.0,69,0,1.3,39.516005140541445,75,0.82,-1.3,136,ACTIVE_DRYING
56.1,52.7,691.0,71,0,1.3,39.516005140541445,80,0.99,-1.11,131,ACTIVE_DRYING
56.7,50.6,753.0,72,0,1.3,39.516005140541445,85,0.33,-1.64,126,ACTIVE_DRYING
57.9,49.5,717.0,71,0,1.3,39.516005140541445,90,1.23,-0.75,121,ACTIVE_DRYING
57.9,48.1,726.0,72,0,1.3,39.516005140541445,95,-0.16,-1.22,116,ACTIVE_DRYING
58.8,48.0,745.0,71,0,1.3,39.516005140541445,100,0.07,0.57,111,ACTIVE_DRYING
58.4,46.9,745.0,71,0,1.3,39.516005140541445,105,-0.71,-0.9,106,ACTIVE_DRYING
57.7,47.3,809.0,72,0,1.3,39.516005140541445,110,-0.45,-0.25,101,ACTIVE_DRYING
58.2,46.0,786.0,70,0,1.3,39.516005140541445,115,0.35,-1.52,96,ACTIVE_DRYING
57.7,45.7,788.0,70,0,1.3,39.516005140541445,120,-0.33,-0.06,91,STABILIZING
57.9,45.4,709.0,68,0,1.3,39.516005140541445,125,0.24,0.07,86,STABILIZING
57.7,44.5,738.0,72,0,1.3,39.516005140541445,130,0.2,-0.46,81,STABILIZING
57.8,43.8,606.0,53,0,1.3,39.516005140541445,135,0.0,-0.94,76,STABILIZING
58.0,42.5,611.0,55,0,1.3,39.516005140541445,140,0.34,-0.42,71,STABILIZING
57.7,41.9,651.0,56,0,1.3,39.516005140541445,145,-0.23,0.1,66,STABILIZING
58.1,41.6,541.0,56,0,1.3,39.516005140541445,150,0.32,-0.52,61,STABILIZING
58.2,40.5,592.0,57,0,1.3,39.516005140541445,155,0.09,-1.5,56,STABILIZING
57.8,40.1,542.0,54,0,1.3,39.516005140541445,160,-0.29,-1.51,51,STABILIZING
58.1,38.3,514.0,57,0,1.3,39.516005140541445,165,0.16,-1.97,46,NEAR_COMPLETE
58.2,37.3,427.0,55,0,1.3,39.516005140541445,170,-0.42,-0.46,41,NEAR_COMPLETE
57.3,35.9,381.0,57,0,1.3,39.516005140541445,175,-1.02,-1.08,36,NEAR_COMPLETE
56.3,35.2,302.0,56,0,1.3,39.516005140541445,180,-0.68,-0.86,31,NEAR_COMPLETE
56.3,35.8,218.0,54,0,1.3,39.516005140541445,185,0.13,-0.04,26,NEAR_COMPLETE
55.3,34.9,213.0,55,0,1.3,39.516005140541445,190,-0.96,-1.73,21,NEAR_COMPLETE
54.2,32.5,156.0,57,0,1.3,39.516005140541445,195,-1.12,-2.33,16,NEAR_COMPLETE
52.9,30.9,117.0,57,0,1.3,39.516005140541445,200,-0.77,-1.01,11,NEAR_COMPLETE
51.9,30.6,99.0,55,0,1.3,39.516005140541445,205,-0.96,-0.54,6,COMPLETE
50.4,30.6,47.0,54,0,1.3,39.516005140541445,210,-1.43,-0.71,1,COMPLETE
34.8,70.7,0.0,38,1,2.2,38.614156868267756,0,0.16,0.11,196,INITIAL
39.3,69.9,57.0,50,1,2.2,38.614156868267756,5,4.07,-0.84,191,INITIAL
43.3,68.7,186.0,58,1,2.2,38.614156868267756,10,4.5,-0.67,186,ACTIVE_DRYING
47.0,66.9,159.0,85,1,2.2,38.614156868267756,15,4.21,-1.26,181,ACTIVE_DRYING
52.0,67.5,213.0,86,1,2.2,38.614156868267756,20,4.83,0.19,176,ACTIVE_DRYING
51.1,65.5,226.0,85,0,2.2,38.614156868267756,25,-0.93,-1.68,171,ACTIVE_DRYING
51.1,65.9,351.0,85,0,2.2,38.614156868267756,30,-0.62,-0.06,166,ACTIVE_DRYING
50.2,64.0,396.0,85,0,2.2,38.614156868267756,35,-0.52,-1.01,161,ACTIVE_DRYING
49.6,62.5,441.0,68,0,2.2,38.614156868267756,40,0.06,-1.2,156,ACTIVE_DRYING
50.8,61.4,482.0,69,0,2.2,38.614156868267756,45,0.88,-0.45,151,ACTIVE_DRYING
50.5,59.9,531.0,72,0,2.2,38.614156868267756,50,0.42,-1.25,146,ACTIVE_DRYING
51.3,58.8,531.0,69,0,2.2,38.614156868267756,55,1.42,-0.73,141,ACTIVE_DRYING
52.9,57.1,565.0,71,0,2.2,38.614156868267756,60,0.83,-0.57,136,ACTIVE_DRYING
53.5,57.2,673.0,71,0,2.2,38.614156868267756,65,0.47,-0.72,131,ACTIVE_DRYING
53.4,57.0,717.0,72,0,2.2,38.614156868267756,70,0.27,-0.9,126,ACTIVE_DRYING
55.1,55.1,719.0,69,0,2.2,38.614156868267756,75,1.7,-1.86,121,ACTIVE_DRYING
55.8,55.0,689.0,71,0,2.2,38.614156868267756,80,1.0,0.51,116,ACTIVE_DRYING
56.3,54.2,794.0,70,0,2.2,38.614156868267756,85,1.29,-0.4,111,ACTIVE_DRYING
57.8,52.6,743.0,71,0,2.2,38.614156868267756,90,1.65,-0.49,106,ACTIVE_DRYING
57.8,52.2,732.0,72,0,2.2,38.614156868267756,95,0.56,-0.43,101,ACTIVE_DRYING
58.1,50.7,771.0,70,0,2.2,38.614156868267756,100,0.58,-1.62,96,ACTIVE_DRYING
58.1,49.5,749.0,69,0,2.2,38.614156868267756,105,0.27,-0.86,91,ACTIVE_DRYING
57.8,50.1,716.0,69,0,2.2,38.614156868267756,110,-0.68,-1.05,86,STABILIZING
57.9,46.4,691.0,72,0,2.2,38.614156868267756,115,0.42,-2.89,81,STABILIZING
57.9,47.2,638.0,68,0,2.2,38.614156868267756,120,0.34,0.19,76,STABILIZING
58.4,46.8,673.0,71,0,2.2,38.614156868267756,125,0.52,-1.5,71,STABILIZING
57.9,45.2,666.0,69,0,2.2,38.614156868267756,130,-0.31,-1.37,66,STABILIZING
57.8,44.9,595.0,56,0,2.2,38.614156868267756,135,0.11,-0.82,61,STABILIZING
57.6,43.0,566.0,54,0,2.2,38.614156868267756,140,0.29,-2.18,56,STABILIZING
57.9,41.9,496.0,53,0,2.2,38.614156868267756,145,0.24,-1.58,51,STABILIZING
58.2,39.9,567.0,56,0,2.2,38.614156868267756,150,0.22,-0.98,46,STABILIZING
57.8,39.6,441.0,56,0,2.2,38.614156868267756,155,-0.36,-0.07,41,STABILIZING
58.0,38.7,395.0,53,0,2.2,38.614156868267756,160,-0.06,-0.75,36,STABILIZING
57.5,38.4,342.0,57,0,2.2,38.614156868267756,165,-0.32,-0.86,31,STABILIZING
57.1,36.5,281.0,53,0,2.2,38.614156868267756,170,-0.19,-2.26,26,STABILIZING
55.4,36.4,184.0,55,0,2.2,38.614156868267756,175,-1.15,-0.75,21,STABILIZING
55.5,34.4,173.0,55,0,2.2,38.614156868267756,180,-0.16,-2.28,16,STABILIZING
54.4,32.7,146.0,53,0,2.2,38.614156868267756,185,-1.41,-1.52,11,STABILIZING
52.6,31.2,78.0,53,0,2.2,38.614156868267756,190,-1.71,-0.33,6,STABILIZING
50.9,30.5,38.0,53,0,2.2,38.614156868267756,195,-1.57,-0.15,1,NEAR_COMPLETE
35.0,70.0,6.0,39,1,2.9,25.999724776853753,0,0.11,-0.24,325,INITIAL
39.6,68.7,40.0,48,1,2.9,25.999724776853753,5,4.75,-2.06,320,INITIAL
44.0,66.6,113.0,59,1,2.9,25.999724776853753,10,4.68,-2.51,315,ACTIVE_DRYING
47.6,64.6,124.0,87,1,2.9,25.999724776853753,15,3.18,-2.17,310,ACTIVE_DRYING
51.6,61.5,131.0,70,1,2.9,25.999724776853753,20,3.78,-2.14,305,ACTIVE_DRYING
49.6,59.8,145.0,72,0,2.9,25.999724776853753,25,-1.98,-1.38,300,ACTIVE_DRYING
48.9,59.3,214.0,68,0,2.9,25.999724776853753,30,-0.5,-0.09,295,ACTIVE_DRYING
48.7,56.7,261.0,72,0,2.9,25.999724776853753,35,-0.6,-1.59,290,ACTIVE_DRYING
47.6,56.4,260.0,72,0,2.9,25.999724776853753,40,-1.28,-0.64,285,ACTIVE_DRYING
47.5,55.1,281.0,72,0,2.9,25.999724776853753,45,-0.55,-1.15,280,ACTIVE_DRYING
47.2,54.4,339.0,71,0,2.9,25.999724776853753,50,-0.63,-0.42,275,ACTIVE_DRYING
46.8,52.7,395.0,70,0,2.9,25.999724776853753,55,-0.28,-1.45,270,ACTIVE_DRYING
46.3,50.1,373.0,72,0,2.9,25.999724776853753,60,-0.84,-1.32,265,ACTIVE_DRYING
46.7,50.3,441.0,70,0,2.9,25.999724776853753,65,0.76,0.72,260,ACTIVE_DRYING
47.1,49.3,481.0,68,0,2.9,25.999724776853753,70,0.09,-0.35,255,ACTIVE_DRYING
47.4,48.3,543.0,72,0,2.9,25.999724776853753,75,0.68,-1.17,250,ACTIVE_DRYING
48.5,45.5,583.0,71,0,2.9,25.999724776853753,80,0.85,-2.61,245,ACTIVE_DRYING
49.0,45.2,609.0,72,0,2.9,25.999724776853753,85,0.38,-1.16,240,ACTIVE_DRYING
49.7,42.9,517.0,55,0,2.9,25.999724776853753,90,0.78,-2.33,235,ACTIVE_DRYING
51.3,41.9,618.0,57,0,2.9,25.999724776853753,95,0.78,-0.75,230,ACTIVE_DRYING
52.1,41.0,653.0,56,0,2.9,25.999724776853753,100,0.27,-1.67,225,ACTIVE_DRYING
52.8,39.1,609.0,54,0,2.9,25.999724776853753,105,0.29,-1.93,220,ACTIVE_DRYING
53.9,38.1,611.0,55,0,2.9,25.999724776853753,110,1.17,-0.6,215,ACTIVE_DRYING
54.4,36.8,690.0,56,0,2.9,25.999724776853753,115,0.92,-0.78,210,ACTIVE_DRYING
55.8,36.9,712.0,56,0,2.9,25.999724776853753,120,1.44,0.62,205,ACTIVE_DRYING
57.6,35.7,701.0,55,0,2.9,25.999724776853753,125,1.67,-1.88,200,ACTIVE_DRYING
58.4,33.8,710.0,55,0,2.9,25.999724776853753,130,0.64,-1.01,195,NEAR_COMPLETE
57.8,33.8,723.0,55,0,2.9,25.999724776853753,135,-0.15,-0.92,190,NEAR_COMPLETE
58.2,32.5,735.0,54,0,2.9,25.999724776853753,140,0.44,-1.42,185,NEAR_COMPLETE
57.8,31.6,713.0,55,0,2.9,25.999724776853753,145,-0.16,-1.07,180,NEAR_COMPLETE
57.7,31.0,699.0,56,0,2.9,25.999724776853753,150,0.09,-0.88,175,NEAR_COMPLETE
57.9,29.6,751.0,57,0,2.9,25.999724776853753,155,0.44,-1.25,170,NEAR_COMPLETE
58.3,28.8,729.0,55,0,2.9,25.999724776853753,160,0.14,-0.61,165,NEAR_COMPLETE
57.7,27.7,742.0,55,0,2.9,25.999724776853753,165,-0.43,-0.89,160,COMPLETE
57.9,26.4,778.0,55,0,2.9,25.999724776853753,170,0.02,-0.8,155,COMPLETE
57.8,26.6,746.0,54,0,2.9,25.999724776853753,175,0.14,0.36,150,COMPLETE
58.2,26.9,735.0,57,0,2.9,25.999724776853753,180,0.48,-0.03,145,COMPLETE
57.8,25.0,737.0,53,0,2.9,25.999724776853753,185,-0.57,-1.2,140,COMPLETE
57.5,25.8,667.0,53,0,2.9,25.999724776853753,190,-0.07,0.49,135,COMPLETE
57.6,24.4,693.0,56,0,2.9,25.999724776853753,195,0.58,-1.33,130,COMPLETE
57.4,21.7,705.0,55,0,2.9,25.999724776853753,200,0.43,-0.86,125,COMPLETE
58.0,22.6,633.0,54,0,2.9,25.999724776853753,205,0.52,0.62,120,COMPLETE
57.8,21.1,638.0,55,0,2.9,25.999724776853753,210,0.22,-1.4,115,COMPLETE
57.8,20.2,737.0,57,0,2.9,25.999724776853753,215,0.37,-0.53,110,COMPLETE
57.6,19.4,619.0,56,0,2.9,25.999724776853753,220,0.28,-0.62,105,COMPLETE
58.2,19.0,569.0,54,0,2.9,25.999724776853753,225,0.36,-0.45,100,COMPLETE
57.6,19.1,578.0,53,0,2.9,25.999724776853753,230,-0.4,-0.21,95,COMPLETE
58.2,18.7,606.0,54,0,2.9,25.999724776853753,235,0.41,-0.52,90,COMPLETE
58.0,17.3,563.0,56,0,2.9,25.999724776853753,240,-0.37,-0.88,85,COMPLETE
58.0,17.9,537.0,54,0,2.9,25.999724776853753,245,0.13,0.75,80,COMPLETE
58.1,17.4,524.0,55,0,2.9,25.999724776853753,250,-0.2,-0.11,75,COMPLETE
58.0,18.4,475.0,55,0,2.9,25.999724776853753,255,-0.56,0.68,70,COMPLETE
58.0,18.7,396.0,57,0,2.9,25.999724776853753,260,-0.24,-0.33,65,COMPLETE
57.8,17.5,414.0,57,0,2.9,25.999724776853753,265,-0.14,-0.53,60,COMPLETE
58.3,18.1,407.0,55,0,2.9,25.999724776853753,270,0.21,0.4,55,COMPLETE
58.1,17.6,369.0,56,0,2.9,25.999724776853753,275,-0.68,-0.17,50,COMPLETE
57.7,18.0,331.0,56,0,2.9,25.999724776853753,280,-0.55,0.52,45,COMPLETE
56.7,18.3,300.0,57,0,2.9,25.999724776853753,285,-0.96,-0.01,40,COMPLETE
56.2,19.0,262.0,53,0,2.9,25.999724776853753,290,-0.43,-0.34,35,COMPLETE
55.3,18.4,213.0,54,0,2.9,25.999724776853753,295,-0.66,-1.03,30,COMPLETE
54.4,17.7,147.0,55,0,2.9,25.999724776853753,300,-0.94,-1.02,25,COMPLETE
53.8,17.7,156.0,56,0,2.9,25.999724776853753,305,-0.49,0.7,20,COMPLETE
52.1,17.8,64.0,56,0,2.9,25.999724776853753,310,-1.52,-0.05,15,COMPLETE
51.5,18.8,31.0,54,0,2.9,25.999724776853753,315,-0.92,-0.23,10,COMPLETE
49.5,18.2,0.0,55,0,2.9,25.999724776853753,320,-1.7,-0.98,5,COMPLETE
48.8,18.0,0.0,53,0,2.9,25.999724776853753,325,-0.99,-0.45,0,COMPLETE
35.2,75.2,31.0,41,1,2.6,32.95535935084742,0,-0.01,-0.08,198,INITIAL
38.8,72.7,47.0,52,1,2.6,32.95535935084742,5,4.25,-2.11,193,INITIAL
43.6,72.6,124.0,58,1,2.6,32.95535935084742,10,4.28,-0.55,188,ACTIVE_DRYING
47.3,70.3,177.0,84,1,2.6,32.95535935084742,15,3.31,-2.43,183,ACTIVE_DRYING
51.4,68.2,230.0,83,1,2.6,32.95535935084742,20,4.64,-2.15,178,ACTIVE_DRYING
50.6,66.8,232.0,83,0,2.6,32.95535935084742,25,-0.8,-1.06,173,ACTIVE_DRYING
49.8,66.0,330.0,87,0,2.6,32.95535935084742,30,-0.66,-0.93,168,ACTIVE_DRYING
49.3,63.6,405.0,87,0,2.6,32.95535935084742,35,-0.23,-1.66,163,ACTIVE_DRYING
49.2,62.7,418.0,71,0,2.6,32.95535935084742,40,-0.4,-0.7,158,ACTIVE_DRYING
50.2,61.3,512.0,68,0,2.6,32.95535935084742,45,0.51,-1.6,153,ACTIVE_DRYING
50.7,59.6,513.0,72,0,2.6,32.95535935084742,50,-0.32,-1.23,148,ACTIVE_DRYING
50.6,58.6,550.0,72,0,2.6,32.95535935084742,55,0.09,-0.67,143,ACTIVE_DRYING
51.6,58.4,619.0,70,0,2.6,32.95535935084742,60,0.98,-0.32,138,ACTIVE_DRYING
52.7,55.3,627.0,69,0,2.6,32.95535935084742,65,0.84,-2.87,133,ACTIVE_DRYING
52.7,54.7,659.0,70,0,2.6,32.95535935084742,70,0.79,-0.26,128,ACTIVE_DRYING
54.3,52.6,704.0,71,0,2.6,32.95535935084742,75,2.19,-1.14,123,ACTIVE_DRYING
56.0,53.9,693.0,72,0,2.6,32.95535935084742,80,1.59,1.19,118,ACTIVE_DRYING
56.9,52.3,780.0,70,0,2.6,32.95535935084742,85,1.51,-2.0,113,ACTIVE_DRYING
58.5,50.5,768.0,68,0,2.6,32.95535935084742,90,0.74,-1.8,108,ACTIVE_DRYING
57.4,48.8,810.0,71,0,2.6,32.95535935084742,95,-0.21,-1.6,103,ACTIVE_DRYING
58.5,47.6,713.0,68,0,2.6,32.95535935084742,100,0.45,-1.41,98,ACTIVE_DRYING
57.7,47.0,763.0,70,0,2.6,32.95535935084742,105,-0.34,-1.35,93,ACTIVE_DRYING
58.5,45.8,747.0,70,0,2.6,32.95535935084742,110,0.3,-2.34,88,STABILIZING
57.5,43.4,689.0,70,0,2.6,32.95535935084742,115,-0.21,-2.04,83,STABILIZING
57.4,42.0,719.0,54,0,2.6,32.95535935084742,120,0.52,-1.03,78,STABILIZING
58.0,41.4,678.0,56,0,2.6,32.95535935084742,125,0.43,-0.66,73,STABILIZING
57.7,38.9,681.0,56,0,2.6,32.95535935084742,130,-0.09,-2.64,68,STABILIZING
58.0,38.9,649.0,57,0,2.6,32.95535935084742,135,0.2,0.14,63,STABILIZING
57.6,38.9,588.0,57,0,2.6,32.95535935084742,140,0.09,-0.54,58,STABILIZING
58.0,37.4,595.0,53,0,2.6,32.95535935084742,145,0.35,-2.08,53,STABILIZING
57.6,36.3,520.0,53,0,2.6,32.95535935084742,150,-0.06,-1.24,48,STABILIZING
57.8,35.6,487.0,54,0,2.6,32.95535935084742,155,0.5,-1.07,43,STABILIZING
57.4,35.8,427.0,57,0,2.6,32.95535935084742,160,0.11,0.4,38,STABILIZING
57.6,36.5,399.0,55,0,2.6,32.95535935084742,165,0.41,0.05,33,NEAR_COMPLETE
56.7,34.3,305.0,56,0,2.6,32.95535935084742,170,-0.74,-2.71,28,NEAR_COMPLETE
55.8,32.5,280.0,53,0,2.6,32.95535935084742,175,-1.21,-1.76,23,NEAR_COMPLETE
55.0,31.6,244.0,53,0,2.6,32.95535935084742,180,-0.89,-0.97,18,NEAR_COMPLETE
54.6,30.7,153.0,56,0,2.6,32.95535935084742,185,-0.53,-0.49,13,NEAR_COMPLETE
52.7,30.4,99.0,57,0,2.6,32.95535935084742,190,-1.9,-0.55,8,NEAR_COMPLETE
51.9,29.3,19.0,54,0,2.6,32.95535935084742,195,-1.52,-1.48,3,NEAR_COMPLETE
32.7,69.5,0.0,42,1,2.8,39.055783756995275,0,0.16,0.28,191,INITIAL
37.0,69.8,78.0,49,1,2.8,39.055783756995275,5,4.62,-0.53,186,INITIAL
41.9,67.7,119.0,60,1,2.8,39.055783756995275,10,4.51,-2.21,181,ACTIVE_DRYING
46.3,66.6,193.0,87,1,2.8,39.055783756995275,15,3.89,-1.37,176,ACTIVE_DRYING
50.4,65.6,212.0,87,1,2.8,39.055783756995275,20,4.32,-0.63,171,ACTIVE_DRYING
49.2,64.5,287.0,84,0,2.8,39.055783756995275,25,-1.01,-0.67,166,ACTIVE_DRYING
49.2,63.0,370.0,72,0,2.8,39.055783756995275,30,-0.32,-1.37,161,ACTIVE_DRYING
49.0,63.1,417.0,71,0,2.8,39.055783756995275,35,-0.04,-1.13,156,ACTIVE_DRYING
49.5,60.9,476.0,70,0,2.8,39.055783756995275,40,1.11,-2.03,151,ACTIVE_DRYING
50.1,59.6,439.0,72,0,2.8,39.055783756995275,45,0.43,-1.15,146,ACTIVE_DRYING
50.5,58.3,548.0,68,0,2.8,39.055783756995275,50,0.12,-1.43,141,ACTIVE_DRYING
51.5,58.2,564.0,71,0,2.8,39.055783756995275,55,0.73,-0.53,136,ACTIVE_DRYING
52.2,54.9,658.0,69,0,2.8,39.055783756995275,60,0.37,-2.04,131,ACTIVE_DRYING
52.9,55.3,585.0,68,0,2.8,39.055783756995275,65,0.39,0.0,126,ACTIVE_DRYING
53.9,53.2,685.0,70,0,2.8,39.055783756995275,70,0.86,-2.26,121,ACTIVE_DRYING
54.9,52.8,738.0,68,0,2.8,39.055783756995275,75,0.85,-0.27,116,ACTIVE_DRYING
55.6,51.5,736.0,70,0,2.8,39.055783756995275,80,1.11,-1.68,111,ACTIVE_DRYING
56.9,50.8,815.0,72,0,2.8,39.055783756995275,85,1.11,-1.36,106,ACTIVE_DRYING
57.7,49.9,771.0,72,0,2.8,39.055783756995275,90,1.06,-1.82,101,ACTIVE_DRYING
58.1,48.2,753.0,71,0,2.8,39.055783756995275,95,0.43,-1.86,96,ACTIVE_DRYING
58.0,46.2,735.0,72,0,2.8,39.055783756995275,100,-0.11,-1.31,91,ACTIVE_DRYING
57.8,44.8,741.0,69,0,2.8,39.055783756995275,105,0.01,-0.94,86,ACTIVE_DRYING
58.3,44.2,715.0,70,0,2.8,39.055783756995275,110,0.07,-0.54,81,STABILIZING
58.1,44.1,666.0,57,0,2.8,39.055783756995275,115,-0.44,-0.89,76,STABILIZING
58.0,41.9,682.0,56,0,2.8,39.055783756995275,120,0.05,-1.84,71,STABILIZING
57.5,41.7,711.0,56,0,2.8,39.055783756995275,125,-0.08,-0.5,66,STABILIZING
58.1,40.3,674.0,53,0,2.8,39.055783756995275,130,0.57,-0.89,61,STABILIZING
57.9,38.2,603.0,55,0,2.8,39.055783756995275,135,0.08,-1.78,56,NEAR_COMPLETE
58.3,37.1,593.0,56,0,2.8,39.055783756995275,140,0.24,-0.46,51,NEAR_COMPLETE
58.0,35.9,496.0,54,0,2.8,39.055783756995275,145,-0.54,-0.35,46,NEAR_COMPLETE
57.6,35.1,447.0,56,0,2.8,39.055783756995275,150,0.11,-0.82,41,NEAR_COMPLETE
58.3,33.4,449.0,54,0,2.8,39.055783756995275,155,0.41,-0.49,36,NEAR_COMPLETE
58.2,33.6,404.0,57,0,2.8,39.055783756995275,160,-0.28,-0.58,31,NEAR_COMPLETE
57.2,30.1,312.0,54,0,2.8,39.055783756995275,165,-0.98,-2.21,26,COMPLETE
56.9,31.1,240.0,56,0,2.8,39.055783756995275,170,-0.2,0.4,21,COMPLETE
55.7,30.2,204.0,53,0,2.8,39.055783756995275,175,-1.27,-1.38,16,COMPLETE
54.8,30.3,152.0,56,0,2.8,39.055783756995275,180,-1.22,-1.0,11,COMPLETE
52.9,28.9,117.0,57,0,2.8,39.055783756995275,185,-1.81,-0.96,6,COMPLETE
51.8,28.2,14.0,53,0,2.8,39.055783756995275,190,-1.15,-0.69,1,COMPLETE
33.7,76.7,0.0,41,1,3.0,34.82737650138942,0,0.36,0.08,195,INITIAL
38.6,75.7,78.0,51,1,3.0,34.82737650138942,5,4.37,-0.77,190,INITIAL
41.7,72.7,144.0,59,1,3.0,34.82737650138942,10,3.92,-1.57,185,ACTIVE_DRYING
46.3,71.8,177.0,87,1,3.0,34.82737650138942,15,4.33,-1.3,180,ACTIVE_DRYING
49.8,69.5,280.0,84,1,3.0,34.82737650138942,20,4.0,-1.85,175,ACTIVE_DRYING
49.3,66.9,301.0,83,0,3.0,34.82737650138942,25,-0.53,-2.55,170,ACTIVE_DRYING
48.3,66.7,326.0,83,0,3.0,34.82737650138942,30,-0.7,-1.05,165,ACTIVE_DRYING
48.3,65.4,392.0,86,0,3.0,34.82737650138942,35,-0.31,-1.76,160,ACTIVE_DRYING
48.4,63.3,408.0,72,0,3.0,34.82737650138942,40,0.25,-3.07,155,ACTIVE_DRYING
48.4,60.6,483.0,69,0,3.0,34.82737650138942,45,-0.18,-2.63,150,ACTIVE_DRYING
48.5,60.0,463.0,68,0,3.0,34.82737650138942,50,-0.12,-0.77,145,ACTIVE_DRYING
48.5,58.9,563.0,72,0,3.0,34.82737650138942,55,0.09,-0.71,140,ACTIVE_DRYING
50.2,57.9,601.0,70,0,3.0,34.82737650138942,60,0.74,0.1,135,ACTIVE_DRYING
51.6,57.9,697.0,68,0,3.0,34.82737650138942,65,1.4,-0.69,130,ACTIVE_DRYING
52.7,56.0,744.0,72,0,3.0,34.82737650138942,70,1.25,-1.95,125,ACTIVE_DRYING
54.4,53.8,735.0,69,0,3.0,34.82737650138942,75,1.17,-2.48,120,ACTIVE_DRYING
55.4,52.5,691.0,71,0,3.0,34.82737650138942,80,0.67,-0.4,115,ACTIVE_DRYING
56.6,52.4,776.0,72,0,3.0,34.82737650138942,85,1.29,0.47,110,ACTIVE_DRYING
57.2,51.3,745.0,70,0,3.0,34.82737650138942,90,0.92,-2.28,105,ACTIVE_DRYING
58.3,48.6,766.0,70,0,3.0,34.82737650138942,95,0.99,-1.56,100,ACTIVE_DRYING
58.6,48.2,721.0,70,0,3.0,34.82737650138942,100,-0.2,-0.7,95,ACTIVE_DRYING
57.8,47.1,718.0,71,0,3.0,34.82737650138942,105,-0.64,-1.4,90,ACTIVE_DRYING
58.0,44.8,752.0,70,0,3.0,34.82737650138942,110,0.24,-2.44,85,STABILIZING
58.3,44.3,760.0,71,0,3.0,34.82737650138942,115,0.17,-0.69,80,STABILIZING
58.1,43.0,696.0,57,0,3.0,34.82737650138942,120,-0.34,-1.65,75,STABILIZING
58.3,40.8,712.0,55,0,3.0,34.82737650138942,125,-0.01,-2.18,70,STABILIZING
58.1,40.1,674.0,56,0,3.0,34.82737650138942,130,-0.26,-1.13,65,STABILIZING
58.1,38.0,625.0,55,0,3.0,34.82737650138942,135,0.26,-0.98,60,STABILIZING
57.9,37.0,560.0,55,0,3.0,34.82737650138942,140,-0.05,0.05,55,STABILIZING
58.2,35.5,492.0,55,0,3.0,34.82737650138942,145,0.32,-1.03,50,NEAR_COMPLETE
58.3,35.7,540.0,56,0,3.0,34.82737650138942,150,-0.27,-0.1,45,NEAR_COMPLETE
57.8,33.3,452.0,57,0,3.0,34.82737650138942,155,-0.14,-1.67,40,NEAR_COMPLETE
57.8,33.3,399.0,55,0,3.0,34.82737650138942,160,0.27,0.82,35,NEAR_COMPLETE
57.3,32.4,378.0,53,0,3.0,34.82737650138942,165,0.12,-1.37,30,NEAR_COMPLETE
57.4,31.5,283.0,55,0,3.0,34.82737650138942,170,0.21,-1.06,25,NEAR_COMPLETE
57.0,31.5,224.0,54,0,3.0,34.82737650138942,175,-0.45,-0.74,20,NEAR_COMPLETE
56.1,30.3,201.0,55,0,3.0,34.82737650138942,180,-1.14,-1.62,15,COMPLETE
54.6,29.8,115.0,54,0,3.0,34.82737650138942,185,-1.72,-2.15,10,COMPLETE
53.3,27.2,112.0,53,0,3.0,34.82737650138942,190,-1.52,-2.7,5,COMPLETE
51.7,27.1,55.0,55,0,3.0,34.82737650138942,195,-1.41,0.02,0,COMPLETE
34.0,72.8,0.0,40,1,2.3,31.13041511786513,0,-0.07,-0.09,319,INITIAL
37.3,70.7,3.0,51,1,2.3,31.13041511786513,5,3.97,-1.01,314,INITIAL
42.6,70.5,124.0,61,1,2.3,31.13041511786513,10,4.99,-0.07,309,ACTIVE_DRYING
45.6,68.2,95.0,84,1,2.3,31.13041511786513,15,3.62,-2.06,304,ACTIVE_DRYING
50.1,67.3,156.0,83,1,2.3,31.13041511786513,20,4.56,-1.87,299,ACTIVE_DRYING
48.8,65.0,133.0,87,0,2.3,31.13041511786513,25,-1.21,-3.13,294,ACTIVE_DRYING
47.9,63.2,198.0,69,0,2.3,31.13041511786513,30,-1.04,-2.63,289,ACTIVE_DRYING
52.5,61.3,274.0,72,1,2.3,31.13041511786513,35,4.3,-1.98,284,ACTIVE_DRYING
52.3,60.3,279.0,72,0,2.3,31.13041511786513,40,-0.99,-0.92,279,ACTIVE_DRYING
50.9,58.7,299.0,68,0,2.3,31.13041511786513,45,-1.48,-1.7,274,ACTIVE_DRYING
51.2,57.0,349.0,72,0,2.3,31.13041511786513,50,-0.3,-1.45,269,ACTIVE_DRYING
51.2,55.4,423.0,68,0,2.3,31.13041511786513,55,-0.32,-1.34,264,ACTIVE_DRYING
50.9,52.5,401.0,68,0,2.3,31.13041511786513,60,-0.6,-2.71,259,ACTIVE_DRYING
51.3,52.4,449.0,70,0,2.3,31.13041511786513,65,-0.46,-1.07,254,ACTIVE_DRYING
51.3,51.3,480.0,72,0,2.3,31.13041511786513,70,-0.21,-1.45,249,ACTIVE_DRYING
51.8,48.9,477.0,69,0,2.3,31.13041511786513,75,0.08,-2.59,244,ACTIVE_DRYING
51.5,48.9,556.0,70,0,2.3,31.13041511786513,80,0.31,-0.3,239,ACTIVE_DRYING
52.4,48.1,522.0,68,0,2.3,31.13041511786513,85,1.1,-1.8,234,ACTIVE_DRYING
52.7,46.1,523.0,69,0,2.3,31.13041511786513,90,0.08,-1.52,229,ACTIVE_DRYING
53.3,46.0,622.0,69,0,2.3,31.13041511786513,95,0.8,-0.39,224,ACTIVE_DRYING
53.8,44.6,637.0,72,0,2.3,31.13041511786513,100,0.68,-1.45,219,ACTIVE_DRYING
54.5,43.4,687.0,55,0,2.3,31.13041511786513,105,0.88,-1.12,214,ACTIVE_DRYING
55.8,42.1,692.0,56,0,2.3,31.13041511786513,110,0.96,-1.42,209,ACTIVE_DRYING
56.8,42.0,625.0,56,0,2.3,31.13041511786513,115,1.2,0.39,204,ACTIVE_DRYING
57.4,41.1,670.0,56,0,2.3,31.13041511786513,120,0.46,-0.65,199,ACTIVE_DRYING
58.1,39.7,705.0,53,0,2.3,31.13041511786513,125,0.31,-0.72,194,ACTIVE_DRYING
57.7,39.2,741.0,55,0,2.3,31.13041511786513,130,-0.29,-1.02,189,ACTIVE_DRYING
57.5,37.6,718.0,57,0,2.3,31.13041511786513,135,0.31,-2.1,184,ACTIVE_DRYING
57.5,36.1,757.0,55,0,2.3,31.13041511786513,140,0.63,-1.62,179,NEAR_COMPLETE
57.8,34.8,719.0,56,0,2.3,31.13041511786513,145,0.6,-1.48,174,NEAR_COMPLETE
57.5,33.3,740.0,53,0,2.3,31.13041511786513,150,0.04,-1.84,169,NEAR_COMPLETE
57.8,31.9,725.0,55,0,2.3,31.13041511786513,155,0.12,-0.86,164,NEAR_COMPLETE
57.8,30.6,752.0,57,0,2.3,31.13041511786513,160,0.35,-1.03,159,NEAR_COMPLETE
57.7,30.1,757.0,54,0,2.3,31.13041511786513,165,0.05,-0.43,154,NEAR_COMPLETE
57.8,28.7,746.0,57,0,2.3,31.13041511786513,170,0.38,-1.17,149,NEAR_COMPLETE
57.5,29.0,738.0,53,0,2.3,31.13041511786513,175,0.31,0.1,144,COMPLETE
58.5,28.4,706.0,57,0,2.3,31.13041511786513,180,0.75,-0.64,139,COMPLETE
58.1,27.2,754.0,57,0,2.3,31.13041511786513,185,-0.47,-1.29,134,COMPLETE
58.1,27.2,811.0,55,0,2.3,31.13041511786513,190,-0.09,-0.17,129,COMPLETE
57.8,25.8,750.0,56,0,2.3,31.13041511786513,195,-0.0,-1.61,124,COMPLETE
58.1,25.3,727.0,55,0,2.3,31.13041511786513,200,-0.1,-0.72,119,COMPLETE
57.9,24.7,643.0,53,0,2.3,31.13041511786513,205,0.01,-1.4,114,COMPLETE
58.3,22.3,676.0,54,0,2.3,31.13041511786513,210,0.09,-0.94,109,COMPLETE
58.6,21.7,649.0,57,0,2.3,31.13041511786513,215,-0.55,-0.72,104,COMPLETE
57.9,20.0,648.0,57,0,2.3,31.13041511786513,220,-0.78,-1.04,99,COMPLETE
57.9,19.0,581.0,55,0,2.3,31.13041511786513,225,0.2,-0.31,94,COMPLETE
57.7,18.9,598.0,53,0,2.3,31.13041511786513,230,-0.04,-0.55,89,COMPLETE
58.4,17.9,540.0,53,0,2.3,31.13041511786513,235,0.5,-1.2,84,COMPLETE
57.8,17.9,486.0,56,0,2.3,31.13041511786513,240,-0.58,0.85,79,COMPLETE
58.0,17.9,477.0,56,0,2.3,31.13041511786513,245,0.31,-0.35,74,COMPLETE
57.7,18.3,410.0,53,0,2.3,31.13041511786513,250,0.15,0.57,69,COMPLETE
58.3,17.7,445.0,54,0,2.3,31.13041511786513,255,0.63,-0.32,64,COMPLETE
57.9,18.5,378.0,57,0,2.3,31.13041511786513,260,-0.43,0.22,59,COMPLETE
57.8,18.3,380.0,56,0,2.3,31.13041511786513,265,-1.01,-0.54,54,COMPLETE
57.1,17.9,307.0,55,0,2.3,31.13041511786513,270,-1.14,-0.61,49,COMPLETE
56.0,17.6,322.0,54,0,2.3,31.13041511786513,275,-0.84,0.03,44,COMPLETE
55.8,18.1,322.0,56,0,2.3,31.13041511786513,280,-0.1,0.58,39,COMPLETE
55.5,18.4,238.0,54,0,2.3,31.13041511786513,285,-0.38,0.04,34,COMPLETE
55.1,17.9,179.0,53,0,2.3,31.13041511786513,290,-0.49,-0.57,29,COMPLETE
53.9,18.5,148.0,55,0,2.3,31.13041511786513,295,-0.94,0.3,24,COMPLETE
53.0,17.1,144.0,57,0,2.3,31.13041511786513,300,-0.81,-0.55,19,COMPLETE
52.1,17.9,93.0,54,0,2.3,31.13041511786513,305,-0.84,0.7,14,COMPLETE
50.3,18.0,66.0,56,0,2.3,31.13041511786513,310,-1.58,-0.03,9,COMPLETE
49.2,18.8,31.0,56,0,2.3,31.13041511786513,315,-0.73,-0.27,4,COMPLETE
32.7,70.7,6.0,41,1,2.8,35.516965937505205,0,-0.39,0.34,342,INITIAL
38.2,69.8,72.0,51,1,2.8,35.516965937505205,5,5.12,-0.8,337,INITIAL
42.0,69.7,48.0,62,1,2.8,35.516965937505205,10,3.95,-0.8,332,ACTIVE_DRYING
46.5,68.0,168.0,84,1,2.8,35.516965937505205,15,3.98,-1.94,327,ACTIVE_DRYING
49.7,66.1,95.0,86,1,2.8,35.516965937505205,20,3.67,-1.5,322,ACTIVE_DRYING
49.3,65.5,264.0,83,0,2.8,35.516965937505205,25,-0.54,-0.7,317,ACTIVE_DRYING
48.0,64.1,242.0,83,0,2.8,35.516965937505205,30,-1.14,-1.66,312,ACTIVE_DRYING
47.9,62.4,232.0,71,0,2.8,35.516965937505205,35,-0.35,-1.7,307,ACTIVE_DRYING
51.8,61.1,270.0,72,1,2.8,35.516965937505205,40,4.23,-0.94,302,ACTIVE_DRYING
51.4,60.1,300.0,69,0,2.8,35.516965937505205,45,-0.36,-0.25,297,ACTIVE_DRYING
51.1,59.5,375.0,70,0,2.8,35.516965937505205,50,-0.19,-0.88,292,ACTIVE_DRYING
50.7,57.3,382.0,69,0,2.8,35.516965937505205,55,-0.07,-1.47,287,ACTIVE_DRYING
50.6,55.3,368.0,70,0,2.8,35.516965937505205,60,0.17,-1.38,282,ACTIVE_DRYING
50.6,54.7,414.0,68,0,2.8,35.516965937505205,65,-0.16,-0.67,277,ACTIVE_DRYING
50.3,53.2,383.0,68,0,2.8,35.516965937505205,70,-0.59,-1.28,272,ACTIVE_DRYING
50.1,52.4,443.0,68,0,2.8,35.516965937505205,75,-0.1,-0.95,267,ACTIVE_DRYING
50.8,52.2,478.0,68,0,2.8,35.516965937505205,80,0.38,-0.77,262,ACTIVE_DRYING
50.7,51.2,584.0,70,0,2.8,35.516965937505205,85,-0.15,-1.26,257,ACTIVE_DRYING
51.8,49.3,537.0,71,0,2.8,35.516965937505205,90,1.18,-2.12,252,ACTIVE_DRYING
51.7,47.8,549.0,68,0,2.8,35.516965937505205,95,0.05,-1.02,247,ACTIVE_DRYING
52.9,48.0,574.0,70,0,2.8,35.516965937505205,100,1.26,-0.97,242,ACTIVE_DRYING
53.5,45.6,648.0,69,0,2.8,35.516965937505205,105,0.63,-2.1,237,ACTIVE_DRYING
54.3,44.8,622.0,72,0,2.8,35.516965937505205,110,0.96,-0.76,232,ACTIVE_DRYING
55.3,44.2,659.0,53,0,2.8,35.516965937505205,115,1.23,-0.4,227,ACTIVE_DRYING
55.9,43.1,655.0,57,0,2.8,35.516965937505205,120,0.85,-0.94,222,ACTIVE_DRYING
57.7,42.5,654.0,57,0,2.8,35.516965937505205,125,1.21,-0.35,217,ACTIVE_DRYING
58.1,42.6,681.0,57,0,2.8,35.516965937505205,130,0.66,-0.35,212,ACTIVE_DRYING
58.2,40.7,649.0,55,0,2.8,35.516965937505205,135,-0.12,-2.36,207,ACTIVE_DRYING
58.1,39.2,743.0,55,0,2.8,35.516965937505205,140,-0.32,-1.92,202,ACTIVE_DRYING
57.9,37.9,794.0,54,0,2.8,35.516965937505205,145,-0.18,-1.38,197,NEAR_COMPLETE
57.9,37.8,681.0,53,0,2.8,35.516965937505205,150,0.25,-1.0,192,NEAR_COMPLETE
57.7,36.9,753.0,53,0,2.8,35.516965937505205,155,0.43,-1.03,187,NEAR_COMPLETE
58.3,36.2,728.0,55,0,2.8,35.516965937505205,160,0.25,-1.59,182,NEAR_COMPLETE
58.2,34.1,752.0,54,0,2.8,35.516965937505205,165,-0.19,-1.97,177,NEAR_COMPLETE
58.4,34.3,817.0,54,0,2.8,35.516965937505205,170,-0.46,0.4,172,NEAR_COMPLETE
58.4,32.8,735.0,55,0,2.8,35.516965937505205,175,-0.22,-1.99,167,COMPLETE
58.3,30.8,754.0,55,0,2.8,35.516965937505205,180,-0.11,-1.45,162,COMPLETE
58.0,30.8,748.0,55,0,2.8,35.516965937505205,185,-0.42,-0.73,157,COMPLETE
57.7,28.8,781.0,53,0,2.8,35.516965937505205,190,0.12,-0.81,152,COMPLETE
58.5,29.5,711.0,56,0,2.8,35.516965937505205,195,0.24,0.45,147,COMPLETE
58.3,28.7,757.0,54,0,2.8,35.516965937505205,200,-0.27,-1.01,142,COMPLETE
58.1,27.2,759.0,57,0,2.8,35.516965937505205,205,-0.06,-0.93,137,COMPLETE
57.6,26.0,672.0,57,0,2.8,35.516965937505205,210,-0.47,-1.36,132,COMPLETE
57.8,24.4,654.0,57,0,2.8,35.516965937505205,215,0.74,-1.34,127,COMPLETE
58.1,24.8,678.0,53,0,2.8,35.516965937505205,220,0.06,-0.59,122,COMPLETE
58.0,24.2,650.0,57,0,2.8,35.516965937505205,225,-0.2,-0.34,117,COMPLETE
58.0,23.7,637.0,56,0,2.8,35.516965937505205,230,0.1,-0.3,112,COMPLETE
58.3,24.2,629.0,54,0,2.8,35.516965937505205,235,-0.06,0.42,107,COMPLETE
58.2,23.7,583.0,53,0,2.8,35.516965937505205,240,-0.63,-1.11,102,COMPLETE
58.3,22.5,555.0,53,0,2.8,35.516965937505205,245,0.2,-1.34,97,COMPLETE
57.8,20.3,556.0,56,0,2.8,35.516965937505205,250,-0.36,-2.01,92,COMPLETE
57.3,19.4,590.0,55,0,2.8,35.516965937505205,255,0.27,-0.76,87,COMPLETE
57.9,19.1,567.0,56,0,2.8,35.516965937505205,260,0.95,0.5,82,COMPLETE
58.3,18.6,488.0,54,0,2.8,35.516965937505205,265,-0.26,-0.12,77,COMPLETE
58.1,17.6,387.0,56,0,2.8,35.516965937505205,270,-0.41,-0.69,72,COMPLETE
58.3,17.9,455.0,53,0,2.8,35.516965937505205,275,0.21,0.02,67,COMPLETE
57.8,18.3,403.0,56,0,2.8,35.516965937505205,280,-1.04,0.14,62,COMPLETE
58.4,17.5,396.0,54,0,2.8,35.516965937505205,285,-0.21,-0.27,57,COMPLETE
57.3,17.9,343.0,53,0,2.8,35.516965937505205,290,-0.73,0.92,52,COMPLETE
56.6,18.2,299.0,53,0,2.8,35.516965937505205,295,-1.2,0.21,47,COMPLETE
55.3,18.3,284.0,53,0,2.8,35.516965937505205,300,-1.35,-0.67,42,COMPLETE
54.7,17.9,228.0,57,0,2.8,35.516965937505205,305,-0.93,-0.28,37,COMPLETE
53.2,18.0,235.0,55,0,2.8,35.516965937505205,310,-0.8,0.07,32,COMPLETE
53.3,17.8,186.0,56,0,2.8,35.516965937505205,315,0.4,0.23,27,COMPLETE
52.9,17.2,133.0,53,0,2.8,35.516965937505205,320,-0.67,0.38,22,COMPLETE
51.5,18.0,178.0,56,0,2.8,35.516965937505205,325,-0.98,0.55,17,COMPLETE
50.5,18.2,98.0,57,0,2.8,35.516965937505205,330,-1.07,-0.24,12,COMPLETE
50.0,17.5,58.0,56,0,2.8,35.516965937505205,335,-0.74,-0.57,7,COMPLETE
47.5,17.7,0.0,53,0,2.8,35.516965937505205,340,-2.14,0.45,2,COMPLETE
35.6,75.2,0.0,39,1,1.5,27.66426227799002,0,0.4,-0.01,198,INITIAL
40.0,73.0,22.0,48,1,1.5,27.66426227799002,5,4.22,-1.71,193,INITIAL
44.6,70.9,121.0,59,1,1.5,27.66426227799002,10,4.47,-2.09,188,ACTIVE_DRYING
48.4,68.9,175.0,86,1,1.5,27.66426227799002,15,4.12,-1.83,183,ACTIVE_DRYING
47.4,67.2,160.0,83,0,1.5,27.66426227799002,20,-1.29,-1.86,178,ACTIVE_DRYING
51.7,64.4,345.0,84,1,1.5,27.66426227799002,25,4.71,-1.11,173,ACTIVE_DRYING
52.0,64.9,319.0,84,0,1.5,27.66426227799002,30,0.03,-0.49,168,ACTIVE_DRYING
52.8,62.4,421.0,70,0,1.5,27.66426227799002,35,0.4,-2.37,163,ACTIVE_DRYING
52.9,60.4,485.0,68,0,1.5,27.66426227799002,40,0.09,-1.17,158,ACTIVE_DRYING
53.1,59.1,470.0,69,0,1.5,27.66426227799002,45,-0.13,-1.65,153,ACTIVE_DRYING
53.3,57.1,518.0,69,0,1.5,27.66426227799002,50,0.23,-1.62,148,ACTIVE_DRYING
53.9,56.7,573.0,72,0,1.5,27.66426227799002,55,0.35,-1.06,143,ACTIVE_DRYING
53.6,54.7,587.0,71,0,1.5,27.66426227799002,60,-0.04,-1.72,138,ACTIVE_DRYING
54.7,53.2,651.0,70,0,1.5,27.66426227799002,65,1.56,-0.51,133,ACTIVE_DRYING
56.6,52.0,660.0,69,0,1.5,27.66426227799002,70,1.47,-0.61,128,ACTIVE_DRYING
56.9,50.5,693.0,68,0,1.5,27.66426227799002,75,0.52,-1.46,123,ACTIVE_DRYING
57.5,48.6,696.0,71,0,1.5,27.66426227799002,80,1.01,-1.88,118,ACTIVE_DRYING
57.7,48.2,700.0,68,0,1.5,27.66426227799002,85,0.35,-0.44,113,ACTIVE_DRYING
57.4,46.0,710.0,70,0,1.5,27.66426227799002,90,0.49,-2.13,108,ACTIVE_DRYING
57.7,44.3,783.0,71,0,1.5,27.66426227799002,95,0.57,-1.09,103,ACTIVE_DRYING
58.2,43.3,754.0,57,0,1.5,27.66426227799002,100,0.18,-1.45,98,ACTIVE_DRYING
57.9,42.2,744.0,55,0,1.5,27.66426227799002,105,-0.33,-1.4,93,NEAR_COMPLETE
58.4,40.3,709.0,53,0,1.5,27.66426227799002,110,0.71,-1.6,88,NEAR_COMPLETE
57.9,38.9,751.0,54,0,1.5,27.66426227799002,115,-0.17,-1.14,83,NEAR_COMPLETE
58.1,38.2,769.0,53,0,1.5,27.66426227799002,120,0.31,-1.06,78,NEAR_COMPLETE
58.1,37.4,716.0,57,0,1.5,27.66426227799002,125,-0.12,-0.54,73,NEAR_COMPLETE
57.7,35.9,644.0,54,0,1.5,27.66426227799002,130,-0.0,-1.11,68,NEAR_COMPLETE
58.4,34.9,607.0,54,0,1.5,27.66426227799002,135,0.11,-0.04,63,COMPLETE
58.2,33.1,652.0,54,0,1.5,27.66426227799002,140,-0.65,-0.95,58,COMPLETE
58.8,34.4,567.0,56,0,1.5,27.66426227799002,145,-0.1,0.67,53,COMPLETE
58.2,31.9,556.0,57,0,1.5,27.66426227799002,150,-0.79,-1.42,48,COMPLETE
57.8,32.0,448.0,56,0,1.5,27.66426227799002,155,-0.23,-0.12,43,COMPLETE
58.2,30.6,390.0,54,0,1.5,27.66426227799002,160,-0.02,-0.87,38,COMPLETE
57.7,30.2,374.0,56,0,1.5,27.66426227799002,165,-0.1,-0.36,33,COMPLETE
56.8,30.2,326.0,53,0,1.5,27.66426227799002,170,-0.46,-0.19,28,COMPLETE
57.4,28.5,274.0,53,0,1.5,27.66426227799002,175,0.11,-1.39,23,COMPLETE
56.1,27.3,204.0,55,0,1.5,27.66426227799002,180,-1.25,-0.59,18,COMPLETE
54.7,26.6,158.0,55,0,1.5,27.66426227799002,185,-1.53,-1.05,13,COMPLETE
53.4,25.5,86.0,55,0,1.5,27.66426227799002,190,-1.21,-1.57,8,COMPLETE
51.8,23.8,43.0,56,0,1.5,27.66426227799002,195,-1.53,-0.99,3,COMPLETE
33.9,73.9,0.0,41,1,1.9,37.50641456054652,0,0.08,-0.24,345,INITIAL
38.5,73.0,28.0,48,1,1.9,37.50641456054652,5,4.55,-0.44,340,INITIAL
43.4,72.3,81.0,58,1,1.9,37.50641456054652,10,4.22,-0.89,335,ACTIVE_DRYING
46.8,71.3,119.0,83,1,1.9,37.50641456054652,15,3.3,-1.32,330,ACTIVE_DRYING
51.1,69.9,161.0,83,1,1.9,37.50641456054652,20,3.96,-1.06,325,ACTIVE_DRYING
49.8,69.9,206.0,86,0,1.9,37.50641456054652,25,-1.13,-0.17,320,ACTIVE_DRYING
48.4,68.0,278.0,83,0,1.9,37.50641456054652,30,-1.61,-1.46,315,ACTIVE_DRYING
47.4,66.0,252.0,86,0,1.9,37.50641456054652,35,-1.26,-1.66,310,ACTIVE_DRYING
51.9,65.3,330.0,86,1,1.9,37.50641456054652,40,3.98,-0.58,305,ACTIVE_DRYING
50.6,64.3,308.0,84,0,1.9,37.50641456054652,45,-0.84,-1.19,300,ACTIVE_DRYING
50.4,62.3,276.0,72,0,1.9,37.50641456054652,50,-0.71,-2.56,295,ACTIVE_DRYING
49.4,61.3,330.0,69,0,1.9,37.50641456054652,55,-0.9,-1.33,290,ACTIVE_DRYING
49.3,59.3,351.0,72,0,1.9,37.50641456054652,60,0.15,-1.07,285,ACTIVE_DRYING
49.3,59.2,403.0,72,0,1.9,37.50641456054652,65,0.18,-0.41,280,ACTIVE_DRYING
49.7,58.6,397.0,71,0,1.9,37.50641456054652,70,0.33,-0.74,275,ACTIVE_DRYING
50.0,56.9,508.0,70,0,1.9,37.50641456054652,75,0.48,-1.76,270,ACTIVE_DRYING
50.9,55.0,515.0,68,0,1.9,37.50641456054652,80,0.51,-2.22,265,ACTIVE_DRYING
50.7,54.2,550.0,71,0,1.9,37.50641456054652,85,0.35,-1.26,260,ACTIVE_DRYING
51.1,52.3,483.0,69,0,1.9,37.50641456054652,90,0.55,-2.51,255,ACTIVE_DRYING
51.6,50.6,610.0,69,0,1.9,37.50641456054652,95,0.69,-0.87,250,ACTIVE_DRYING
52.0,49.6,570.0,70,0,1.9,37.50641456054652,100,0.64,-1.28,245,ACTIVE_DRYING
53.3,47.5,644.0,72,0,1.9,37.50641456054652,105,1.19,-1.71,240,ACTIVE_DRYING
54.3,46.3,602.0,69,0,1.9,37.50641456054652,110,0.6,-1.02,235,ACTIVE_DRYING
55.7,45.9,688.0,72,0,1.9,37.50641456054652,115,0.47,0.37,230,ACTIVE_DRYING
55.8,45.7,658.0,68,0,1.9,37.50641456054652,120,-0.07,-1.19,225,ACTIVE_DRYING
57.3,44.9,719.0,70,0,1.9,37.50641456054652,125,1.27,-1.7,220,ACTIVE_DRYING
57.6,42.6,688.0,53,0,1.9,37.50641456054652,130,0.62,-1.33,215,ACTIVE_DRYING
58.3,41.9,745.0,57,0,1.9,37.50641456054652,135,0.61,-0.21,210,ACTIVE_DRYING
57.6,41.6,713.0,56,0,1.9,37.50641456054652,140,-0.17,-0.38,205,ACTIVE_DRYING
57.9,40.8,744.0,53,0,1.9,37.50641456054652,145,0.31,-1.28,200,ACTIVE_DRYING
58.1,39.7,780.0,54,0,1.9,37.50641456054652,150,-0.24,-1.27,195,ACTIVE_DRYING
57.7,38.4,760.0,57,0,1.9,37.50641456054652,155,-0.13,-1.02,190,ACTIVE_DRYING
58.4,38.3,754.0,53,0,1.9,37.50641456054652,160,0.28,-0.43,185,NEAR_COMPLETE
58.0,36.9,762.0,53,0,1.9,37.50641456054652,165,-0.19,-2.53,180,NEAR_COMPLETE
58.3,35.5,738.0,53,0,1.9,37.50641456054652,170,0.21,-2.0,175,NEAR_COMPLETE
57.9,32.8,769.0,56,0,1.9,37.50641456054652,175,-0.12,-0.94,170,NEAR_COMPLETE
57.9,32.5,743.0,54,0,1.9,37.50641456054652,180,-0.37,0.29,165,NEAR_COMPLETE
58.2,32.5,746.0,56,0,1.9,37.50641456054652,185,-0.06,0.06,160,NEAR_COMPLETE
57.9,31.4,717.0,57,0,1.9,37.50641456054652,190,-0.13,-0.86,155,COMPLETE
57.9,30.5,791.0,56,0,1.9,37.50641456054652,195,0.04,-1.32,150,COMPLETE
57.6,28.9,776.0,54,0,1.9,37.50641456054652,200,0.3,-1.34,145,COMPLETE
57.9,28.8,673.0,57,0,1.9,37.50641456054652,205,0.39,-0.79,140,COMPLETE
57.6,28.4,693.0,57,0,1.9,37.50641456054652,210,0.36,-0.65,135,COMPLETE
57.9,28.3,701.0,53,0,1.9,37.50641456054652,215,0.43,-1.18,130,COMPLETE
57.8,26.3,634.0,57,0,1.9,37.50641456054652,220,0.2,-1.83,125,COMPLETE
57.7,26.0,651.0,56,0,1.9,37.50641456054652,225,0.54,-0.68,120,COMPLETE
57.9,24.7,599.0,55,0,1.9,37.50641456054652,230,0.27,-0.53,115,COMPLETE
58.1,23.8,622.0,53,0,1.9,37.50641456054652,235,0.13,-0.6,110,COMPLETE
57.6,24.5,661.0,55,0,1.9,37.50641456054652,240,-0.32,0.51,105,COMPLETE
58.2,24.5,609.0,56,0,1.9,37.50641456054652,245,0.61,-0.83,100,COMPLETE
57.5,22.2,588.0,53,0,1.9,37.50641456054652,250,-0.44,-2.1,95,COMPLETE
58.1,22.3,569.0,54,0,1.9,37.50641456054652,255,0.5,0.54,90,COMPLETE
58.2,22.0,550.0,54,0,1.9,37.50641456054652,260,-0.29,0.02,85,COMPLETE
58.2,21.1,495.0,55,0,1.9,37.50641456054652,265,-0.41,-1.15,80,COMPLETE
57.9,20.3,473.0,53,0,1.9,37.50641456054652,270,0.1,-0.96,75,COMPLETE
58.3,19.8,419.0,54,0,1.9,37.50641456054652,275,0.27,-0.94,70,COMPLETE
58.2,18.9,398.0,55,0,1.9,37.50641456054652,280,-0.36,-1.08,65,COMPLETE
58.1,17.2,416.0,54,0,1.9,37.50641456054652,285,-0.67,-0.59,60,COMPLETE
58.0,17.4,385.0,55,0,1.9,37.50641456054652,290,-0.25,0.82,55,COMPLETE
57.1,18.2,362.0,53,0,1.9,37.50641456054652,295,-0.24,0.93,50,COMPLETE
56.9,18.0,287.0,53,0,1.9,37.50641456054652,300,-0.11,-0.64,45,COMPLETE
56.3,18.4,260.0,54,0,1.9,37.50641456054652,305,-0.8,0.06,40,COMPLETE
55.4,17.2,199.0,55,0,1.9,37.50641456054652,310,-0.72,-0.13,35,COMPLETE
54.5,17.7,221.0,55,0,1.9,37.50641456054652,315,-0.77,0.77,30,COMPLETE
53.7,18.3,172.0,55,0,1.9,37.50641456054652,320,-0.06,-0.07,25,COMPLETE
53.6,17.3,122.0,54,0,1.9,37.50641456054652,325,-0.48,-0.75,20,COMPLETE
52.2,18.8,47.0,54,0,1.9,37.50641456054652,330,-1.95,0.6,15,COMPLETE
51.3,18.0,118.0,55,0,1.9,37.50641456054652,335,-0.95,-0.39,10,COMPLETE
50.2,17.4,65.0,57,0,1.9,37.50641456054652,340,-1.38,-0.27,5,COMPLETE
48.5,17.7,0.0,56,0,1.9,37.50641456054652,345,-1.45,0.74,0,COMPLETE
34.4,71.9,0.0,39,1,1.8,36.69552970615888,0,0.0,0.19,341,INITIAL
38.2,71.3,13.0,50,1,1.8,36.69552970615888,5,3.16,-0.61,336,INITIAL
42.2,70.5,149.0,60,1,1.8,36.69552970615888,10,4.38,-1.27,331,ACTIVE_DRYING
46.4,68.7,105.0,85,1,1.8,36.69552970615888,15,4.23,-2.45,326,ACTIVE_DRYING
49.7,66.9,149.0,84,1,1.8,36.69552970615888,20,3.2,-2.42,321,ACTIVE_DRYING
47.8,64.5,122.0,85,0,1.8,36.69552970615888,25,-1.43,-2.39,316,ACTIVE_DRYING
46.5,62.3,209.0,70,0,1.8,36.69552970615888,30,-0.76,-2.03,311,ACTIVE_DRYING
51.0,62.2,251.0,70,1,1.8,36.69552970615888,35,4.78,-0.22,306,ACTIVE_DRYING
50.9,61.2,293.0,69,0,1.8,36.69552970615888,40,-0.01,-0.72,301,ACTIVE_DRYING
50.3,60.1,300.0,68,0,1.8,36.69552970615888,45,-0.04,-0.8,296,ACTIVE_DRYING
50.2,59.2,329.0,69,0,1.8,36.69552970615888,50,-0.36,-0.65,291,ACTIVE_DRYING
50.1,58.7,426.0,68,0,1.8,36.69552970615888,55,-0.52,-0.66,286,ACTIVE_DRYING
49.2,57.4,426.0,71,0,1.8,36.69552970615888,60,-0.45,-1.57,281,ACTIVE_DRYING
48.7,55.4,434.0,72,0,1.8,36.69552970615888,65,-0.07,-1.44,276,ACTIVE_DRYING
48.9,53.8,438.0,70,0,1.8,36.69552970615888,70,-0.07,-2.0,271,ACTIVE_DRYING
48.7,53.0,504.0,68,0,1.8,36.69552970615888,75,0.24,-1.16,266,ACTIVE_DRYING
49.5,52.3,491.0,72,0,1.8,36.69552970615888,80,0.73,-0.91,261,ACTIVE_DRYING
50.4,50.9,530.0,70,0,1.8,36.69552970615888,85,0.36,-1.65,256,ACTIVE_DRYING
50.5,49.7,517.0,72,0,1.8,36.69552970615888,90,-0.1,-1.11,251,ACTIVE_DRYING
51.2,49.5,558.0,68,0,1.8,36.69552970615888,95,1.03,-0.58,246,ACTIVE_DRYING
52.1,48.6,605.0,71,0,1.8,36.69552970615888,100,0.65,-1.72,241,ACTIVE_DRYING
53.0,46.0,672.0,69,0,1.8,36.69552970615888,105,0.97,-2.24,236,ACTIVE_DRYING
54.1,44.8,567.0,71,0,1.8,36.69552970615888,110,0.36,-1.24,231,ACTIVE_DRYING
53.9,44.1,643.0,53,0,1.8,36.69552970615888,115,0.8,-0.8,226,ACTIVE_DRYING
55.7,43.2,681.0,56,0,1.8,36.69552970615888,120,2.32,-0.8,221,ACTIVE_DRYING
57.9,43.1,750.0,53,0,1.8,36.69552970615888,125,1.99,-0.97,216,ACTIVE_DRYING
58.1,41.0,714.0,57,0,1.8,36.69552970615888,130,0.19,-1.94,211,ACTIVE_DRYING
58.1,40.2,640.0,54,0,1.8,36.69552970615888,135,-0.15,-1.3,206,ACTIVE_DRYING
57.9,38.6,742.0,57,0,1.8,36.69552970615888,140,0.18,-1.81,201,ACTIVE_DRYING
57.6,36.7,716.0,56,0,1.8,36.69552970615888,145,0.03,-1.21,196,ACTIVE_DRYING
57.4,36.2,751.0,57,0,1.8,36.69552970615888,150,0.52,-1.45,191,ACTIVE_DRYING
58.1,35.2,765.0,54,0,1.8,36.69552970615888,155,0.44,-1.24,186,ACTIVE_DRYING
58.3,32.5,773.0,57,0,1.8,36.69552970615888,160,-0.25,-2.75,181,NEAR_COMPLETE
57.1,32.7,810.0,53,0,1.8,36.69552970615888,165,-0.19,-0.4,176,NEAR_COMPLETE
57.9,31.5,773.0,56,0,1.8,36.69552970615888,170,0.93,-1.13,171,NEAR_COMPLETE
58.0,31.9,696.0,57,0,1.8,36.69552970615888,175,0.67,0.11,166,NEAR_COMPLETE
58.0,31.0,781.0,56,0,1.8,36.69552970615888,180,-0.04,-0.61,161,NEAR_COMPLETE
58.1,31.5,763.0,56,0,1.8,36.69552970615888,185,0.02,-0.84,156,NEAR_COMPLETE
58.2,27.3,726.0,55,0,1.8,36.69552970615888,190,0.01,-2.46,151,COMPLETE
57.4,29.0,774.0,53,0,1.8,36.69552970615888,195,-0.16,1.52,146,COMPLETE
58.2,27.4,711.0,53,0,1.8,36.69552970615888,200,0.32,-0.3,141,COMPLETE
57.3,26.7,733.0,57,0,1.8,36.69552970615888,205,-0.46,-0.14,136,COMPLETE
57.8,25.5,703.0,54,0,1.8,36.69552970615888,210,0.96,-0.72,131,COMPLETE
58.2,24.8,711.0,55,0,1.8,36.69552970615888,215,0.24,-0.46,126,COMPLETE
58.0,23.6,670.0,54,0,1.8,36.69552970615888,220,-0.05,-0.73,121,COMPLETE
58.1,23.0,724.0,54,0,1.8,36.69552970615888,225,-0.13,-0.29,116,COMPLETE
58.1,22.5,629.0,55,0,1.8,36.69552970615888,230,-0.28,-1.05,111,COMPLETE
58.2,22.2,610.0,53,0,1.8,36.69552970615888,235,0.13,-0.74,106,COMPLETE
58.5,21.6,583.0,53,0,1.8,36.69552970615888,240,-0.18,-0.82,101,COMPLETE
57.8,20.9,545.0,53,0,1.8,36.69552970615888,245,-0.65,-0.83,96,COMPLETE
57.6,20.2,544.0,53,0,1.8,36.69552970615888,250,0.2,-0.64,91,COMPLETE
57.5,19.2,605.0,54,0,1.8,36.69552970615888,255,0.11,-1.13,86,COMPLETE
58.1,19.0,503.0,57,0,1.8,36.69552970615888,260,0.57,0.19,81,COMPLETE
58.1,18.5,491.0,57,0,1.8,36.69552970615888,265,-0.11,0.09,76,COMPLETE
57.3,18.3,499.0,57,0,1.8,36.69552970615888,270,-0.14,-0.82,71,COMPLETE
57.6,18.4,450.0,55,0,1.8,36.69552970615888,275,0.33,-0.31,66,COMPLETE
57.7,18.1,396.0,54,0,1.8,36.69552970615888,280,0.2,-0.09,61,COMPLETE
57.6,19.0,349.0,56,0,1.8,36.69552970615888,285,-0.22,-0.0,56,COMPLETE
57.7,17.8,324.0,53,0,1.8,36.69552970615888,290,-0.36,-0.97,51,COMPLETE
57.6,17.4,360.0,53,0,1.8,36.69552970615888,295,-0.17,0.57,46,COMPLETE
56.5,17.5,278.0,57,0,1.8,36.69552970615888,300,-0.93,0.03,41,COMPLETE
56.5,17.9,278.0,53,0,1.8,36.69552970615888,305,-0.38,0.43,36,COMPLETE
55.3,17.0,173.0,53,0,1.8,36.69552970615888,310,-1.2,0.22,31,COMPLETE
54.9,19.2,231.0,56,0,1.8,36.69552970615888,315,-0.71,1.07,26,COMPLETE
53.7,19.4,159.0,54,0,1.8,36.69552970615888,320,-1.65,-1.03,21,COMPLETE
52.4,18.4,110.0,53,0,1.8,36.69552970615888,325,-1.35,-1.27,16,COMPLETE
51.3,18.0,105.0,54,0,1.8,36.69552970615888,330,-0.97,-0.08,11,COMPLETE
49.9,18.6,68.0,57,0,1.8,36.69552970615888,335,-1.39,-0.41,6,COMPLETE
48.7,17.9,0.0,57,0,1.8,36.69552970615888,340,-1.24,-0.76,1,COMPLETE
36.1,72.5,25.0,41,1,1.0,34.888340073658796,0,-0.23,-0.12,233,INITIAL
40.4,70.9,37.0,52,1,1.0,34.888340073658796,5,3.86,-1.48,228,INITIAL
44.5,70.1,142.0,61,1,1.0,34.888340073658796,10,3.73,-0.72,223,ACTIVE_DRYING
47.2,69.0,139.0,85,1,1.0,34.888340073658796,15,3.22,-1.22,218,ACTIVE_DRYING
51.5,66.8,127.0,84,1,1.0,34.888340073658796,20,4.19,-1.79,213,ACTIVE_DRYING
50.1,66.2,197.0,86,0,1.0,34.888340073658796,25,-1.57,-1.66,208,ACTIVE_DRYING
49.8,64.2,307.0,85,0,1.0,34.888340073658796,30,-0.37,-1.58,203,ACTIVE_DRYING
49.7,64.0,403.0,68,0,1.0,34.888340073658796,35,-0.02,-0.68,198,ACTIVE_DRYING
49.7,62.3,401.0,69,0,1.0,34.888340073658796,40,-0.16,-2.05,193,ACTIVE_DRYING
49.6,59.9,457.0,69,0,1.0,34.888340073658796,45,-0.17,-2.66,188,ACTIVE_DRYING
49.0,58.3,404.0,69,0,1.0,34.888340073658796,50,-0.23,-0.89,183,ACTIVE_DRYING
49.2,57.0,454.0,70,0,1.0,34.888340073658796,55,-0.12,-1.29,178,ACTIVE_DRYING
49.8,55.3,537.0,72,0,1.0,34.888340073658796,60,0.68,-0.35,173,ACTIVE_DRYING
50.0,54.2,565.0,71,0,1.0,34.888340073658796,65,0.32,-1.04,168,ACTIVE_DRYING
50.9,53.8,604.0,68,0,1.0,34.888340073658796,70,0.7,-0.15,163,ACTIVE_DRYING
52.2,52.0,653.0,70,0,1.0,34.888340073658796,75,0.86,-1.91,158,ACTIVE_DRYING
53.0,51.5,643.0,71,0,1.0,34.888340073658796,80,0.43,-0.71,153,ACTIVE_DRYING
53.7,51.2,716.0,69,0,1.0,34.888340073658796,85,0.48,-1.39,148,ACTIVE_DRYING
54.4,50.9,715.0,71,0,1.0,34.888340073658796,90,0.31,-0.47,143,ACTIVE_DRYING
55.2,49.6,707.0,71,0,1.0,34.888340073658796,95,0.29,-2.06,138,ACTIVE_DRYING
56.2,48.9,728.0,68,0,1.0,34.888340073658796,100,0.62,-0.62,133,ACTIVE_DRYING
56.6,49.0,700.0,69,0,1.0,34.888340073658796,105,0.42,-0.71,128,ACTIVE_DRYING
57.8,47.2,737.0,70,0,1.0,34.888340073658796,110,1.13,-1.73,123,ACTIVE_DRYING
57.8,46.8,765.0,71,0,1.0,34.888340073658796,115,0.5,-1.4,118,ACTIVE_DRYING
58.1,44.7,814.0,72,0,1.0,34.888340073658796,120,-0.06,-1.45,113,ACTIVE_DRYING
58.1,43.3,738.0,57,0,1.0,34.888340073658796,125,-0.56,-0.82,108,ACTIVE_DRYING
58.3,43.1,713.0,53,0,1.0,34.888340073658796,130,-0.35,-0.4,103,STABILIZING
57.9,42.1,715.0,56,0,1.0,34.888340073658796,135,-0.31,-1.48,98,STABILIZING
58.0,40.2,730.0,57,0,1.0,34.888340073658796,140,0.19,-1.96,93,STABILIZING
58.0,39.9,669.0,55,0,1.0,34.888340073658796,145,0.01,-0.79,88,STABILIZING
57.8,38.6,680.0,55,0,1.0,34.888340073658796,150,-0.06,-1.49,83,STABILIZING
57.8,37.7,682.0,54,0,1.0,34.888340073658796,155,0.13,-1.51,78,NEAR_COMPLETE
58.1,36.2,637.0,53,0,1.0,34.888340073658796,160,0.02,-2.36,73,NEAR_COMPLETE
58.4,33.5,615.0,55,0,1.0,34.888340073658796,165,-0.15,-2.11,68,NEAR_COMPLETE
57.4,33.7,595.0,55,0,1.0,34.888340073658796,170,-0.38,-0.27,63,NEAR_COMPLETE
57.4,32.9,519.0,55,0,1.0,34.888340073658796,175,0.45,-0.48,58,NEAR_COMPLETE
58.2,30.9,470.0,56,0,1.0,34.888340073658796,180,0.45,-1.54,53,NEAR_COMPLETE
58.0,30.8,487.0,53,0,1.0,34.888340073658796,185,-0.27,-0.48,48,NEAR_COMPLETE
58.0,30.5,388.0,57,0,1.0,34.888340073658796,190,0.1,-1.09,43,COMPLETE
58.3,30.3,368.0,55,0,1.0,34.888340073658796,195,-0.27,-0.9,38,COMPLETE
57.2,28.0,336.0,57,0,1.0,34.888340073658796,200,-0.64,-1.45,33,COMPLETE
57.4,28.0,279.0,54,0,1.0,34.888340073658796,205,-0.05,-0.9,28,COMPLETE
56.4,27.1,279.0,53,0,1.0,34.888340073658796,210,-0.32,-1.36,23,COMPLETE
56.1,26.2,222.0,54,0,1.0,34.888340073658796,215,-0.15,-1.47,18,COMPLETE
55.2,26.0,137.0,56,0,1.0,34.888340073658796,220,-0.91,-1.17,13,COMPLETE
53.3,24.6,102.0,54,0,1.0,34.888340073658796,225,-1.56,-1.32,8,COMPLETE
52.3,22.3,29.0,56,0,1.0,34.888340073658796,230,-1.0,-1.28,3,COMPLETE
36.4,73.0,0.0,41,1,1.3,25.221814121366425,0,0.02,0.05,280,INITIAL
40.3,71.6,18.0,52,1,1.3,25.221814121366425,5,4.38,-0.95,275,INITIAL
45.3,69.9,99.0,59,1,1.3,25.221814121366425,10,4.37,-1.42,270,ACTIVE_DRYING
47.7,68.9,94.0,86,1,1.3,25.221814121366425,15,2.99,-0.94,265,ACTIVE_DRYING
48.1,66.7,115.0,83,0,1.3,25.221814121366425,20,-0.26,-2.26,260,ACTIVE_DRYING
50.8,65.9,190.0,83,1,1.3,25.221814121366425,25,2.51,-1.07,255,ACTIVE_DRYING
49.7,64.4,265.0,83,0,1.3,25.221814121366425,30,-0.85,-1.98,250,ACTIVE_DRYING
48.4,62.0,289.0,72,0,1.3,25.221814121366425,35,-0.76,-2.24,245,ACTIVE_DRYING
48.6,60.6,379.0,69,0,1.3,25.221814121366425,40,0.6,-1.36,240,ACTIVE_DRYING
48.8,59.3,328.0,71,0,1.3,25.221814121366425,45,0.22,-1.8,235,ACTIVE_DRYING
48.7,57.7,407.0,70,0,1.3,25.221814121366425,50,0.35,-1.77,230,ACTIVE_DRYING
49.1,55.5,473.0,69,0,1.3,25.221814121366425,55,0.52,-2.76,225,ACTIVE_DRYING
49.6,52.2,471.0,72,0,1.3,25.221814121366425,60,-0.1,-1.87,220,ACTIVE_DRYING
49.8,52.3,487.0,69,0,1.3,25.221814121366425,65,0.2,0.64,215,ACTIVE_DRYING
49.8,51.3,518.0,68,0,1.3,25.221814121366425,70,0.36,-1.49,210,ACTIVE_DRYING
50.6,49.7,591.0,68,0,1.3,25.221814121366425,75,1.33,-1.38,205,ACTIVE_DRYING
51.4,47.9,584.0,69,0,1.3,25.221814121366425,80,1.27,-1.69,200,ACTIVE_DRYING
52.4,46.5,590.0,69,0,1.3,25.221814121366425,85,0.63,-1.15,195,ACTIVE_DRYING
52.4,46.3,643.0,71,0,1.3,25.221814121366425,90,0.73,-0.71,190,ACTIVE_DRYING
53.4,45.7,622.0,72,0,1.3,25.221814121366425,95,1.4,-0.98,185,ACTIVE_DRYING
54.0,43.6,683.0,72,0,1.3,25.221814121366425,100,0.51,-2.07,180,ACTIVE_DRYING
55.0,42.8,681.0,56,0,1.3,25.221814121366425,105,1.09,-0.57,175,ACTIVE_DRYING
56.4,41.7,719.0,56,0,1.3,25.221814121366425,110,1.75,-0.77,170,ACTIVE_DRYING
57.6,40.9,676.0,54,0,1.3,25.221814121366425,115,0.91,-0.73,165,ACTIVE_DRYING
57.9,39.0,789.0,55,0,1.3,25.221814121366425,120,0.0,-1.4,160,ACTIVE_DRYING
58.0,38.5,779.0,55,0,1.3,25.221814121366425,125,0.02,-0.1,155,ACTIVE_DRYING
58.1,37.2,711.0,53,0,1.3,25.221814121366425,130,-0.07,-0.93,150,ACTIVE_DRYING
58.3,36.0,794.0,56,0,1.3,25.221814121366425,135,-0.15,-1.04,145,NEAR_COMPLETE
57.9,35.1,711.0,57,0,1.3,25.221814121366425,140,-0.42,-1.46,140,NEAR_COMPLETE
57.7,34.6,727.0,55,0,1.3,25.221814121366425,145,0.16,-1.19,135,NEAR_COMPLETE
58.0,33.0,744.0,54,0,1.3,25.221814121366425,150,0.34,-1.44,130,NEAR_COMPLETE
58.5,33.3,773.0,53,0,1.3,25.221814121366425,155,-0.15,-0.88,125,NEAR_COMPLETE
58.0,31.3,759.0,54,0,1.3,25.221814121366425,160,-0.38,-2.52,120,NEAR_COMPLETE
58.0,30.2,787.0,53,0,1.3,25.221814121366425,165,0.14,-1.68,115,NEAR_COMPLETE
58.1,28.6,701.0,53,0,1.3,25.221814121366425,170,0.23,-2.21,110,NEAR_COMPLETE
58.3,27.8,652.0,54,0,1.3,25.221814121366425,175,-0.19,-1.16,105,COMPLETE
58.2,25.8,662.0,53,0,1.3,25.221814121366425,180,0.0,-2.67,100,COMPLETE
57.6,24.1,636.0,56,0,1.3,25.221814121366425,185,-0.1,-1.6,95,COMPLETE
58.0,23.2,648.0,55,0,1.3,25.221814121366425,190,0.26,-0.57,90,COMPLETE
57.9,23.0,621.0,55,0,1.3,25.221814121366425,195,-0.06,0.01,85,COMPLETE
58.3,23.1,587.0,57,0,1.3,25.221814121366425,200,-0.09,-0.56,80,COMPLETE
57.8,21.9,582.0,55,0,1.3,25.221814121366425,205,-0.27,-1.02,75,COMPLETE
58.7,20.9,521.0,56,0,1.3,25.221814121366425,210,0.27,-0.69,70,COMPLETE
58.5,21.2,545.0,54,0,1.3,25.221814121366425,215,-0.41,0.29,65,COMPLETE
57.7,20.6,460.0,56,0,1.3,25.221814121366425,220,-0.66,-0.63,60,COMPLETE
58.4,18.9,480.0,54,0,1.3,25.221814121366425,225,0.4,-1.0,55,COMPLETE
57.6,19.0,423.0,55,0,1.3,25.221814121366425,230,-0.71,-0.56,50,COMPLETE
57.5,17.9,383.0,57,0,1.3,25.221814121366425,235,-0.02,-0.92,45,COMPLETE
57.4,18.3,290.0,57,0,1.3,25.221814121366425,240,-0.42,0.83,40,COMPLETE
56.1,17.5,320.0,55,0,1.3,25.221814121366425,245,-1.22,-0.32,35,COMPLETE
55.6,18.4,277.0,55,0,1.3,25.221814121366425,250,0.27,0.29,30,COMPLETE
55.6,17.8,167.0,56,0,1.3,25.221814121366425,255,-0.32,-0.28,25,COMPLETE
54.4,17.9,124.0,53,0,1.3,25.221814121366425,260,-1.47,0.27,20,COMPLETE
53.0,17.7,185.0,53,0,1.3,25.221814121366425,265,-1.05,0.29,15,COMPLETE
51.8,18.5,114.0,54,0,1.3,25.221814121366425,270,-0.9,0.16,10,COMPLETE
50.5,18.0,82.0,56,0,1.3,25.221814121366425,275,-0.72,-0.29,5,COMPLETE
49.1,17.8,24.0,53,0,1.3,25.221814121366425,280,-0.8,-0.06,0,COMPLETE
35.6,72.2,20.0,42,1,2.3,36.48454802739593,0,0.11,-0.18,321,INITIAL
39.2,71.1,27.0,50,1,2.3,36.48454802739593,5,3.41,-1.43,316,INITIAL
43.3,69.8,109.0,62,1,2.3,36.48454802739593,10,3.95,-1.19,311,ACTIVE_DRYING
48.1,67.6,139.0,87,1,2.3,36.48454802739593,15,4.17,-1.75,306,ACTIVE_DRYING
51.6,66.7,143.0,83,1,2.3,36.48454802739593,20,3.08,-0.82,301,ACTIVE_DRYING
50.2,65.5,191.0,85,0,2.3,36.48454802739593,25,-1.9,-0.94,296,ACTIVE_DRYING
49.1,64.1,228.0,83,0,2.3,36.48454802739593,30,-1.44,-1.5,291,ACTIVE_DRYING
48.5,63.3,227.0,68,0,2.3,36.48454802739593,35,-0.55,-0.63,286,ACTIVE_DRYING
47.8,62.3,289.0,72,0,2.3,36.48454802739593,40,-0.79,-1.56,281,ACTIVE_DRYING
52.8,60.4,325.0,72,1,2.3,36.48454802739593,45,4.32,-1.81,276,ACTIVE_DRYING
52.0,59.0,331.0,68,0,2.3,36.48454802739593,50,-0.58,-1.67,271,ACTIVE_DRYING
51.5,58.6,372.0,72,0,2.3,36.48454802739593,55,0.02,-1.48,266,ACTIVE_DRYING
51.2,56.7,385.0,72,0,2.3,36.48454802739593,60,-0.56,-2.63,261,ACTIVE_DRYING
51.3,54.4,514.0,71,0,2.3,36.48454802739593,65,0.08,-2.02,256,ACTIVE_DRYING
51.2,53.4,509.0,72,0,2.3,36.48454802739593,70,0.16,-0.87,251,ACTIVE_DRYING
51.7,51.8,503.0,72,0,2.3,36.48454802739593,75,0.51,-1.03,246,ACTIVE_DRYING
51.8,51.9,488.0,70,0,2.3,36.48454802739593,80,0.2,-0.02,241,ACTIVE_DRYING
51.6,51.0,533.0,70,0,2.3,36.48454802739593,85,0.2,-1.12,236,ACTIVE_DRYING
52.4,50.9,531.0,69,0,2.3,36.48454802739593,90,0.52,-0.78,231,ACTIVE_DRYING
52.6,49.5,583.0,71,0,2.3,36.48454802739593,95,0.42,-1.86,226,ACTIVE_DRYING
53.4,48.2,573.0,70,0,2.3,36.48454802739593,100,0.73,-1.6,221,ACTIVE_DRYING
54.0,46.6,663.0,68,0,2.3,36.48454802739593,105,1.42,-1.7,216,ACTIVE_DRYING
55.4,45.7,635.0,71,0,2.3,36.48454802739593,110,1.08,-1.83,211,ACTIVE_DRYING
56.3,43.3,659.0,56,0,2.3,36.48454802739593,115,0.51,-2.67,206,ACTIVE_DRYING
56.9,41.9,659.0,53,0,2.3,36.48454802739593,120,0.83,-1.47,201,ACTIVE_DRYING
57.8,41.1,680.0,56,0,2.3,36.48454802739593,125,0.9,-1.05,196,NEAR_COMPLETE
58.0,39.5,726.0,57,0,2.3,36.48454802739593,130,0.35,-1.44,191,NEAR_COMPLETE
58.1,38.9,707.0,53,0,2.3,36.48454802739593,135,0.19,-0.51,186,NEAR_COMPLETE
58.1,37.4,722.0,53,0,2.3,36.48454802739593,140,-0.02,-0.84,181,NEAR_COMPLETE
57.7,38.0,748.0,54,0,2.3,36.48454802739593,145,-0.12,0.17,176,NEAR_COMPLETE
57.8,36.5,743.0,55,0,2.3,36.48454802739593,150,0.17,-2.12,171,COMPLETE
58.3,36.5,758.0,57,0,2.3,36.48454802739593,155,0.14,-0.92,166,COMPLETE
57.9,33.0,701.0,55,0,2.3,36.48454802739593,160,-0.07,-2.15,161,COMPLETE
58.4,33.1,789.0,54,0,2.3,36.48454802739593,165,0.34,-0.54,156,COMPLETE
58.1,31.6,741.0,56,0,2.3,36.48454802739593,170,-0.53,-1.3,151,COMPLETE
57.9,30.8,734.0,55,0,2.3,36.48454802739593,175,-0.4,-1.06,146,COMPLETE
58.0,29.4,780.0,54,0,2.3,36.48454802739593,180,-0.14,-1.31,141,COMPLETE
57.9,29.7,793.0,57,0,2.3,36.48454802739593,185,0.35,-1.22,136,COMPLETE
57.7,27.5,689.0,54,0,2.3,36.48454802739593,190,0.3,-2.68,131,COMPLETE
57.6,26.6,704.0,57,0,2.3,36.48454802739593,195,0.22,-1.34,126,COMPLETE
57.8,24.8,663.0,53,0,2.3,36.48454802739593,200,0.36,-1.18,121,COMPLETE
57.9,24.4,665.0,56,0,2.3,36.48454802739593,205,0.12,-0.88,116,COMPLETE
58.0,24.6,721.0,55,0,2.3,36.48454802739593,210,0.34,-0.55,111,COMPLETE
57.9,22.9,692.0,54,0,2.3,36.48454802739593,215,0.13,-1.21,106,COMPLETE
58.1,23.7,614.0,54,0,2.3,36.48454802739593,220,0.31,-0.26,101,COMPLETE
58.1,22.0,596.0,54,0,2.3,36.48454802739593,225,0.21,-2.01,96,COMPLETE
58.0,21.1,564.0,53,0,2.3,36.48454802739593,230,-0.09,-1.12,91,COMPLETE
57.9,19.8,564.0,57,0,2.3,36.48454802739593,235,0.06,-1.7,86,COMPLETE
57.8,20.0,569.0,54,0,2.3,36.48454802739593,240,0.25,-0.4,81,COMPLETE
57.8,17.4,496.0,57,0,2.3,36.48454802739593,245,0.12,-1.97,76,COMPLETE
58.2,18.1,506.0,56,0,2.3,36.48454802739593,250,0.05,0.97,71,COMPLETE
58.0,17.0,408.0,57,0,2.3,36.48454802739593,255,0.09,-0.14,66,COMPLETE
57.5,16.9,373.0,57,0,2.3,36.48454802739593,260,0.25,1.34,61,COMPLETE
57.3,18.1,339.0,55,0,2.3,36.48454802739593,265,-0.38,1.02,56,COMPLETE
57.5,17.9,340.0,54,0,2.3,36.48454802739593,270,-0.32,0.26,51,COMPLETE
57.2,17.8,312.0,56,0,2.3,36.48454802739593,275,-0.46,0.28,46,COMPLETE
55.8,17.7,279.0,54,0,2.3,36.48454802739593,280,-0.75,0.67,41,COMPLETE
56.4,18.3,267.0,57,0,2.3,36.48454802739593,285,0.6,0.44,36,COMPLETE
55.5,17.9,194.0,54,0,2.3,36.48454802739593,290,-1.48,-0.05,31,COMPLETE
54.6,17.8,229.0,56,0,2.3,36.48454802739593,295,-0.85,-0.07,26,COMPLETE
53.3,17.7,146.0,55,0,2.3,36.48454802739593,300,-1.53,0.22,21,COMPLETE
52.3,18.6,158.0,55,0,2.3,36.48454802739593,305,-0.86,0.33,16,COMPLETE
51.6,17.9,90.0,54,0,2.3,36.48454802739593,310,-0.49,-0.68,11,COMPLETE
50.7,18.8,53.0,53,0,2.3,36.48454802739593,315,-0.82,0.22,6,COMPLETE
49.8,18.3,5.0,56,0,2.3,36.48454802739593,320,-1.32,-0.6,1,COMPLETE
36.7,71.9,0.0,38,1,2.5,38.72567827509545,0,0.22,-0.04,219,INITIAL
39.8,72.0,58.0,48,1,2.5,38.72567827509545,5,3.41,-0.03,214,INITIAL
44.9,69.9,119.0,60,1,2.5,38.72567827509545,10,4.8,-1.54,209,ACTIVE_DRYING
48.4,68.4,170.0,84,1,2.5,38.72567827509545,15,3.99,-1.24,204,ACTIVE_DRYING
47.6,67.6,261.0,84,0,2.5,38.72567827509545,20,-0.9,-0.89,199,ACTIVE_DRYING
51.6,66.4,275.0,86,1,2.5,38.72567827509545,25,3.76,-1.76,194,ACTIVE_DRYING
50.9,66.1,311.0,83,0,2.5,38.72567827509545,30,-0.85,-1.3,189,ACTIVE_DRYING
51.0,63.8,415.0,86,0,2.5,38.72567827509545,35,0.01,-2.07,184,ACTIVE_DRYING
49.8,61.7,345.0,71,0,2.5,38.72567827509545,40,-0.95,-1.5,179,ACTIVE_DRYING
49.8,61.2,432.0,68,0,2.5,38.72567827509545,45,0.35,-0.17,174,ACTIVE_DRYING
50.1,59.3,437.0,72,0,2.5,38.72567827509545,50,0.59,-0.79,169,ACTIVE_DRYING
51.4,57.6,554.0,69,0,2.5,38.72567827509545,55,1.0,-0.34,164,ACTIVE_DRYING
51.5,57.9,538.0,70,0,2.5,38.72567827509545,60,-1.02,-0.17,159,ACTIVE_DRYING
51.6,56.0,657.0,72,0,2.5,38.72567827509545,65,-0.02,-1.93,154,ACTIVE_DRYING
51.8,55.2,654.0,72,0,2.5,38.72567827509545,70,0.32,-0.89,149,ACTIVE_DRYING
52.8,54.2,594.0,69,0,2.5,38.72567827509545,75,0.34,-0.81,144,ACTIVE_DRYING
53.0,52.5,681.0,70,0,2.5,38.72567827509545,80,0.48,-0.83,139,ACTIVE_DRYING
54.7,51.5,695.0,69,0,2.5,38.72567827509545,85,1.03,-0.45,134,ACTIVE_DRYING
54.9,51.8,739.0,71,0,2.5,38.72567827509545,90,0.45,0.1,129,ACTIVE_DRYING
57.0,49.8,740.0,71,0,2.5,38.72567827509545,95,2.04,-1.47,124,ACTIVE_DRYING
57.6,48.9,725.0,71,0,2.5,38.72567827509545,100,0.88,-0.23,119,ACTIVE_DRYING
58.1,47.6,786.0,68,0,2.5,38.72567827509545,105,0.36,-1.45,114,ACTIVE_DRYING
58.2,47.7,790.0,68,0,2.5,38.72567827509545,110,-0.29,-0.72,109,ACTIVE_DRYING
58.6,46.4,710.0,72,0,2.5,38.72567827509545,115,0.1,-1.72,104,ACTIVE_DRYING
57.8,45.1,757.0,71,0,2.5,38.72567827509545,120,-0.59,-1.6,99,ACTIVE_DRYING
58.1,43.8,783.0,68,0,2.5,38.72567827509545,125,0.14,-0.79,94,STABILIZING
57.8,43.7,709.0,54,0,2.5,38.72567827509545,130,-0.26,-1.15,89,STABILIZING
58.1,41.8,765.0,55,0,2.5,38.72567827509545,135,-0.07,-2.26,84,STABILIZING
58.0,39.9,661.0,55,0,2.5,38.72567827509545,140,0.49,-1.83,79,STABILIZING
57.8,38.6,629.0,54,0,2.5,38.72567827509545,145,-0.03,-1.03,74,STABILIZING
57.8,38.0,615.0,55,0,2.5,38.72567827509545,150,0.46,-0.99,69,STABILIZING
57.9,35.9,613.0,57,0,2.5,38.72567827509545,155,0.3,-1.82,64,STABILIZING
57.8,35.1,569.0,53,0,2.5,38.72567827509545,160,-0.34,-1.46,59,STABILIZING
58.0,32.9,507.0,53,0,2.5,38.72567827509545,165,0.2,-1.62,54,STABILIZING
57.9,33.7,484.0,53,0,2.5,38.72567827509545,170,-0.37,-0.22,49,NEAR_COMPLETE
58.0,32.4,395.0,55,0,2.5,38.72567827509545,175,0.02,-0.75,44,NEAR_COMPLETE
58.6,32.3,400.0,55,0,2.5,38.72567827509545,180,-0.29,0.01,39,NEAR_COMPLETE
57.2,31.7,359.0,54,0,2.5,38.72567827509545,185,-1.42,-0.87,34,NEAR_COMPLETE
57.5,30.8,282.0,56,0,2.5,38.72567827509545,190,0.12,-2.2,29,NEAR_COMPLETE
55.9,29.4,222.0,57,0,2.5,38.72567827509545,195,-1.7,-1.55,24,NEAR_COMPLETE
54.9,28.3,214.0,53,0,2.5,38.72567827509545,200,-0.8,-1.82,19,NEAR_COMPLETE
54.0,27.3,125.0,53,0,2.5,38.72567827509545,205,-1.25,-0.94,14,NEAR_COMPLETE
52.9,26.5,90.0,53,0,2.5,38.72567827509545,210,-1.26,-1.01,9,COMPLETE
51.2,25.7,0.0,55,0,2.5,38.72567827509545,215,-1.58,-0.83,4,COMPLETE
32.8,75.6,0.0,42,1,1.2,36.168341993564276,0,-0.14,0.03,270,INITIAL
37.4,74.0,55.0,52,1,1.2,36.168341993564276,5,3.89,-1.4,265,INITIAL
41.2,72.9,60.0,61,1,1.2,36.168341993564276,10,3.69,-1.68,260,ACTIVE_DRYING
45.0,69.5,144.0,87,1,1.2,36.168341993564276,15,3.75,-3.07,255,ACTIVE_DRYING
48.4,69.3,98.0,87,1,1.2,36.168341993564276,20,3.3,0.23,250,ACTIVE_DRYING
46.7,67.6,176.0,83,0,1.2,36.168341993564276,25,-1.4,-1.8,245,ACTIVE_DRYING
51.1,66.6,189.0,86,1,1.2,36.168341993564276,30,3.75,-1.01,240,ACTIVE_DRYING
50.4,64.8,283.0,87,0,1.2,36.168341993564276,35,-1.16,-1.82,235,ACTIVE_DRYING
48.8,63.0,347.0,68,0,1.2,36.168341993564276,40,-0.82,-0.89,230,ACTIVE_DRYING
49.4,62.6,443.0,69,0,1.2,36.168341993564276,45,0.92,-0.12,225,ACTIVE_DRYING
49.6,62.0,423.0,69,0,1.2,36.168341993564276,50,-0.05,-0.95,220,ACTIVE_DRYING
49.2,60.7,419.0,70,0,1.2,36.168341993564276,55,-0.34,-1.07,215,ACTIVE_DRYING
50.2,59.1,463.0,68,0,1.2,36.168341993564276,60,0.69,-1.58,210,ACTIVE_DRYING
49.8,59.2,495.0,70,0,1.2,36.168341993564276,65,-0.63,-0.78,205,ACTIVE_DRYING
50.1,58.5,517.0,69,0,1.2,36.168341993564276,70,0.24,-1.87,200,ACTIVE_DRYING
50.5,56.2,561.0,72,0,1.2,36.168341993564276,75,0.02,-2.22,195,ACTIVE_DRYING
51.2,55.5,658.0,69,0,1.2,36.168341993564276,80,0.94,-0.28,190,ACTIVE_DRYING
51.7,55.3,632.0,72,0,1.2,36.168341993564276,85,0.66,-0.87,185,ACTIVE_DRYING
52.0,53.1,611.0,72,0,1.2,36.168341993564276,90,0.41,-1.35,180,ACTIVE_DRYING
52.9,51.7,672.0,70,0,1.2,36.168341993564276,95,0.89,0.21,175,ACTIVE_DRYING
53.1,51.8,647.0,71,0,1.2,36.168341993564276,100,0.55,0.15,170,ACTIVE_DRYING
54.4,49.8,677.0,71,0,1.2,36.168341993564276,105,0.91,-1.86,165,ACTIVE_DRYING
55.6,47.1,699.0,68,0,1.2,36.168341993564276,110,0.33,-1.37,160,ACTIVE_DRYING
56.0,47.8,750.0,72,0,1.2,36.168341993564276,115,0.43,0.06,155,ACTIVE_DRYING
57.2,44.3,793.0,69,0,1.2,36.168341993564276,120,1.45,-1.75,150,ACTIVE_DRYING
57.7,44.4,770.0,72,0,1.2,36.168341993564276,125,0.91,0.3,145,ACTIVE_DRYING
57.8,43.7,703.0,54,0,1.2,36.168341993564276,130,0.02,-1.52,140,ACTIVE_DRYING
58.5,43.0,784.0,53,0,1.2,36.168341993564276,135,0.1,-0.77,135,ACTIVE_DRYING
58.2,42.2,715.0,53,0,1.2,36.168341993564276,140,-0.26,-0.45,130,ACTIVE_DRYING
57.7,41.9,778.0,55,0,1.2,36.168341993564276,145,-0.41,-0.0,125,ACTIVE_DRYING
57.9,40.2,744.0,55,0,1.2,36.168341993564276,150,0.7,-1.28,120,STABILIZING
58.1,38.7,729.0,56,0,1.2,36.168341993564276,155,0.19,-1.44,115,NEAR_COMPLETE
57.7,39.2,753.0,56,0,1.2,36.168341993564276,160,-0.1,1.07,110,NEAR_COMPLETE
58.6,38.7,702.0,56,0,1.2,36.168341993564276,165,0.16,-0.36,105,NEAR_COMPLETE
58.4,36.5,688.0,56,0,1.2,36.168341993564276,170,-0.61,-2.1,100,NEAR_COMPLETE
57.8,36.2,655.0,56,0,1.2,36.168341993564276,175,-0.51,-0.64,95,NEAR_COMPLETE
58.3,34.3,669.0,53,0,1.2,36.168341993564276,180,-0.01,-1.39,90,NEAR_COMPLETE
58.0,34.5,604.0,55,0,1.2,36.168341993564276,185,-0.15,-0.45,85,NEAR_COMPLETE
58.0,32.5,584.0,55,0,1.2,36.168341993564276,190,0.02,-1.44,80,COMPLETE
57.8,32.3,553.0,53,0,1.2,36.168341993564276,195,0.14,-0.51,75,COMPLETE
58.2,31.8,513.0,53,0,1.2,36.168341993564276,200,0.25,-0.37,70,COMPLETE
57.9,31.0,454.0,56,0,1.2,36.168341993564276,205,-0.21,-1.43,65,COMPLETE
57.9,30.2,523.0,53,0,1.2,36.168341993564276,210,0.14,-1.17,60,COMPLETE
57.3,29.8,457.0,57,0,1.2,36.168341993564276,215,-0.22,-1.25,55,COMPLETE
58.1,29.5,384.0,57,0,1.2,36.168341993564276,220,0.34,-1.04,50,COMPLETE
58.5,27.7,395.0,54,0,1.2,36.168341993564276,225,-0.51,-2.04,45,COMPLETE
57.4,26.3,300.0,54,0,1.2,36.168341993564276,230,-0.81,-0.99,40,COMPLETE
57.1,24.6,283.0,56,0,1.2,36.168341993564276,235,-0.47,-1.06,35,COMPLETE
56.9,25.7,283.0,56,0,1.2,36.168341993564276,240,-0.79,0.43,30,COMPLETE
55.5,24.5,219.0,55,0,1.2,36.168341993564276,245,-1.23,-1.44,25,COMPLETE
54.7,23.4,145.0,57,0,1.2,36.168341993564276,250,-0.73,-0.8,20,COMPLETE
53.9,23.2,113.0,57,0,1.2,36.168341993564276,255,-0.73,0.16,15,COMPLETE
52.1,23.1,87.0,57,0,1.2,36.168341993564276,260,-1.62,-0.68,10,COMPLETE
50.5,22.4,45.0,53,0,1.2,36.168341993564276,265,-1.49,-1.44,5,COMPLETE
49.5,21.2,18.0,56,0,1.2,36.168341993564276,270,-0.54,-0.89,0,COMPLETE
34.7,72.5,0.0,38,1,1.4,32.257249760862805,0,0.33,-0.3,223,INITIAL
39.4,70.1,31.0,48,1,1.4,32.257249760862805,5,4.46,-2.42,218,INITIAL
44.0,69.0,149.0,62,1,1.4,32.257249760862805,10,3.83,-1.83,213,ACTIVE_DRYING
47.5,66.9,199.0,87,1,1.4,32.257249760862805,15,3.35,-1.55,208,ACTIVE_DRYING
51.5,65.0,203.0,84,1,1.4,32.257249760862805,20,4.15,-1.81,203,ACTIVE_DRYING
50.1,63.5,254.0,83,0,1.4,32.257249760862805,25,-1.19,-1.52,198,ACTIVE_DRYING
50.2,62.4,300.0,72,0,1.4,32.257249760862805,30,0.13,-1.01,193,ACTIVE_DRYING
49.9,61.7,343.0,68,0,1.4,32.257249760862805,35,-0.07,-1.17,188,ACTIVE_DRYING
49.2,59.4,402.0,71,0,1.4,32.257249760862805,40,-0.27,-2.05,183,ACTIVE_DRYING
50.1,57.8,480.0,68,0,1.4,32.257249760862805,45,0.82,-1.75,178,ACTIVE_DRYING
49.8,57.0,466.0,68,0,1.4,32.257249760862805,50,0.13,-1.38,173,ACTIVE_DRYING
50.6,56.5,487.0,72,0,1.4,32.257249760862805,55,1.1,-1.87,168,ACTIVE_DRYING
51.4,54.5,579.0,71,0,1.4,32.257249760862805,60,0.56,-2.81,163,ACTIVE_DRYING
52.1,54.2,572.0,71,0,1.4,32.257249760862805,65,0.71,-1.21,158,ACTIVE_DRYING
53.0,52.4,656.0,70,0,1.4,32.257249760862805,70,0.85,-1.79,153,ACTIVE_DRYING
54.7,50.9,687.0,72,0,1.4,32.257249760862805,75,1.12,-1.84,148,ACTIVE_DRYING
54.0,48.2,641.0,70,0,1.4,32.257249760862805,80,-0.54,-2.11,143,ACTIVE_DRYING
55.1,48.9,723.0,72,0,1.4,32.257249760862805,85,1.06,0.29,138,ACTIVE_DRYING
56.2,47.4,729.0,72,0,1.4,32.257249760862805,90,1.64,-2.12,133,ACTIVE_DRYING
57.5,46.0,725.0,69,0,1.4,32.257249760862805,95,1.24,-1.26,128,ACTIVE_DRYING
57.4,43.3,729.0,69,0,1.4,32.257249760862805,100,0.53,-1.89,123,ACTIVE_DRYING
57.7,43.5,812.0,53,0,1.4,32.257249760862805,105,0.53,0.62,118,ACTIVE_DRYING
58.0,42.7,751.0,53,0,1.4,32.257249760862805,110,0.22,-0.84,113,ACTIVE_DRYING
57.8,40.9,740.0,55,0,1.4,32.257249760862805,115,-0.21,-0.66,108,ACTIVE_DRYING
57.9,40.3,652.0,56,0,1.4,32.257249760862805,120,-0.1,-0.8,103,ACTIVE_DRYING
58.4,39.7,730.0,57,0,1.4,32.257249760862805,125,-0.03,-0.38,98,STABILIZING
57.9,37.7,715.0,56,0,1.4,32.257249760862805,130,-0.45,-0.85,93,STABILIZING
57.9,37.6,704.0,57,0,1.4,32.257249760862805,135,0.3,-0.86,88,NEAR_COMPLETE
57.7,37.4,719.0,57,0,1.4,32.257249760862805,140,0.28,-1.13,83,NEAR_COMPLETE
58.2,33.4,679.0,55,0,1.4,32.257249760862805,145,0.57,-2.88,78,NEAR_COMPLETE
58.1,33.9,648.0,57,0,1.4,32.257249760862805,150,-0.3,0.18,73,NEAR_COMPLETE
58.0,33.7,562.0,55,0,1.4,32.257249760862805,155,0.13,-1.01,68,NEAR_COMPLETE
58.0,31.5,565.0,55,0,1.4,32.257249760862805,160,-0.23,-2.33,63,NEAR_COMPLETE
58.4,30.7,540.0,56,0,1.4,32.257249760862805,165,0.06,-0.45,58,NEAR_COMPLETE
57.8,29.8,469.0,53,0,1.4,32.257249760862805,170,-0.12,-1.59,53,COMPLETE
57.9,28.2,445.0,54,0,1.4,32.257249760862805,175,0.26,-0.69,48,COMPLETE
57.5,27.8,388.0,55,0,1.4,32.257249760862805,180,-0.01,-0.33,43,COMPLETE
57.1,26.5,399.0,53,0,1.4,32.257249760862805,185,-0.05,-1.56,38,COMPLETE
57.5,24.8,351.0,55,0,1.4,32.257249760862805,190,-0.02,-0.97,33,COMPLETE
55.2,25.5,271.0,56,0,1.4,32.257249760862805,195,-0.91,-0.45,28,COMPLETE
55.0,23.9,203.0,54,0,1.4,32.257249760862805,200,0.42,-1.95,23,COMPLETE
54.2,22.8,209.0,54,0,1.4,32.257249760862805,205,-0.39,-0.57,18,COMPLETE
53.4,21.7,137.0,55,0,1.4,32.257249760862805,210,-0.83,-0.8,13,COMPLETE
52.0,21.8,64.0,56,0,1.4,32.257249760862805,215,-0.92,-0.76,8,COMPLETE
50.9,19.6,44.0,56,0,1.4,32.257249760862805,220,-0.79,-1.54,3,COMPLETE
35.6,70.0,8.0,40,1,2.4,33.19249696994355,0,-0.25,0.11,349,INITIAL
39.4,69.1,2.0,51,1,2.4,33.19249696994355,5,4.41,-1.78,344,INITIAL
43.9,67.6,59.0,58,1,2.4,33.19249696994355,10,4.37,-2.76,339,ACTIVE_DRYING
47.3,64.4,96.0,87,1,2.4,33.19249696994355,15,3.27,-2.93,334,ACTIVE_DRYING
52.2,62.8,170.0,69,1,2.4,33.19249696994355,20,4.43,-0.92,329,ACTIVE_DRYING
51.3,61.7,195.0,70,0,2.4,33.19249696994355,25,-1.57,-1.57,324,ACTIVE_DRYING
49.8,59.9,157.0,68,0,2.4,33.19249696994355,30,-1.06,-1.34,319,ACTIVE_DRYING
49.1,58.8,202.0,72,0,2.4,33.19249696994355,35,-0.93,-0.85,314,ACTIVE_DRYING
48.5,58.5,243.0,70,0,2.4,33.19249696994355,40,-0.83,-1.42,309,ACTIVE_DRYING
47.7,56.1,331.0,72,0,2.4,33.19249696994355,45,-0.41,-2.71,304,ACTIVE_DRYING
46.9,54.9,302.0,69,0,2.4,33.19249696994355,50,-0.18,-1.36,299,ACTIVE_DRYING
46.4,52.3,357.0,70,0,2.4,33.19249696994355,55,0.03,-1.55,294,ACTIVE_DRYING
46.7,52.1,364.0,71,0,2.4,33.19249696994355,60,0.21,0.53,289,ACTIVE_DRYING
46.7,51.3,387.0,70,0,2.4,33.19249696994355,65,-0.06,-0.42,284,ACTIVE_DRYING
47.3,50.8,472.0,71,0,2.4,33.19249696994355,70,0.61,-1.41,279,ACTIVE_DRYING
47.8,49.7,452.0,70,0,2.4,33.19249696994355,75,0.17,-1.77,274,ACTIVE_DRYING
47.3,48.5,502.0,72,0,2.4,33.19249696994355,80,-0.02,-1.99,269,ACTIVE_DRYING
48.3,46.8,479.0,68,0,2.4,33.19249696994355,85,0.98,-2.23,264,ACTIVE_DRYING
49.0,46.9,572.0,70,0,2.4,33.19249696994355,90,0.46,-0.29,259,ACTIVE_DRYING
49.5,44.5,600.0,71,0,2.4,33.19249696994355,95,0.62,-1.82,254,ACTIVE_DRYING
50.4,44.1,571.0,54,0,2.4,33.19249696994355,100,0.54,-0.11,249,ACTIVE_DRYING
51.6,44.4,637.0,55,0,2.4,33.19249696994355,105,1.18,-0.1,244,ACTIVE_DRYING
52.6,42.4,630.0,55,0,2.4,33.19249696994355,110,1.04,-1.25,239,ACTIVE_DRYING
53.9,42.2,621.0,57,0,2.4,33.19249696994355,115,0.76,-0.47,234,ACTIVE_DRYING
54.2,40.7,659.0,56,0,2.4,33.19249696994355,120,0.34,-1.69,229,ACTIVE_DRYING
55.0,39.3,694.0,53,0,2.4,33.19249696994355,125,1.22,-1.24,224,ACTIVE_DRYING
56.3,38.6,668.0,57,0,2.4,33.19249696994355,130,1.66,-0.92,219,ACTIVE_DRYING
57.4,36.8,716.0,54,0,2.4,33.19249696994355,135,0.64,-1.23,214,ACTIVE_DRYING
57.7,36.4,715.0,57,0,2.4,33.19249696994355,140,0.54,-0.49,209,ACTIVE_DRYING
57.1,36.1,755.0,55,0,2.4,33.19249696994355,145,0.18,-0.64,204,ACTIVE_DRYING
57.6,35.4,703.0,54,0,2.4,33.19249696994355,150,1.03,-0.57,199,ACTIVE_DRYING
58.3,35.2,750.0,54,0,2.4,33.19249696994355,155,0.31,-0.39,194,NEAR_COMPLETE
58.2,34.4,703.0,57,0,2.4,33.19249696994355,160,-0.64,-0.6,189,NEAR_COMPLETE
58.5,34.0,737.0,55,0,2.4,33.19249696994355,165,-0.42,-1.44,184,NEAR_COMPLETE
57.7,32.6,699.0,53,0,2.4,33.19249696994355,170,-0.36,-0.82,179,NEAR_COMPLETE
57.9,33.3,743.0,57,0,2.4,33.19249696994355,175,0.24,-0.88,174,NEAR_COMPLETE
57.1,31.0,735.0,54,0,2.4,33.19249696994355,180,-0.15,-2.16,169,NEAR_COMPLETE
57.9,30.8,773.0,55,0,2.4,33.19249696994355,185,0.92,-0.41,164,NEAR_COMPLETE
58.0,30.7,750.0,55,0,2.4,33.19249696994355,190,-0.1,-0.67,159,COMPLETE
57.9,30.3,749.0,56,0,2.4,33.19249696994355,195,-0.21,-0.43,154,COMPLETE
57.7,29.8,678.0,53,0,2.4,33.19249696994355,200,-0.11,-1.13,149,COMPLETE
57.8,28.7,719.0,56,0,2.4,33.19249696994355,205,0.16,-1.04,144,COMPLETE
58.2,28.2,697.0,54,0,2.4,33.19249696994355,210,0.39,-0.68,139,COMPLETE
58.0,27.9,698.0,56,0,2.4,33.19249696994355,215,-0.16,-1.91,134,COMPLETE
58.3,25.6,656.0,53,0,2.4,33.19249696994355,220,0.09,-2.27,129,COMPLETE
58.0,26.0,648.0,57,0,2.4,33.19249696994355,225,-0.15,-0.44,124,COMPLETE
58.0,24.8,649.0,53,0,2.4,33.19249696994355,230,0.24,-0.58,119,COMPLETE
58.3,23.7,637.0,53,0,2.4,33.19249696994355,235,-0.1,-0.29,114,COMPLETE
57.9,22.7,568.0,55,0,2.4,33.19249696994355,240,-0.34,-0.89,109,COMPLETE
57.9,23.3,618.0,57,0,2.4,33.19249696994355,245,-0.36,0.59,104,COMPLETE
57.8,22.3,620.0,54,0,2.4,33.19249696994355,250,0.11,-1.05,99,COMPLETE
57.6,22.0,513.0,57,0,2.4,33.19249696994355,255,-0.18,-0.62,94,COMPLETE
57.6,20.5,500.0,53,0,2.4,33.19249696994355,260,0.49,-0.95,89,COMPLETE
57.7,20.8,511.0,53,0,2.4,33.19249696994355,265,0.37,-0.49,84,COMPLETE
58.5,19.4,487.0,53,0,2.4,33.19249696994355,270,-0.18,-1.23,79,COMPLETE
58.1,18.1,477.0,54,0,2.4,33.19249696994355,275,-0.48,-0.67,74,COMPLETE
58.4,17.6,402.0,57,0,2.4,33.19249696994355,280,0.2,0.21,69,COMPLETE
57.7,19.6,451.0,57,0,2.4,33.19249696994355,285,-0.26,0.77,64,COMPLETE
58.1,18.6,384.0,54,0,2.4,33.19249696994355,290,0.09,-1.59,59,COMPLETE
58.2,17.3,335.0,54,0,2.4,33.19249696994355,295,-0.24,-0.94,54,COMPLETE
57.6,18.1,311.0,56,0,2.4,33.19249696994355,300,-0.68,0.83,49,COMPLETE
56.9,18.2,293.0,57,0,2.4,33.19249696994355,305,-0.6,0.46,44,COMPLETE
55.5,17.4,226.0,54,0,2.4,33.19249696994355,310,-1.71,-0.34,39,COMPLETE
54.5,17.6,178.0,54,0,2.4,33.19249696994355,315,-1.11,0.56,34,COMPLETE
53.1,18.4,176.0,53,0,2.4,33.19249696994355,320,-1.01,0.4,29,COMPLETE
52.3,17.9,138.0,54,0,2.4,33.19249696994355,325,-0.81,-0.28,24,COMPLETE
51.5,17.6,117.0,55,0,2.4,33.19249696994355,330,-0.49,0.52,19,COMPLETE
50.2,17.8,129.0,57,0,2.4,33.19249696994355,335,-1.18,0.36,14,COMPLETE
48.9,17.8,99.0,57,0,2.4,33.19249696994355,340,-0.68,-0.1,9,COMPLETE
47.4,17.9,16.0,53,0,2.4,33.19249696994355,345,-1.19,-0.06,4,COMPLETE
35.5,75.0,0.0,40,1,1.2,39.58492887633725,0,0.14,0.3,328,INITIAL
39.2,73.5,0.0,51,1,1.2,39.58492887633725,5,3.09,-1.75,323,INITIAL
43.3,71.8,94.0,62,1,1.2,39.58492887633725,10,4.14,-2.32,318,ACTIVE_DRYING
47.3,71.8,96.0,83,1,1.2,39.58492887633725,15,3.76,-0.52,313,ACTIVE_DRYING
51.0,68.8,167.0,87,1,1.2,39.58492887633725,20,3.38,-2.71,308,ACTIVE_DRYING
49.8,67.8,201.0,85,0,1.2,39.58492887633725,25,-1.1,-1.25,303,ACTIVE_DRYING
48.4,67.5,211.0,85,0,1.2,39.58492887633725,30,-0.98,-0.7,298,ACTIVE_DRYING
47.2,65.6,217.0,85,0,1.2,39.58492887633725,35,-0.79,-1.48,293,ACTIVE_DRYING
52.4,64.6,295.0,83,1,1.2,39.58492887633725,40,4.35,-0.46,288,ACTIVE_DRYING
50.3,62.5,260.0,83,0,1.2,39.58492887633725,45,-1.78,-0.99,283,ACTIVE_DRYING
50.4,61.4,393.0,71,0,1.2,39.58492887633725,50,0.28,-1.24,278,ACTIVE_DRYING
50.1,60.2,412.0,69,0,1.2,39.58492887633725,55,0.42,-1.64,273,ACTIVE_DRYING
50.8,57.8,377.0,72,0,1.2,39.58492887633725,60,0.19,-1.32,268,ACTIVE_DRYING
50.2,57.2,473.0,70,0,1.2,39.58492887633725,65,0.05,-0.81,263,ACTIVE_DRYING
50.2,55.9,428.0,71,0,1.2,39.58492887633725,70,0.41,-0.78,258,ACTIVE_DRYING
50.6,54.3,478.0,72,0,1.2,39.58492887633725,75,0.54,-1.45,253,ACTIVE_DRYING
51.2,53.3,467.0,68,0,1.2,39.58492887633725,80,0.38,-1.0,248,ACTIVE_DRYING
51.3,51.2,579.0,69,0,1.2,39.58492887633725,85,0.47,-1.83,243,ACTIVE_DRYING
52.0,50.0,516.0,70,0,1.2,39.58492887633725,90,0.88,-0.37,238,ACTIVE_DRYING
53.3,48.8,593.0,68,0,1.2,39.58492887633725,95,0.44,-0.26,233,ACTIVE_DRYING
53.3,49.1,629.0,69,0,1.2,39.58492887633725,100,0.07,-0.27,228,ACTIVE_DRYING
54.6,48.9,617.0,71,0,1.2,39.58492887633725,105,0.78,-0.67,223,ACTIVE_DRYING
55.3,46.0,634.0,71,0,1.2,39.58492887633725,110,0.35,-2.18,218,ACTIVE_DRYING
55.8,46.2,638.0,69,0,1.2,39.58492887633725,115,0.5,-0.22,213,ACTIVE_DRYING
57.1,45.2,707.0,72,0,1.2,39.58492887633725,120,0.98,-0.92,208,ACTIVE_DRYING
57.8,44.0,684.0,55,0,1.2,39.58492887633725,125,0.67,-0.82,203,ACTIVE_DRYING
57.9,43.7,711.0,57,0,1.2,39.58492887633725,130,0.55,-1.63,198,ACTIVE_DRYING
57.7,40.6,712.0,57,0,1.2,39.58492887633725,135,0.01,-1.54,193,ACTIVE_DRYING
58.0,41.3,719.0,54,0,1.2,39.58492887633725,140,0.24,0.12,188,ACTIVE_DRYING
58.6,40.6,726.0,53,0,1.2,39.58492887633725,145,-0.15,-1.19,183,ACTIVE_DRYING
57.9,39.5,743.0,57,0,1.2,39.58492887633725,150,-0.94,-1.47,178,ACTIVE_DRYING
58.5,37.7,739.0,57,0,1.2,39.58492887633725,155,0.37,-1.38,173,NEAR_COMPLETE
57.9,37.8,703.0,54,0,1.2,39.58492887633725,160,-0.62,-0.29,168,NEAR_COMPLETE
58.1,35.9,748.0,56,0,1.2,39.58492887633725,165,0.06,-1.99,163,NEAR_COMPLETE
58.1,35.0,787.0,55,0,1.2,39.58492887633725,170,-0.28,-0.01,158,NEAR_COMPLETE
57.7,33.9,754.0,55,0,1.2,39.58492887633725,175,-0.05,-1.53,153,NEAR_COMPLETE
57.9,32.9,677.0,57,0,1.2,39.58492887633725,180,0.06,-1.11,148,NEAR_COMPLETE
58.0,31.2,750.0,54,0,1.2,39.58492887633725,185,0.07,-0.89,143,COMPLETE
58.2,31.5,701.0,56,0,1.2,39.58492887633725,190,0.17,-0.91,138,COMPLETE
57.9,29.2,702.0,56,0,1.2,39.58492887633725,195,-0.36,-1.63,133,COMPLETE
57.2,28.2,688.0,55,0,1.2,39.58492887633725,200,0.12,-0.55,128,COMPLETE
57.8,26.8,676.0,53,0,1.2,39.58492887633725,205,0.39,-0.6,123,COMPLETE
57.9,26.3,649.0,55,0,1.2,39.58492887633725,210,0.21,-0.18,118,COMPLETE
58.3,26.8,639.0,57,0,1.2,39.58492887633725,215,0.13,-0.12,113,COMPLETE
58.5,25.1,648.0,56,0,1.2,39.58492887633725,220,-0.44,-1.49,108,COMPLETE
58.1,24.7,660.0,53,0,1.2,39.58492887633725,225,-0.74,-0.87,103,COMPLETE
57.7,22.9,580.0,53,0,1.2,39.58492887633725,230,-0.33,-1.42,98,COMPLETE
58.0,22.8,557.0,57,0,1.2,39.58492887633725,235,0.51,0.14,93,COMPLETE
57.6,21.9,559.0,56,0,1.2,39.58492887633725,240,-0.01,-0.9,88,COMPLETE
57.6,19.9,523.0,57,0,1.2,39.58492887633725,245,0.41,-1.84,83,COMPLETE
57.8,18.9,481.0,54,0,1.2,39.58492887633725,250,0.02,-1.49,78,COMPLETE
58.1,19.0,473.0,56,0,1.2,39.58492887633725,255,0.09,0.08,73,COMPLETE
58.0,19.6,453.0,57,0,1.2,39.58492887633725,260,-0.35,-1.03,68,COMPLETE
58.1,17.6,474.0,56,0,1.2,39.58492887633725,265,-0.08,-1.51,63,COMPLETE
57.6,19.0,387.0,55,0,1.2,39.58492887633725,270,-0.54,0.82,58,COMPLETE
57.7,18.6,359.0,56,0,1.2,39.58492887633725,275,-0.01,-1.49,53,COMPLETE
57.1,18.0,309.0,53,0,1.2,39.58492887633725,280,-0.29,-0.52,48,COMPLETE
56.6,18.4,296.0,56,0,1.2,39.58492887633725,285,-0.49,0.2,43,COMPLETE
54.8,18.1,239.0,57,0,1.2,39.58492887633725,290,-1.17,-0.21,38,COMPLETE
55.1,18.4,227.0,55,0,1.2,39.58492887633725,295,0.27,-0.3,33,COMPLETE
53.4,17.3,195.0,54,0,1.2,39.58492887633725,300,-1.47,-0.46,28,COMPLETE
52.6,18.9,196.0,53,0,1.2,39.58492887633725,305,-0.29,0.57,23,COMPLETE
51.8,18.8,175.0,53,0,1.2,39.58492887633725,310,-0.79,-0.67,18,COMPLETE
51.1,18.2,160.0,53,0,1.2,39.58492887633725,315,-0.78,-1.55,13,COMPLETE
49.9,17.6,98.0,53,0,1.2,39.58492887633725,320,-0.83,-0.22,8,COMPLETE
48.4,18.3,10.0,54,0,1.2,39.58492887633725,325,-1.43,0.42,3,COMPLETE
33.8,73.4,5.0,40,1,2.2,32.785882457498175,0,-0.22,-0.06,290,INITIAL
37.6,70.9,14.0,48,1,2.2,32.785882457498175,5,4.2,-1.87,285,INITIAL
41.9,69.9,98.0,60,1,2.2,32.785882457498175,10,4.33,-0.91,280,ACTIVE_DRYING
45.4,68.5,60.0,86,1,2.2,32.785882457498175,15,4.01,-2.26,275,ACTIVE_DRYING
49.7,66.8,160.0,86,1,2.2,32.785882457498175,20,4.94,-1.8,270,ACTIVE_DRYING
48.8,64.7,271.0,87,0,2.2,32.785882457498175,25,-0.74,-1.54,265,ACTIVE_DRYING
46.8,64.3,190.0,84,0,2.2,32.785882457498175,30,-1.87,-0.99,260,ACTIVE_DRYING
52.0,62.9,257.0,69,1,2.2,32.785882457498175,35,5.06,-1.69,255,ACTIVE_DRYING
51.8,61.9,359.0,71,0,2.2,32.785882457498175,40,-0.54,-1.39,250,ACTIVE_DRYING
51.0,59.9,327.0,70,0,2.2,32.785882457498175,45,-0.53,-1.67,245,ACTIVE_DRYING
50.9,58.3,376.0,72,0,2.2,32.785882457498175,50,0.22,-1.03,240,ACTIVE_DRYING
51.9,56.8,439.0,71,0,2.2,32.785882457498175,55,0.01,-0.1,235,ACTIVE_DRYING
51.7,56.5,463.0,71,0,2.2,32.785882457498175,60,0.14,-1.02,230,ACTIVE_DRYING
51.8,54.1,520.0,69,0,2.2,32.785882457498175,65,0.23,-1.85,225,ACTIVE_DRYING
52.0,52.3,513.0,70,0,2.2,32.785882457498175,70,0.03,-1.69,220,ACTIVE_DRYING
51.8,51.3,529.0,68,0,2.2,32.785882457498175,75,-0.1,-1.09,215,ACTIVE_DRYING
52.3,49.5,550.0,68,0,2.2,32.785882457498175,80,0.66,-0.67,210,ACTIVE_DRYING
52.9,49.5,570.0,71,0,2.2,32.785882457498175,85,0.44,-0.66,205,ACTIVE_DRYING
53.9,47.1,645.0,71,0,2.2,32.785882457498175,90,0.84,-2.98,200,ACTIVE_DRYING
54.7,46.1,641.0,72,0,2.2,32.785882457498175,95,0.57,-1.69,195,ACTIVE_DRYING
56.0,44.1,665.0,69,0,2.2,32.785882457498175,100,0.65,-1.93,190,ACTIVE_DRYING
57.3,43.8,750.0,55,0,2.2,32.785882457498175,105,0.94,-1.18,185,ACTIVE_DRYING
57.1,42.5,635.0,56,0,2.2,32.785882457498175,110,0.42,-2.11,180,NEAR_COMPLETE
57.7,40.4,780.0,56,0,2.2,32.785882457498175,115,1.13,-1.67,175,NEAR_COMPLETE
57.8,39.8,725.0,55,0,2.2,32.785882457498175,120,0.77,-0.08,170,NEAR_COMPLETE
58.2,38.0,739.0,53,0,2.2,32.785882457498175,125,0.08,-0.16,165,NEAR_COMPLETE
57.7,37.3,764.0,53,0,2.2,32.785882457498175,130,-0.31,-0.4,160,NEAR_COMPLETE
57.5,37.5,742.0,56,0,2.2,32.785882457498175,135,0.75,-0.32,155,COMPLETE
58.3,35.8,767.0,53,0,2.2,32.785882457498175,140,0.48,-2.0,150,COMPLETE
57.6,33.9,761.0,57,0,2.2,32.785882457498175,145,-0.29,-1.4,145,COMPLETE
58.0,32.4,773.0,57,0,2.2,32.785882457498175,150,-0.01,-1.35,140,COMPLETE
57.6,32.1,738.0,56,0,2.2,32.785882457498175,155,0.02,-0.12,135,COMPLETE
57.8,30.0,697.0,56,0,2.2,32.785882457498175,160,0.32,-1.54,130,COMPLETE
58.2,30.2,769.0,55,0,2.2,32.785882457498175,165,0.22,-0.21,125,COMPLETE
58.4,29.2,737.0,57,0,2.2,32.785882457498175,170,-0.39,-1.32,120,COMPLETE
58.4,27.3,715.0,57,0,2.2,32.785882457498175,175,-0.33,-1.59,115,COMPLETE
57.9,26.7,683.0,57,0,2.2,32.785882457498175,180,-0.51,-0.8,110,COMPLETE
58.6,25.5,667.0,54,0,2.2,32.785882457498175,185,0.0,-0.52,105,COMPLETE
57.4,24.2,669.0,57,0,2.2,32.785882457498175,190,-0.57,-0.08,100,COMPLETE
58.0,24.9,596.0,54,0,2.2,32.785882457498175,195,0.58,0.75,95,COMPLETE
58.3,25.1,622.0,54,0,2.2,32.785882457498175,200,-0.05,-0.56,90,COMPLETE
58.1,24.3,622.0,54,0,2.2,32.785882457498175,205,-0.19,-1.02,85,COMPLETE
58.0,22.7,606.0,54,0,2.2,32.785882457498175,210,-0.06,-1.58,80,COMPLETE
57.6,23.3,530.0,54,0,2.2,32.785882457498175,215,0.12,0.1,75,COMPLETE
57.6,22.8,514.0,53,0,2.2,32.785882457498175,220,0.58,-0.57,70,COMPLETE
57.7,21.7,465.0,53,0,2.2,32.785882457498175,225,0.55,-0.98,65,COMPLETE
57.9,22.4,418.0,56,0,2.2,32.785882457498175,230,-0.01,-0.1,60,COMPLETE
58.1,20.7,414.0,56,0,2.2,32.785882457498175,235,-0.19,-1.23,55,COMPLETE
58.2,21.1,371.0,56,0,2.2,32.785882457498175,240,0.3,0.37,50,COMPLETE
57.9,20.3,362.0,57,0,2.2,32.785882457498175,245,-0.47,-0.18,45,COMPLETE
57.0,20.1,313.0,53,0,2.2,32.785882457498175,250,-0.62,-0.63,40,COMPLETE
57.0,19.3,288.0,55,0,2.2,32.785882457498175,255,0.3,-1.11,35,COMPLETE
56.4,17.4,234.0,54,0,2.2,32.785882457498175,260,-0.85,-1.25,30,COMPLETE
55.2,17.5,215.0,53,0,2.2,32.785882457498175,265,-0.99,0.12,25,COMPLETE
53.7,18.0,96.0,53,0,2.2,32.785882457498175,270,-1.0,0.53,20,COMPLETE
53.4,17.7,151.0,54,0,2.2,32.785882457498175,275,-0.58,0.19,15,COMPLETE
52.0,18.1,103.0,53,0,2.2,32.785882457498175,280,-0.88,0.35,10,COMPLETE
51.2,17.5,37.0,53,0,2.2,32.785882457498175,285,-0.68,0.13,5,COMPLETE
50.5,17.9,46.0,53,0,2.2,32.785882457498175,290,-1.15,0.05,0,COMPLETE
33.3,76.1,0.0,38,1,1.4,38.44821869494863,0,0.04,-0.2,256,INITIAL
38.0,75.3,66.0,48,1,1.4,38.44821869494863,5,4.54,-1.52,251,INITIAL
42.5,72.6,57.0,62,1,1.4,38.44821869494863,10,3.91,-1.98,246,ACTIVE_DRYING
46.0,72.4,140.0,85,1,1.4,38.44821869494863,15,3.19,-0.02,241,ACTIVE_DRYING
50.4,72.2,249.0,87,1,1.4,38.44821869494863,20,4.38,0.21,236,ACTIVE_DRYING
49.3,70.7,190.0,87,0,1.4,38.44821869494863,25,-1.16,-1.26,231,ACTIVE_DRYING
47.6,69.8,285.0,87,0,1.4,38.44821869494863,30,-0.63,-1.54,226,ACTIVE_DRYING
48.2,67.2,369.0,85,0,1.4,38.44821869494863,35,0.64,-1.6,221,ACTIVE_DRYING
47.0,66.6,377.0,87,0,1.4,38.44821869494863,40,-0.8,-1.02,216,ACTIVE_DRYING
51.0,64.7,354.0,87,1,1.4,38.44821869494863,45,4.33,-1.7,211,ACTIVE_DRYING
51.8,63.2,392.0,68,0,1.4,38.44821869494863,50,0.13,-1.0,206,ACTIVE_DRYING
51.6,62.9,424.0,68,0,1.4,38.44821869494863,55,-0.48,-0.68,201,ACTIVE_DRYING
51.5,61.1,515.0,72,0,1.4,38.44821869494863,60,0.16,-1.94,196,ACTIVE_DRYING
51.7,61.2,508.0,68,0,1.4,38.44821869494863,65,0.5,-0.4,191,ACTIVE_DRYING
52.9,58.3,515.0,72,0,1.4,38.44821869494863,70,0.85,-3.25,186,ACTIVE_DRYING
52.6,57.3,614.0,70,0,1.4,38.44821869494863,75,-0.02,-1.14,181,ACTIVE_DRYING
53.2,55.7,610.0,71,0,1.4,38.44821869494863,80,0.75,-0.97,176,ACTIVE_DRYING
54.7,53.9,711.0,69,0,1.4,38.44821869494863,85,1.11,-1.49,171,ACTIVE_DRYING
54.9,52.1,704.0,71,0,1.4,38.44821869494863,90,0.38,-1.01,166,ACTIVE_DRYING
55.4,51.1,708.0,68,0,1.4,38.44821869494863,95,0.8,-1.48,161,ACTIVE_DRYING
56.7,48.7,719.0,69,0,1.4,38.44821869494863,100,1.16,-1.55,156,ACTIVE_DRYING
57.5,47.0,687.0,69,0,1.4,38.44821869494863,105,0.66,-0.94,151,ACTIVE_DRYING
58.2,45.7,773.0,72,0,1.4,38.44821869494863,110,0.65,-0.44,146,ACTIVE_DRYING
57.8,44.6,767.0,68,0,1.4,38.44821869494863,115,-0.23,-0.62,141,ACTIVE_DRYING
58.5,43.8,727.0,72,0,1.4,38.44821869494863,120,0.54,-0.46,136,ACTIVE_DRYING
57.6,43.7,750.0,57,0,1.4,38.44821869494863,125,-0.48,-1.26,131,ACTIVE_DRYING
58.3,42.0,735.0,56,0,1.4,38.44821869494863,130,0.62,-2.25,126,ACTIVE_DRYING
57.5,41.4,768.0,56,0,1.4,38.44821869494863,135,-0.53,-0.94,121,ACTIVE_DRYING
57.9,39.7,719.0,55,0,1.4,38.44821869494863,140,0.28,-2.54,116,ACTIVE_DRYING
57.6,38.1,715.0,53,0,1.4,38.44821869494863,145,0.02,-0.86,111,NEAR_COMPLETE
57.5,37.5,731.0,55,0,1.4,38.44821869494863,150,0.6,-0.7,106,NEAR_COMPLETE
58.1,35.3,718.0,56,0,1.4,38.44821869494863,155,0.29,-1.71,101,NEAR_COMPLETE
57.9,35.1,725.0,56,0,1.4,38.44821869494863,160,-0.23,-0.2,96,NEAR_COMPLETE
58.4,34.3,665.0,55,0,1.4,38.44821869494863,165,0.16,-1.09,91,NEAR_COMPLETE
57.6,34.1,676.0,56,0,1.4,38.44821869494863,170,-0.4,-0.48,86,NEAR_COMPLETE
58.0,32.7,645.0,57,0,1.4,38.44821869494863,175,0.43,-1.37,81,COMPLETE
58.3,31.2,568.0,56,0,1.4,38.44821869494863,180,-0.22,-1.61,76,COMPLETE
57.7,30.4,574.0,57,0,1.4,38.44821869494863,185,-0.13,-0.43,71,COMPLETE
58.5,29.0,560.0,55,0,1.4,38.44821869494863,190,0.58,-0.15,66,COMPLETE
57.5,27.8,484.0,53,0,1.4,38.44821869494863,195,-0.31,-1.37,61,COMPLETE
57.6,26.3,477.0,57,0,1.4,38.44821869494863,200,0.28,-1.61,56,COMPLETE
58.2,25.7,448.0,54,0,1.4,38.44821869494863,205,0.42,-0.7,51,COMPLETE
58.2,25.9,353.0,55,0,1.4,38.44821869494863,210,-0.93,0.23,46,COMPLETE
58.2,25.9,352.0,56,0,1.4,38.44821869494863,215,-0.57,-0.76,41,COMPLETE
57.7,24.2,352.0,57,0,1.4,38.44821869494863,220,-0.84,-2.39,36,COMPLETE
56.6,23.6,305.0,56,0,1.4,38.44821869494863,225,-1.14,-1.16,31,COMPLETE
55.7,23.4,315.0,56,0,1.4,38.44821869494863,230,-0.78,-1.1,26,COMPLETE
55.3,21.2,205.0,54,0,1.4,38.44821869494863,235,-0.35,-1.98,21,COMPLETE
54.2,20.1,171.0,53,0,1.4,38.44821869494863,240,-0.58,-0.68,16,COMPLETE
53.2,19.0,56.0,53,0,1.4,38.44821869494863,245,-0.49,-0.19,11,COMPLETE
52.6,19.5,24.0,56,0,1.4,38.44821869494863,250,-1.04,0.53,6,COMPLETE
51.1,18.8,0.0,56,0,1.4,38.44821869494863,255,-1.3,-0.97,1,COMPLETE
36.2,73.5,0.0,38,1,1.4,32.91783627849874,0,0.1,0.05,339,INITIAL
40.9,71.4,0.0,50,1,1.4,32.91783627849874,5,4.43,-2.25,334,INITIAL
46.2,69.2,103.0,60,1,1.4,32.91783627849874,10,4.42,-2.05,329,ACTIVE_DRYING
49.9,68.2,108.0,84,1,1.4,32.91783627849874,15,3.44,-0.95,324,ACTIVE_DRYING
48.4,67.5,86.0,87,0,1.4,32.91783627849874,20,-1.71,-1.19,319,ACTIVE_DRYING
52.3,64.2,188.0,84,1,1.4,32.91783627849874,25,3.04,-2.13,314,ACTIVE_DRYING
50.7,64.0,224.0,87,0,1.4,32.91783627849874,30,-1.19,0.53,309,ACTIVE_DRYING
50.2,62.9,258.0,69,0,1.4,32.91783627849874,35,-0.85,-1.63,304,ACTIVE_DRYING
48.7,61.5,297.0,69,0,1.4,32.91783627849874,40,-0.98,-1.49,299,ACTIVE_DRYING
49.2,60.9,329.0,72,0,1.4,32.91783627849874,45,-0.01,-1.7,294,ACTIVE_DRYING
48.8,58.4,329.0,71,0,1.4,32.91783627849874,50,0.13,-2.64,289,ACTIVE_DRYING
48.3,56.3,359.0,72,0,1.4,32.91783627849874,55,0.29,-1.73,284,ACTIVE_DRYING
49.7,57.1,448.0,69,0,1.4,32.91783627849874,60,0.78,-0.33,279,ACTIVE_DRYING
48.9,56.0,383.0,71,0,1.4,32.91783627849874,65,-0.48,-2.06,274,ACTIVE_DRYING
49.3,54.8,469.0,72,0,1.4,32.91783627849874,70,0.84,-2.17,269,ACTIVE_DRYING
50.5,52.2,459.0,71,0,1.4,32.91783627849874,75,1.19,-2.21,264,ACTIVE_DRYING
51.2,51.1,510.0,71,0,1.4,32.91783627849874,80,0.39,-0.85,259,ACTIVE_DRYING
51.5,49.5,561.0,68,0,1.4,32.91783627849874,85,0.47,-1.24,254,ACTIVE_DRYING
52.1,48.6,584.0,71,0,1.4,32.91783627849874,90,1.0,-0.67,249,ACTIVE_DRYING
53.1,47.1,534.0,72,0,1.4,32.91783627849874,95,0.77,-0.87,244,ACTIVE_DRYING
53.7,45.9,575.0,71,0,1.4,32.91783627849874,100,0.66,-1.6,239,ACTIVE_DRYING
54.3,45.9,627.0,71,0,1.4,32.91783627849874,105,0.72,-0.41,234,ACTIVE_DRYING
54.8,43.0,637.0,54,0,1.4,32.91783627849874,110,0.87,-2.7,229,ACTIVE_DRYING
56.6,43.4,602.0,53,0,1.4,32.91783627849874,115,1.66,0.03,224,ACTIVE_DRYING
57.3,41.6,660.0,56,0,1.4,32.91783627849874,120,0.88,-1.34,219,ACTIVE_DRYING
58.1,42.0,684.0,57,0,1.4,32.91783627849874,125,0.7,-0.27,214,ACTIVE_DRYING
58.2,39.9,685.0,56,0,1.4,32.91783627849874,130,-0.31,-1.23,209,NEAR_COMPLETE
57.5,39.7,692.0,54,0,1.4,32.91783627849874,135,-0.25,-0.37,204,NEAR_COMPLETE
57.9,38.3,742.0,53,0,1.4,32.91783627849874,140,0.02,-0.28,199,NEAR_COMPLETE
57.9,37.1,788.0,53,0,1.4,32.91783627849874,145,0.09,-0.47,194,NEAR_COMPLETE
57.9,37.2,731.0,55,0,1.4,32.91783627849874,150,-0.37,-0.77,189,NEAR_COMPLETE
57.9,36.2,734.0,55,0,1.4,32.91783627849874,155,-0.0,-1.6,184,NEAR_COMPLETE
58.5,35.2,679.0,56,0,1.4,32.91783627849874,160,-0.18,-1.26,179,COMPLETE
58.2,33.9,743.0,55,0,1.4,32.91783627849874,165,-0.33,-0.99,174,COMPLETE
57.6,33.1,802.0,57,0,1.4,32.91783627849874,170,-0.3,-1.21,169,COMPLETE
58.2,31.9,711.0,57,0,1.4,32.91783627849874,175,0.13,-0.86,164,COMPLETE
58.0,31.0,736.0,53,0,1.4,32.91783627849874,180,-0.2,-0.31,159,COMPLETE
58.4,29.5,745.0,54,0,1.4,32.91783627849874,185,0.32,-0.4,154,COMPLETE
57.5,29.7,696.0,55,0,1.4,32.91783627849874,190,-0.3,0.49,149,COMPLETE
58.0,28.6,741.0,56,0,1.4,32.91783627849874,195,0.54,-0.86,144,COMPLETE
58.8,26.9,769.0,55,0,1.4,32.91783627849874,200,-0.05,-1.41,139,COMPLETE
57.9,28.6,750.0,55,0,1.4,32.91783627849874,205,-0.94,1.23,134,COMPLETE
58.4,26.7,662.0,57,0,1.4,32.91783627849874,210,0.28,-2.29,129,COMPLETE
57.7,24.9,682.0,53,0,1.4,32.91783627849874,215,-0.73,-2.23,124,COMPLETE
57.9,24.2,671.0,56,0,1.4,32.91783627849874,220,0.12,-0.75,119,COMPLETE
58.3,24.0,644.0,54,0,1.4,32.91783627849874,225,0.14,-0.26,114,COMPLETE
57.7,22.6,605.0,53,0,1.4,32.91783627849874,230,-0.38,-0.59,109,COMPLETE
58.0,21.5,617.0,54,0,1.4,32.91783627849874,235,0.41,-1.3,104,COMPLETE
57.8,20.4,610.0,55,0,1.4,32.91783627849874,240,0.0,-1.1,99,COMPLETE
58.1,19.6,543.0,55,0,1.4,32.91783627849874,245,0.18,0.24,94,COMPLETE
57.7,19.8,575.0,53,0,1.4,32.91783627849874,250,-0.2,-0.13,89,COMPLETE
58.0,18.8,563.0,57,0,1.4,32.91783627849874,255,0.13,-0.85,84,COMPLETE
58.1,18.0,480.0,56,0,1.4,32.91783627849874,260,-0.3,-0.7,79,COMPLETE
57.5,17.0,498.0,56,0,1.4,32.91783627849874,265,0.16,0.08,74,COMPLETE
57.8,18.1,421.0,56,0,1.4,32.91783627849874,270,0.64,1.26,69,COMPLETE
58.1,19.4,420.0,56,0,1.4,32.91783627849874,275,0.15,0.17,64,COMPLETE
58.1,17.3,366.0,57,0,1.4,32.91783627849874,280,-0.61,-1.32,59,COMPLETE
56.6,17.7,364.0,53,0,1.4,32.91783627849874,285,-0.97,0.37,54,COMPLETE
57.0,17.8,348.0,55,0,1.4,32.91783627849874,290,0.32,-0.54,49,COMPLETE
56.0,18.1,296.0,53,0,1.4,32.91783627849874,295,-0.91,0.33,44,COMPLETE
56.0,17.7,285.0,55,0,1.4,32.91783627849874,300,-0.41,-0.28,39,COMPLETE
55.4,18.2,241.0,56,0,1.4,32.91783627849874,305,-0.67,0.58,34,COMPLETE
54.6,19.5,217.0,54,0,1.4,32.91783627849874,310,-0.95,-0.46,29,COMPLETE
53.7,18.1,134.0,53,0,1.4,32.91783627849874,315,-0.76,-1.73,24,COMPLETE
52.2,18.6,99.0,54,0,1.4,32.91783627849874,320,-1.66,-0.3,19,COMPLETE
51.8,17.5,156.0,55,0,1.4,32.91783627849874,325,-0.33,-0.31,14,COMPLETE
50.5,18.1,22.0,55,0,1.4,32.91783627849874,330,-0.55,0.77,9,COMPLETE
50.0,17.6,24.0,54,0,1.4,32.91783627849874,335,-1.27,-0.1,4,COMPLETE
32.5,71.8,0.0,41,1,2.7,25.85905383313117,0,0.1,-0.15,258,INITIAL
37.7,69.2,88.0,50,1,2.7,25.85905383313117,5,4.87,-2.6,253,INITIAL
41.9,67.5,118.0,62,1,2.7,25.85905383313117,10,3.86,-1.22,248,ACTIVE_DRYING
46.0,66.2,131.0,86,1,2.7,25.85905383313117,15,3.61,-1.23,243,ACTIVE_DRYING
49.6,64.6,208.0,87,1,2.7,25.85905383313117,20,3.29,-1.93,238,ACTIVE_DRYING
48.7,61.9,221.0,70,0,2.7,25.85905383313117,25,-0.54,-2.32,233,ACTIVE_DRYING
48.5,61.1,220.0,68,0,2.7,25.85905383313117,30,-0.41,-1.15,228,ACTIVE_DRYING
48.0,58.7,280.0,71,0,2.7,25.85905383313117,35,-0.51,-2.08,223,ACTIVE_DRYING
48.2,57.7,374.0,72,0,2.7,25.85905383313117,40,0.03,-0.67,218,ACTIVE_DRYING
47.7,56.3,380.0,68,0,2.7,25.85905383313117,45,-0.52,-1.05,213,ACTIVE_DRYING
47.5,56.1,439.0,68,0,2.7,25.85905383313117,50,-0.22,-0.92,208,ACTIVE_DRYING
48.4,55.1,474.0,70,0,2.7,25.85905383313117,55,0.24,-1.92,203,ACTIVE_DRYING
48.9,52.5,472.0,70,0,2.7,25.85905383313117,60,-0.14,-2.28,198,ACTIVE_DRYING
49.4,52.2,575.0,68,0,2.7,25.85905383313117,65,0.44,-0.94,193,ACTIVE_DRYING
49.8,50.1,546.0,72,0,2.7,25.85905383313117,70,0.55,-1.24,188,ACTIVE_DRYING
50.4,49.7,551.0,70,0,2.7,25.85905383313117,75,0.02,-0.36,183,ACTIVE_DRYING
50.8,49.7,620.0,71,0,2.7,25.85905383313117,80,0.29,-0.65,178,ACTIVE_DRYING
51.8,47.6,649.0,68,0,2.7,25.85905383313117,85,0.98,-1.53,173,ACTIVE_DRYING
52.5,47.6,675.0,72,0,2.7,25.85905383313117,90,0.51,-0.93,168,ACTIVE_DRYING
53.1,45.2,714.0,72,0,2.7,25.85905383313117,95,0.78,-1.82,163,ACTIVE_DRYING
54.2,45.3,717.0,72,0,2.7,25.85905383313117,100,0.98,0.26,158,ACTIVE_DRYING
55.9,45.3,721.0,69,0,2.7,25.85905383313117,105,0.97,-1.38,153,ACTIVE_DRYING
56.2,43.6,663.0,54,0,2.7,25.85905383313117,110,0.47,-2.72,148,ACTIVE_DRYING
57.6,41.8,752.0,55,0,2.7,25.85905383313117,115,1.11,-2.24,143,ACTIVE_DRYING
58.0,39.8,724.0,55,0,2.7,25.85905383313117,120,0.32,-1.03,138,ACTIVE_DRYING
58.4,39.2,743.0,54,0,2.7,25.85905383313117,125,0.01,-0.43,133,ACTIVE_DRYING
57.8,38.6,785.0,55,0,2.7,25.85905383313117,130,-0.41,-1.54,128,ACTIVE_DRYING
58.1,37.0,808.0,53,0,2.7,25.85905383313117,135,0.4,-2.07,123,ACTIVE_DRYING
58.1,35.2,703.0,54,0,2.7,25.85905383313117,140,-0.07,-1.25,118,NEAR_COMPLETE
58.0,34.0,734.0,57,0,2.7,25.85905383313117,145,-0.31,-1.83,113,NEAR_COMPLETE
57.9,33.3,746.0,56,0,2.7,25.85905383313117,150,-0.03,-1.21,108,NEAR_COMPLETE
57.5,31.5,688.0,57,0,2.7,25.85905383313117,155,0.62,-1.04,103,NEAR_COMPLETE
58.0,32.0,700.0,53,0,2.7,25.85905383313117,160,0.07,0.51,98,NEAR_COMPLETE
57.9,30.5,618.0,55,0,2.7,25.85905383313117,165,0.09,-0.97,93,NEAR_COMPLETE
58.3,30.1,683.0,57,0,2.7,25.85905383313117,170,0.32,-0.28,88,NEAR_COMPLETE
57.9,29.7,645.0,54,0,2.7,25.85905383313117,175,-0.08,-0.47,83,NEAR_COMPLETE
58.0,27.3,655.0,54,0,2.7,25.85905383313117,180,0.26,-2.09,78,COMPLETE
57.9,26.5,594.0,57,0,2.7,25.85905383313117,185,-0.17,-0.14,73,COMPLETE
58.6,26.1,560.0,53,0,2.7,25.85905383313117,190,0.12,0.82,68,COMPLETE
58.0,25.2,519.0,57,0,2.7,25.85905383313117,195,-0.45,-0.21,63,COMPLETE
57.5,25.2,502.0,53,0,2.7,25.85905383313117,200,0.22,0.73,58,COMPLETE
58.0,25.0,430.0,53,0,2.7,25.85905383313117,205,-0.02,-0.53,53,COMPLETE
58.1,23.6,389.0,56,0,2.7,25.85905383313117,210,0.09,-1.79,48,COMPLETE
57.3,24.1,353.0,56,0,2.7,25.85905383313117,215,-0.55,-0.02,43,COMPLETE
57.6,22.3,378.0,53,0,2.7,25.85905383313117,220,0.49,-1.33,38,COMPLETE
57.3,21.5,322.0,55,0,2.7,25.85905383313117,225,-0.54,-0.63,33,COMPLETE
56.3,22.5,267.0,55,0,2.7,25.85905383313117,230,-1.18,0.1,28,COMPLETE
55.5,20.4,215.0,56,0,2.7,25.85905383313117,235,-0.43,-1.39,23,COMPLETE
55.1,19.8,153.0,57,0,2.7,25.85905383313117,240,-0.83,-0.77,18,COMPLETE
53.8,17.6,101.0,53,0,2.7,25.85905383313117,245,-1.68,-0.33,13,COMPLETE
52.3,18.5,49.0,54,0,2.7,25.85905383313117,250,-1.74,0.82,8,COMPLETE
50.9,18.0,0.0,54,0,2.7,25.85905383313117,255,-1.09,-0.42,3,COMPLETE
33.2,70.6,0.0,40,1,1.5,36.95795780591374,0,-0.21,-0.12,217,INITIAL
37.7,70.0,22.0,52,1,1.5,36.95795780591374,5,4.57,-1.21,212,INITIAL
41.8,68.0,101.0,62,1,1.5,36.95795780591374,10,4.53,-2.35,207,ACTIVE_DRYING
46.7,66.7,146.0,84,1,1.5,36.95795780591374,15,4.28,-1.44,202,ACTIVE_DRYING
49.5,65.6,190.0,87,1,1.5,36.95795780591374,20,4.06,-0.85,197,ACTIVE_DRYING
49.0,64.8,244.0,87,0,1.5,36.95795780591374,25,0.17,-1.33,192,ACTIVE_DRYING
49.1,63.1,338.0,68,0,1.5,36.95795780591374,30,0.36,-1.91,187,ACTIVE_DRYING
48.9,62.1,374.0,71,0,1.5,36.95795780591374,35,0.14,-1.26,182,ACTIVE_DRYING
49.1,59.9,379.0,72,0,1.5,36.95795780591374,40,-0.27,-2.14,177,ACTIVE_DRYING
48.5,59.0,454.0,71,0,1.5,36.95795780591374,45,-0.29,-0.56,172,ACTIVE_DRYING
49.7,56.6,498.0,70,0,1.5,36.95795780591374,50,1.15,-0.78,167,ACTIVE_DRYING
50.1,56.1,511.0,71,0,1.5,36.95795780591374,55,0.38,0.16,162,ACTIVE_DRYING
50.4,56.9,518.0,71,0,1.5,36.95795780591374,60,0.03,-0.03,157,ACTIVE_DRYING
50.5,55.5,624.0,68,0,1.5,36.95795780591374,65,0.02,-1.65,152,ACTIVE_DRYING
51.9,54.5,609.0,68,0,1.5,36.95795780591374,70,1.17,-0.79,147,ACTIVE_DRYING
51.8,54.9,660.0,68,0,1.5,36.95795780591374,75,0.26,-0.28,142,ACTIVE_DRYING
52.5,51.9,672.0,68,0,1.5,36.95795780591374,80,1.36,-2.42,137,ACTIVE_DRYING
54.6,50.8,735.0,72,0,1.5,36.95795780591374,85,2.04,-0.89,132,ACTIVE_DRYING
55.4,50.1,725.0,72,0,1.5,36.95795780591374,90,0.8,-1.44,127,ACTIVE_DRYING
56.5,49.5,713.0,71,0,1.5,36.95795780591374,95,1.09,-0.86,122,ACTIVE_DRYING
57.4,48.3,726.0,72,0,1.5,36.95795780591374,100,0.96,-1.12,117,ACTIVE_DRYING
58.1,47.9,694.0,68,0,1.5,36.95795780591374,105,0.26,-0.72,112,ACTIVE_DRYING
58.2,46.3,791.0,68,0,1.5,36.95795780591374,110,-0.28,-1.66,107,ACTIVE_DRYING
58.0,45.0,707.0,70,0,1.5,36.95795780591374,115,-0.03,-1.27,102,ACTIVE_DRYING
58.2,43.8,717.0,72,0,1.5,36.95795780591374,120,-0.1,-0.98,97,STABILIZING
58.0,42.5,736.0,56,0,1.5,36.95795780591374,125,-0.03,-1.09,92,STABILIZING
57.9,41.8,704.0,55,0,1.5,36.95795780591374,130,0.02,-0.38,87,STABILIZING
57.5,41.6,672.0,56,0,1.5,36.95795780591374,135,-0.12,-0.44,82,STABILIZING
58.4,41.4,655.0,57,0,1.5,36.95795780591374,140,0.75,-0.37,77,STABILIZING
57.9,41.4,735.0,53,0,1.5,36.95795780591374,145,-0.66,-0.84,72,STABILIZING
57.8,39.3,605.0,57,0,1.5,36.95795780591374,150,-0.17,-1.51,67,STABILIZING
58.2,38.2,624.0,54,0,1.5,36.95795780591374,155,0.35,-0.62,62,STABILIZING
58.5,38.1,522.0,57,0,1.5,36.95795780591374,160,-0.22,-0.34,57,STABILIZING
58.1,37.6,499.0,53,0,1.5,36.95795780591374,165,-0.92,-0.9,52,STABILIZING
58.6,36.6,479.0,55,0,1.5,36.95795780591374,170,0.33,-1.37,47,STABILIZING
57.8,36.0,437.0,53,0,1.5,36.95795780591374,175,-0.8,-1.14,42,NEAR_COMPLETE
57.9,35.4,354.0,54,0,1.5,36.95795780591374,180,-0.43,-0.91,37,NEAR_COMPLETE
57.3,34.5,308.0,55,0,1.5,36.95795780591374,185,-0.77,-0.71,32,NEAR_COMPLETE
57.1,32.8,350.0,56,0,1.5,36.95795780591374,190,-0.3,-2.13,27,NEAR_COMPLETE
55.6,31.4,164.0,57,0,1.5,36.95795780591374,195,-0.97,-0.41,22,NEAR_COMPLETE
55.0,29.8,211.0,53,0,1.5,36.95795780591374,200,0.09,-0.47,17,NEAR_COMPLETE
54.8,29.8,119.0,54,0,1.5,36.95795780591374,205,-0.55,-0.37,12,NEAR_COMPLETE
53.2,28.1,25.0,54,0,1.5,36.95795780591374,210,-2.07,-1.02,7,NEAR_COMPLETE
51.1,26.8,0.0,57,0,1.5,36.95795780591374,215,-1.58,-1.5,2,COMPLETE
33.4,74.4,0.0,40,1,2.5,37.52025013835759,0,0.14,-0.05,197,INITIAL
37.7,72.0,65.0,52,1,2.5,37.52025013835759,5,4.61,-2.49,192,INITIAL
42.7,69.8,130.0,62,1,2.5,37.52025013835759,10,4.55,-1.86,187,ACTIVE_DRYING
46.3,69.3,216.0,85,1,2.5,37.52025013835759,15,3.3,-0.34,182,ACTIVE_DRYING
50.2,67.5,263.0,85,1,2.5,37.52025013835759,20,3.96,-1.17,177,ACTIVE_DRYING
49.7,66.5,311.0,87,0,2.5,37.52025013835759,25,-0.24,-0.75,172,ACTIVE_DRYING
49.3,64.5,364.0,87,0,2.5,37.52025013835759,30,0.1,-1.53,167,ACTIVE_DRYING
48.8,62.5,405.0,71,0,2.5,37.52025013835759,35,0.09,-1.61,162,ACTIVE_DRYING
49.8,62.3,513.0,68,0,2.5,37.52025013835759,40,1.23,-0.35,157,ACTIVE_DRYING
50.6,60.5,513.0,69,0,2.5,37.52025013835759,45,0.61,-2.47,152,ACTIVE_DRYING
50.2,59.0,554.0,69,0,2.5,37.52025013835759,50,-0.15,-1.31,147,ACTIVE_DRYING
50.9,57.6,579.0,68,0,2.5,37.52025013835759,55,0.98,-1.29,142,ACTIVE_DRYING
51.8,55.2,608.0,69,0,2.5,37.52025013835759,60,0.54,-1.29,137,ACTIVE_DRYING
53.4,55.0,652.0,71,0,2.5,37.52025013835759,65,1.23,-0.12,132,ACTIVE_DRYING
53.8,54.0,713.0,69,0,2.5,37.52025013835759,70,0.31,-1.78,127,ACTIVE_DRYING
54.3,51.8,720.0,72,0,2.5,37.52025013835759,75,0.63,-1.99,122,ACTIVE_DRYING
55.9,50.6,716.0,71,0,2.5,37.52025013835759,80,1.28,-1.17,117,ACTIVE_DRYING
56.5,49.1,710.0,68,0,2.5,37.52025013835759,85,0.36,-0.29,112,ACTIVE_DRYING
57.8,48.8,786.0,69,0,2.5,37.52025013835759,90,1.34,-0.88,107,ACTIVE_DRYING
58.3,47.5,753.0,70,0,2.5,37.52025013835759,95,0.45,-1.1,102,ACTIVE_DRYING
58.4,45.8,691.0,72,0,2.5,37.52025013835759,100,-0.0,-1.0,97,ACTIVE_DRYING
57.7,45.9,735.0,72,0,2.5,37.52025013835759,105,-0.31,0.3,92,ACTIVE_DRYING
58.0,44.2,758.0,70,0,2.5,37.52025013835759,110,0.21,-1.36,87,STABILIZING
57.7,43.7,705.0,57,0,2.5,37.52025013835759,115,0.14,-0.04,82,STABILIZING
57.8,43.1,691.0,54,0,2.5,37.52025013835759,120,0.15,-0.3,77,STABILIZING
58.2,42.5,690.0,53,0,2.5,37.52025013835759,125,0.34,0.48,72,STABILIZING
57.7,42.7,648.0,56,0,2.5,37.52025013835759,130,-0.07,-0.72,67,STABILIZING
58.4,40.5,676.0,57,0,2.5,37.52025013835759,135,0.22,-2.93,62,STABILIZING
57.6,39.3,565.0,55,0,2.5,37.52025013835759,140,-0.57,-1.28,57,STABILIZING
58.2,38.9,507.0,54,0,2.5,37.52025013835759,145,0.36,-1.13,52,STABILIZING
58.2,38.0,483.0,54,0,2.5,37.52025013835759,150,-0.12,-1.11,47,STABILIZING
58.1,37.2,517.0,57,0,2.5,37.52025013835759,155,-0.51,-1.4,42,STABILIZING
58.2,36.2,426.0,55,0,2.5,37.52025013835759,160,-0.29,-1.4,37,STABILIZING
57.4,35.6,381.0,54,0,2.5,37.52025013835759,165,-0.94,-0.96,32,STABILIZING
58.1,35.1,344.0,54,0,2.5,37.52025013835759,170,-0.73,-1.41,27,STABILIZING
56.3,33.2,258.0,54,0,2.5,37.52025013835759,175,-1.67,-0.98,22,STABILIZING
55.2,31.8,169.0,55,0,2.5,37.52025013835759,180,-1.08,0.19,17,NEAR_COMPLETE
54.4,33.5,163.0,55,0,2.5,37.52025013835759,185,-0.88,0.9,12,NEAR_COMPLETE
53.7,32.0,73.0,53,0,2.5,37.52025013835759,190,-0.77,-1.52,7,NEAR_COMPLETE
52.1,32.4,52.0,56,0,2.5,37.52025013835759,195,-1.42,-0.06,2,NEAR_COMPLETE
34.1,74.8,0.0,38,1,1.9,31.03513809894482,0,0.06,0.51,279,INITIAL
37.7,73.2,65.0,49,1,1.9,31.03513809894482,5,3.97,-0.96,274,INITIAL
43.2,72.3,102.0,58,1,1.9,31.03513809894482,10,5.19,-1.09,269,ACTIVE_DRYING
46.7,71.9,133.0,86,1,1.9,31.03513809894482,15,3.45,-2.54,264,ACTIVE_DRYING
51.0,69.0,124.0,86,1,1.9,31.03513809894482,20,3.81,-3.68,259,ACTIVE_DRYING
49.4,66.1,192.0,86,0,1.9,31.03513809894482,25,-1.8,-2.78,254,ACTIVE_DRYING
48.0,64.6,244.0,85,0,1.9,31.03513809894482,30,-0.7,-0.86,249,ACTIVE_DRYING
47.3,64.7,305.0,69,0,1.9,31.03513809894482,35,-0.38,-0.57,244,ACTIVE_DRYING
52.2,62.7,324.0,71,1,1.9,31.03513809894482,40,4.42,-2.23,239,ACTIVE_DRYING
51.8,59.4,405.0,69,0,1.9,31.03513809894482,45,-0.35,-2.16,234,ACTIVE_DRYING
52.1,59.5,363.0,69,0,1.9,31.03513809894482,50,-0.19,-0.26,229,ACTIVE_DRYING
51.4,57.7,427.0,71,0,1.9,31.03513809894482,55,-0.64,-1.81,224,ACTIVE_DRYING
51.9,55.7,437.0,70,0,1.9,31.03513809894482,60,0.39,-1.92,219,ACTIVE_DRYING
52.7,54.3,494.0,70,0,1.9,31.03513809894482,65,0.58,-0.63,214,ACTIVE_DRYING
52.5,54.0,539.0,69,0,1.9,31.03513809894482,70,-0.15,-0.83,209,ACTIVE_DRYING
53.0,52.5,563.0,70,0,1.9,31.03513809894482,75,0.46,-1.89,204,ACTIVE_DRYING
53.4,49.9,584.0,70,0,1.9,31.03513809894482,80,0.47,-2.06,199,ACTIVE_DRYING
54.3,49.9,627.0,70,0,1.9,31.03513809894482,85,0.26,-0.12,194,ACTIVE_DRYING
54.4,48.2,634.0,69,0,1.9,31.03513809894482,90,0.74,-2.13,189,ACTIVE_DRYING
55.4,47.2,613.0,68,0,1.9,31.03513809894482,95,1.14,-1.88,184,ACTIVE_DRYING
55.9,45.4,679.0,69,0,1.9,31.03513809894482,100,0.62,-1.48,179,ACTIVE_DRYING
56.9,44.0,701.0,68,0,1.9,31.03513809894482,105,0.86,-0.89,174,ACTIVE_DRYING
57.5,42.7,694.0,56,0,1.9,31.03513809894482,110,0.62,-2.05,169,NEAR_COMPLETE
58.0,41.0,665.0,56,0,1.9,31.03513809894482,115,0.37,-1.5,164,NEAR_COMPLETE
58.1,40.0,754.0,56,0,1.9,31.03513809894482,120,0.32,-1.0,159,NEAR_COMPLETE
58.4,39.1,701.0,57,0,1.9,31.03513809894482,125,0.07,-1.64,154,NEAR_COMPLETE
58.4,37.7,733.0,55,0,1.9,31.03513809894482,130,-0.86,-0.66,149,NEAR_COMPLETE
57.8,37.4,724.0,56,0,1.9,31.03513809894482,135,-0.62,-0.93,144,NEAR_COMPLETE
58.5,36.8,707.0,54,0,1.9,31.03513809894482,140,-0.25,-1.29,139,COMPLETE
58.0,35.3,722.0,55,0,1.9,31.03513809894482,145,-0.58,-1.65,134,COMPLETE
58.0,35.0,766.0,53,0,1.9,31.03513809894482,150,0.16,-0.43,129,COMPLETE
57.9,33.3,739.0,57,0,1.9,31.03513809894482,155,0.38,-2.29,124,COMPLETE
57.7,30.9,665.0,55,0,1.9,31.03513809894482,160,-0.12,-1.65,119,COMPLETE
57.8,31.3,747.0,54,0,1.9,31.03513809894482,165,0.23,0.49,114,COMPLETE
57.8,30.9,719.0,56,0,1.9,31.03513809894482,170,0.05,-0.08,109,COMPLETE
57.9,30.2,667.0,54,0,1.9,31.03513809894482,175,0.05,-1.2,104,COMPLETE
58.0,28.9,658.0,53,0,1.9,31.03513809894482,180,0.04,-1.61,99,COMPLETE
58.5,27.3,683.0,57,0,1.9,31.03513809894482,185,-0.11,-0.63,94,COMPLETE
58.2,28.5,602.0,56,0,1.9,31.03513809894482,190,-0.52,1.14,89,COMPLETE
57.4,28.7,603.0,56,0,1.9,31.03513809894482,195,0.13,0.05,84,COMPLETE
58.1,27.4,570.0,57,0,1.9,31.03513809894482,200,0.38,-0.69,79,COMPLETE
58.4,26.2,568.0,57,0,1.9,31.03513809894482,205,-0.03,-1.25,74,COMPLETE
57.9,24.6,500.0,57,0,1.9,31.03513809894482,210,-0.13,-0.48,69,COMPLETE
58.1,24.5,478.0,54,0,1.9,31.03513809894482,215,-0.04,0.41,64,COMPLETE
58.2,24.8,478.0,53,0,1.9,31.03513809894482,220,0.03,0.05,59,COMPLETE
57.9,23.8,454.0,54,0,1.9,31.03513809894482,225,-0.85,-1.3,54,COMPLETE
57.1,22.5,333.0,54,0,1.9,31.03513809894482,230,-0.3,-0.61,49,COMPLETE
57.4,21.7,373.0,53,0,1.9,31.03513809894482,235,0.38,0.08,44,COMPLETE
56.4,20.1,323.0,57,0,1.9,31.03513809894482,240,-0.83,0.13,39,COMPLETE
57.0,21.7,285.0,57,0,1.9,31.03513809894482,245,0.49,0.87,34,COMPLETE
55.7,20.4,178.0,56,0,1.9,31.03513809894482,250,-1.5,-1.56,29,COMPLETE
54.5,19.0,196.0,54,0,1.9,31.03513809894482,255,-1.31,-0.69,24,COMPLETE
53.0,18.9,174.0,56,0,1.9,31.03513809894482,260,-1.48,0.13,19,COMPLETE
51.8,18.9,120.0,55,0,1.9,31.03513809894482,265,-0.83,-0.29,14,COMPLETE
51.9,19.1,123.0,54,0,1.9,31.03513809894482,270,-0.09,-1.21,9,COMPLETE
49.5,18.5,0.0,53,0,1.9,31.03513809894482,275,-2.43,-0.93,4,COMPLETE
33.9,72.4,49.0,41,1,2.4,39.93276835308083,0,-0.14,-0.3,334,INITIAL
38.6,71.9,65.0,48,1,2.4,39.93276835308083,5,4.42,-0.93,329,INITIAL
42.6,69.8,85.0,60,1,2.4,39.93276835308083,10,3.63,-2.65,324,ACTIVE_DRYING
46.0,68.5,92.0,83,1,2.4,39.93276835308083,15,3.69,-1.48,319,ACTIVE_DRYING
49.9,66.8,175.0,85,1,2.4,39.93276835308083,20,4.2,-1.94,314,ACTIVE_DRYING
49.2,65.1,187.0,84,0,2.4,39.93276835308083,25,-1.02,-1.19,309,ACTIVE_DRYING
47.9,65.6,210.0,86,0,2.4,39.93276835308083,30,-1.56,0.15,304,ACTIVE_DRYING
51.1,65.3,220.0,84,1,2.4,39.93276835308083,35,3.63,-1.21,299,ACTIVE_DRYING
50.6,63.0,262.0,71,0,2.4,39.93276835308083,40,-0.59,-2.27,294,ACTIVE_DRYING
49.9,62.2,301.0,71,0,2.4,39.93276835308083,45,-0.65,-1.08,289,ACTIVE_DRYING
49.6,61.2,317.0,72,0,2.4,39.93276835308083,50,-0.26,-1.94,284,ACTIVE_DRYING
48.4,59.7,299.0,71,0,2.4,39.93276835308083,55,-0.82,-0.67,279,ACTIVE_DRYING
48.2,58.5,358.0,68,0,2.4,39.93276835308083,60,-0.1,-0.99,274,ACTIVE_DRYING
48.6,57.0,435.0,69,0,2.4,39.93276835308083,65,0.14,-1.02,269,ACTIVE_DRYING
49.0,56.5,417.0,72,0,2.4,39.93276835308083,70,0.05,-0.12,264,ACTIVE_DRYING
49.3,54.9,492.0,68,0,2.4,39.93276835308083,75,-0.01,-1.15,259,ACTIVE_DRYING
49.5,53.5,575.0,70,0,2.4,39.93276835308083,80,0.55,-1.57,254,ACTIVE_DRYING
50.1,52.1,589.0,68,0,2.4,39.93276835308083,85,0.75,-0.91,249,ACTIVE_DRYING
50.6,52.0,603.0,68,0,2.4,39.93276835308083,90,0.89,-0.77,244,ACTIVE_DRYING
52.9,50.0,624.0,72,0,2.4,39.93276835308083,95,1.66,-1.59,239,ACTIVE_DRYING
52.0,48.9,510.0,72,0,2.4,39.93276835308083,100,-0.99,-0.47,234,ACTIVE_DRYING
52.7,47.9,647.0,72,0,2.4,39.93276835308083,105,0.71,-1.43,229,ACTIVE_DRYING
53.5,47.4,704.0,72,0,2.4,39.93276835308083,110,0.76,-0.25,224,ACTIVE_DRYING
54.5,46.4,707.0,70,0,2.4,39.93276835308083,115,1.03,-0.45,219,ACTIVE_DRYING
54.9,44.8,673.0,68,0,2.4,39.93276835308083,120,0.49,-1.07,214,ACTIVE_DRYING
56.4,44.2,651.0,70,0,2.4,39.93276835308083,125,1.26,-0.18,209,ACTIVE_DRYING
56.8,42.3,688.0,55,0,2.4,39.93276835308083,130,0.84,-1.06,204,ACTIVE_DRYING
58.0,41.6,739.0,55,0,2.4,39.93276835308083,135,1.14,-0.07,199,ACTIVE_DRYING
57.7,42.5,716.0,56,0,2.4,39.93276835308083,140,0.0,0.41,194,ACTIVE_DRYING
57.9,40.4,752.0,54,0,2.4,39.93276835308083,145,0.23,-1.88,189,ACTIVE_DRYING
57.8,39.2,729.0,55,0,2.4,39.93276835308083,150,0.18,-0.86,184,ACTIVE_DRYING
57.9,37.5,758.0,54,0,2.4,39.93276835308083,155,0.16,-1.78,179,ACTIVE_DRYING
58.2,36.7,712.0,53,0,2.4,39.93276835308083,160,0.08,-1.16,174,ACTIVE_DRYING
58.3,35.8,719.0,53,0,2.4,39.93276835308083,165,-0.1,-0.29,169,ACTIVE_DRYING
57.5,35.6,705.0,53,0,2.4,39.93276835308083,170,-0.58,0.18,164,ACTIVE_DRYING
58.2,35.1,707.0,55,0,2.4,39.93276835308083,175,0.67,-0.32,159,ACTIVE_DRYING
57.9,34.7,782.0,54,0,2.4,39.93276835308083,180,-0.24,-0.16,154,ACTIVE_DRYING
58.3,33.7,709.0,54,0,2.4,39.93276835308083,185,-0.19,-0.58,149,NEAR_COMPLETE
57.9,33.4,681.0,57,0,2.4,39.93276835308083,190,-0.16,-0.69,144,NEAR_COMPLETE
58.2,31.0,672.0,57,0,2.4,39.93276835308083,195,0.29,-1.33,139,NEAR_COMPLETE
58.5,30.5,692.0,57,0,2.4,39.93276835308083,200,0.02,-0.6,134,NEAR_COMPLETE
58.4,29.8,697.0,57,0,2.4,39.93276835308083,205,-0.51,-0.65,129,NEAR_COMPLETE
58.6,28.8,676.0,54,0,2.4,39.93276835308083,210,-0.44,-0.17,124,NEAR_COMPLETE
58.1,27.6,701.0,54,0,2.4,39.93276835308083,215,-0.32,-0.8,119,NEAR_COMPLETE
58.3,27.9,648.0,54,0,2.4,39.93276835308083,220,0.32,0.12,114,NEAR_COMPLETE
57.9,26.9,650.0,55,0,2.4,39.93276835308083,225,-0.28,-0.95,109,COMPLETE
57.1,26.9,623.0,53,0,2.4,39.93276835308083,230,-0.05,-0.29,104,COMPLETE
58.0,25.7,620.0,55,0,2.4,39.93276835308083,235,0.68,-1.42,99,COMPLETE
58.2,25.3,571.0,56,0,2.4,39.93276835308083,240,0.26,-0.33,94,COMPLETE
57.9,24.8,587.0,54,0,2.4,39.93276835308083,245,0.13,-0.4,89,COMPLETE
58.0,24.7,533.0,54,0,2.4,39.93276835308083,250,0.21,-0.35,84,COMPLETE
58.0,23.1,508.0,55,0,2.4,39.93276835308083,255,-0.08,-1.26,79,COMPLETE
57.3,22.5,472.0,55,0,2.4,39.93276835308083,260,0.13,-0.42,74,COMPLETE
58.2,21.9,487.0,55,0,2.4,39.93276835308083,265,0.5,-0.85,69,COMPLETE
58.0,20.3,457.0,55,0,2.4,39.93276835308083,270,-0.3,-0.94,64,COMPLETE
58.3,20.5,414.0,54,0,2.4,39.93276835308083,275,-0.05,0.4,59,COMPLETE
57.8,18.8,347.0,57,0,2.4,39.93276835308083,280,-0.39,-0.61,54,COMPLETE
58.5,20.0,396.0,53,0,2.4,39.93276835308083,285,0.18,0.98,49,COMPLETE
57.4,18.8,273.0,53,0,2.4,39.93276835308083,290,-1.83,-2.23,44,COMPLETE
56.5,17.8,302.0,54,0,2.4,39.93276835308083,295,-0.68,-1.37,39,COMPLETE
56.8,17.7,266.0,54,0,2.4,39.93276835308083,300,-0.06,0.18,34,COMPLETE
55.3,18.3,261.0,55,0,2.4,39.93276835308083,305,-0.72,0.03,29,COMPLETE
55.0,17.9,172.0,54,0,2.4,39.93276835308083,310,-0.2,-0.2,24,COMPLETE
54.1,17.0,137.0,53,0,2.4,39.93276835308083,315,-0.97,0.12,19,COMPLETE
53.5,18.5,126.0,57,0,2.4,39.93276835308083,320,-0.55,0.68,14,COMPLETE
52.1,17.8,10.0,56,0,2.4,39.93276835308083,325,-1.47,-0.15,9,COMPLETE
51.1,17.8,0.0,55,0,2.4,39.93276835308083,330,-1.64,-0.13,4,COMPLETE
32.9,73.1,0.0,39,1,1.3,27.67590185021546,0,-0.14,-0.14,180,INITIAL
37.2,70.9,59.0,48,1,1.3,27.67590185021546,5,4.48,-1.95,175,INITIAL
42.2,70.1,87.0,58,1,1.3,27.67590185021546,10,4.47,-1.08,170,ACTIVE_DRYING
46.6,66.7,227.0,85,1,1.3,27.67590185021546,15,4.56,-3.04,165,ACTIVE_DRYING
51.0,65.6,312.0,86,1,1.3,27.67590185021546,20,4.42,-1.17,160,ACTIVE_DRYING
50.5,63.7,354.0,86,0,1.3,27.67590185021546,25,-0.67,-2.18,155,ACTIVE_DRYING
50.7,62.1,361.0,69,0,1.3,27.67590185021546,30,-0.05,-1.51,150,ACTIVE_DRYING
50.8,60.7,427.0,72,0,1.3,27.67590185021546,35,0.21,-1.09,145,ACTIVE_DRYING
50.6,58.9,489.0,72,0,1.3,27.67590185021546,40,0.21,-1.17,140,ACTIVE_DRYING
51.1,58.2,480.0,69,0,1.3,27.67590185021546,45,0.8,-1.28,135,ACTIVE_DRYING
51.7,55.0,532.0,70,0,1.3,27.67590185021546,50,0.75,-2.52,130,ACTIVE_DRYING
52.8,55.0,631.0,70,0,1.3,27.67590185021546,55,1.56,0.14,125,ACTIVE_DRYING
53.5,53.2,659.0,68,0,1.3,27.67590185021546,60,0.2,-0.98,120,ACTIVE_DRYING
54.8,52.2,739.0,71,0,1.3,27.67590185021546,65,1.26,-0.51,115,ACTIVE_DRYING
55.8,50.9,739.0,72,0,1.3,27.67590185021546,70,1.12,-1.97,110,ACTIVE_DRYING
57.3,49.4,712.0,72,0,1.3,27.67590185021546,75,1.07,-1.14,105,ACTIVE_DRYING
58.0,49.0,779.0,68,0,1.3,27.67590185021546,80,0.6,-0.18,100,ACTIVE_DRYING
58.6,47.7,699.0,72,0,1.3,27.67590185021546,85,0.31,-2.03,95,ACTIVE_DRYING
58.1,45.9,794.0,72,0,1.3,27.67590185021546,90,-0.82,-1.86,90,ACTIVE_DRYING
57.4,44.8,762.0,72,0,1.3,27.67590185021546,95,0.14,-1.3,85,ACTIVE_DRYING
57.5,42.9,807.0,56,0,1.3,27.67590185021546,100,0.13,-1.8,80,NEAR_COMPLETE
58.3,42.3,719.0,57,0,1.3,27.67590185021546,105,0.72,-0.7,75,NEAR_COMPLETE
57.7,42.9,738.0,55,0,1.3,27.67590185021546,110,-0.43,-0.62,70,NEAR_COMPLETE
57.5,40.8,679.0,53,0,1.3,27.67590185021546,115,0.11,-2.26,65,NEAR_COMPLETE
58.4,40.4,661.0,53,0,1.3,27.67590185021546,120,0.74,-0.93,60,NEAR_COMPLETE
57.7,38.6,600.0,54,0,1.3,27.67590185021546,125,-0.59,-2.31,55,NEAR_COMPLETE
58.3,37.3,542.0,53,0,1.3,27.67590185021546,130,-0.05,-0.55,50,COMPLETE
57.8,36.8,548.0,53,0,1.3,27.67590185021546,135,-0.42,-0.38,45,COMPLETE
57.5,35.8,523.0,57,0,1.3,27.67590185021546,140,0.16,-1.17,40,COMPLETE
57.6,35.1,417.0,53,0,1.3,27.67590185021546,145,-0.16,-1.09,35,COMPLETE
57.4,34.1,396.0,54,0,1.3,27.67590185021546,150,-0.07,-0.74,30,COMPLETE
57.4,33.7,365.0,55,0,1.3,27.67590185021546,155,-0.27,-0.76,25,COMPLETE
57.0,31.9,272.0,55,0,1.3,27.67590185021546,160,-0.27,-1.79,20,COMPLETE
56.2,30.2,169.0,53,0,1.3,27.67590185021546,165,-0.96,-2.09,15,COMPLETE
55.0,28.3,172.0,57,0,1.3,27.67590185021546,170,-1.02,-1.41,10,COMPLETE
54.5,28.7,52.0,55,0,1.3,27.67590185021546,175,-0.93,0.27,5,COMPLETE
52.4,28.3,4.0,55,0,1.3,27.67590185021546,180,-1.99,-0.91,0,COMPLETE
35.9,73.8,0.0,42,1,2.3,39.901347032744965,0,-0.02,0.04,347,INITIAL
39.7,72.9,17.0,50,1,2.3,39.901347032744965,5,3.94,-0.72,342,INITIAL
44.5,71.3,74.0,58,1,2.3,39.901347032744965,10,4.93,-1.39,337,ACTIVE_DRYING
48.5,70.5,89.0,83,1,2.3,39.901347032744965,15,4.05,-1.02,332,ACTIVE_DRYING
48.0,69.0,198.0,86,0,2.3,39.901347032744965,20,-1.02,-1.42,327,ACTIVE_DRYING
52.0,67.4,215.0,84,1,2.3,39.901347032744965,25,3.25,-1.56,322,ACTIVE_DRYING
50.3,66.5,215.0,83,0,2.3,39.901347032744965,30,-2.36,-1.04,317,ACTIVE_DRYING
48.5,66.1,195.0,85,0,2.3,39.901347032744965,35,-1.86,-0.3,312,ACTIVE_DRYING
48.0,65.0,328.0,85,0,2.3,39.901347032744965,40,-0.26,-0.66,307,ACTIVE_DRYING
47.7,63.6,238.0,85,0,2.3,39.901347032744965,45,-0.85,-1.29,302,ACTIVE_DRYING
51.8,62.7,317.0,69,1,2.3,39.901347032744965,50,4.42,-0.53,297,ACTIVE_DRYING
52.4,62.3,310.0,71,0,2.3,39.901347032744965,55,0.11,-0.74,292,ACTIVE_DRYING
51.7,60.4,407.0,68,0,2.3,39.901347032744965,60,-1.08,-1.62,287,ACTIVE_DRYING
51.3,59.4,388.0,72,0,2.3,39.901347032744965,65,-0.05,-0.61,282,ACTIVE_DRYING
51.2,58.3,411.0,71,0,2.3,39.901347032744965,70,0.38,-1.03,277,ACTIVE_DRYING
51.8,56.0,511.0,71,0,2.3,39.901347032744965,75,0.42,-1.65,272,ACTIVE_DRYING
52.0,55.0,544.0,70,0,2.3,39.901347032744965,80,0.65,-0.43,267,ACTIVE_DRYING
52.8,55.6,569.0,68,0,2.3,39.901347032744965,85,1.45,-0.45,262,ACTIVE_DRYING
53.8,53.3,531.0,72,0,2.3,39.901347032744965,90,0.48,-0.94,257,ACTIVE_DRYING
54.2,52.8,547.0,70,0,2.3,39.901347032744965,95,0.5,-0.22,252,ACTIVE_DRYING
55.5,53.1,545.0,71,0,2.3,39.901347032744965,100,1.25,-0.28,247,ACTIVE_DRYING
55.8,52.2,601.0,72,0,2.3,39.901347032744965,105,0.26,-1.2,242,ACTIVE_DRYING
56.1,51.5,626.0,69,0,2.3,39.901347032744965,110,0.11,-0.91,237,ACTIVE_DRYING
56.4,50.6,627.0,72,0,2.3,39.901347032744965,115,0.06,-1.04,232,ACTIVE_DRYING
56.8,49.9,653.0,69,0,2.3,39.901347032744965,120,0.64,-1.43,227,ACTIVE_DRYING
58.1,48.7,707.0,68,0,2.3,39.901347032744965,125,1.29,-1.8,222,ACTIVE_DRYING
57.8,47.3,696.0,72,0,2.3,39.901347032744965,130,0.18,-1.99,217,ACTIVE_DRYING
57.8,46.1,686.0,71,0,2.3,39.901347032744965,135,0.04,-1.48,212,ACTIVE_DRYING
57.6,45.3,726.0,68,0,2.3,39.901347032744965,140,0.1,-0.98,207,ACTIVE_DRYING
57.3,44.3,732.0,53,0,2.3,39.901347032744965,145,0.33,-1.79,202,ACTIVE_DRYING
58.0,42.3,750.0,57,0,2.3,39.901347032744965,150,0.53,-2.19,197,ACTIVE_DRYING
57.5,41.9,748.0,53,0,2.3,39.901347032744965,155,0.13,-1.21,192,ACTIVE_DRYING
57.6,40.1,740.0,56,0,2.3,39.901347032744965,160,0.93,-0.94,187,ACTIVE_DRYING
57.9,40.5,778.0,54,0,2.3,39.901347032744965,165,0.59,-0.3,182,ACTIVE_DRYING
58.5,38.0,718.0,57,0,2.3,39.901347032744965,170,0.58,-2.34,177,ACTIVE_DRYING
58.2,36.8,719.0,57,0,2.3,39.901347032744965,175,-0.4,-1.28,172,ACTIVE_DRYING
58.3,35.7,744.0,53,0,2.3,39.901347032744965,180,-0.16,-1.35,167,ACTIVE_DRYING
57.9,34.8,728.0,55,0,2.3,39.901347032744965,185,0.23,-1.03,162,ACTIVE_DRYING
57.8,33.7,733.0,57,0,2.3,39.901347032744965,190,0.07,-1.38,157,ACTIVE_DRYING
57.7,32.4,736.0,56,0,2.3,39.901347032744965,195,0.28,-0.15,152,NEAR_COMPLETE
58.3,31.5,742.0,57,0,2.3,39.901347032744965,200,0.36,-0.95,147,NEAR_COMPLETE
58.0,30.1,774.0,53,0,2.3,39.901347032744965,205,-0.48,-0.85,142,NEAR_COMPLETE
58.0,29.9,730.0,55,0,2.3,39.901347032744965,210,0.16,-0.62,137,NEAR_COMPLETE
58.0,29.5,640.0,55,0,2.3,39.901347032744965,215,0.09,-1.06,132,NEAR_COMPLETE
58.1,28.0,661.0,54,0,2.3,39.901347032744965,220,0.07,-1.22,127,NEAR_COMPLETE
58.4,28.0,652.0,57,0,2.3,39.901347032744965,225,0.04,-0.3,122,NEAR_COMPLETE
57.9,27.4,662.0,53,0,2.3,39.901347032744965,230,-0.26,-1.02,117,NEAR_COMPLETE
57.9,25.8,652.0,53,0,2.3,39.901347032744965,235,0.37,-2.2,112,COMPLETE
58.0,24.5,639.0,57,0,2.3,39.901347032744965,240,-0.07,-1.74,107,COMPLETE
58.0,23.3,575.0,56,0,2.3,39.901347032744965,245,-0.0,-1.61,102,COMPLETE
58.1,22.2,631.0,55,0,2.3,39.901347032744965,250,-0.04,-1.64,97,COMPLETE
57.9,22.5,552.0,57,0,2.3,39.901347032744965,255,0.22,-0.27,92,COMPLETE
58.2,20.8,548.0,57,0,2.3,39.901347032744965,260,0.09,-1.3,87,COMPLETE
57.5,20.6,545.0,57,0,2.3,39.901347032744965,265,-0.15,0.0,82,COMPLETE
58.4,20.7,453.0,54,0,2.3,39.901347032744965,270,0.77,-0.74,77,COMPLETE
57.7,18.9,517.0,57,0,2.3,39.901347032744965,275,-0.4,-0.69,72,COMPLETE
57.6,20.0,372.0,55,0,2.3,39.901347032744965,280,0.49,0.49,67,COMPLETE
57.5,18.7,416.0,54,0,2.3,39.901347032744965,285,0.54,-1.05,62,COMPLETE
57.9,17.9,419.0,55,0,2.3,39.901347032744965,290,0.39,-0.75,57,COMPLETE
58.0,18.8,342.0,56,0,2.3,39.901347032744965,295,-0.06,-0.18,52,COMPLETE
57.1,18.4,309.0,54,0,2.3,39.901347032744965,300,-0.65,-0.88,47,COMPLETE
57.0,17.8,251.0,54,0,2.3,39.901347032744965,305,-0.44,-0.01,42,COMPLETE
57.1,18.4,253.0,53,0,2.3,39.901347032744965,310,-0.72,0.48,37,COMPLETE
56.3,17.9,188.0,53,0,2.3,39.901347032744965,315,-1.03,-0.22,32,COMPLETE
55.7,17.9,210.0,55,0,2.3,39.901347032744965,320,-0.92,-0.23,27,COMPLETE
53.7,18.6,159.0,55,0,2.3,39.901347032744965,325,-1.4,0.23,22,COMPLETE
52.7,18.0,62.0,56,0,2.3,39.901347032744965,330,-1.49,-0.71,17,COMPLETE
51.7,17.4,102.0,56,0,2.3,39.901347032744965,335,-0.93,-0.48,12,COMPLETE
50.4,18.2,38.0,54,0,2.3,39.901347032744965,340,-1.56,0.44,7,COMPLETE
49.0,18.0,35.0,56,0,2.3,39.901347032744965,345,-1.16,-0.19,2,COMPLETE
36.0,70.6,0.0,38,1,2.3,31.436611723726084,0,-0.37,-0.1,293,INITIAL
40.8,69.7,12.0,48,1,2.3,31.436611723726084,5,4.28,-1.45,288,INITIAL
44.3,67.7,114.0,59,1,2.3,31.436611723726084,10,3.44,-1.82,283,ACTIVE_DRYING
48.8,66.0,115.0,86,1,2.3,31.436611723726084,15,4.22,-1.48,278,ACTIVE_DRYING
46.7,63.8,177.0,83,0,2.3,31.436611723726084,20,-1.67,-0.7,273,ACTIVE_DRYING
51.6,63.0,199.0,71,1,2.3,31.436611723726084,25,4.58,-0.29,268,ACTIVE_DRYING
50.2,62.7,233.0,72,0,2.3,31.436611723726084,30,-1.35,-0.07,263,ACTIVE_DRYING
49.7,61.7,273.0,70,0,2.3,31.436611723726084,35,-0.54,-1.64,258,ACTIVE_DRYING
49.2,60.1,358.0,69,0,2.3,31.436611723726084,40,-0.21,-2.72,253,ACTIVE_DRYING
48.6,58.2,327.0,69,0,2.3,31.436611723726084,45,-0.58,-2.07,248,ACTIVE_DRYING
48.8,57.1,369.0,68,0,2.3,31.436611723726084,50,-0.04,-1.54,243,ACTIVE_DRYING
48.6,55.5,415.0,68,0,2.3,31.436611723726084,55,-0.65,-1.18,238,ACTIVE_DRYING
48.4,54.4,429.0,72,0,2.3,31.436611723726084,60,0.12,-0.38,233,ACTIVE_DRYING
48.7,54.8,472.0,68,0,2.3,31.436611723726084,65,0.04,-1.11,228,ACTIVE_DRYING
48.9,51.7,577.0,69,0,2.3,31.436611723726084,70,0.36,-2.95,223,ACTIVE_DRYING
49.2,51.3,522.0,72,0,2.3,31.436611723726084,75,0.53,-0.8,218,ACTIVE_DRYING
49.9,49.2,544.0,72,0,2.3,31.436611723726084,80,0.83,-1.63,213,ACTIVE_DRYING
50.4,47.6,581.0,72,0,2.3,31.436611723726084,85,0.28,-1.53,208,ACTIVE_DRYING
51.1,45.7,630.0,69,0,2.3,31.436611723726084,90,0.43,-1.63,203,ACTIVE_DRYING
51.8,45.2,684.0,71,0,2.3,31.436611723726084,95,0.8,-0.84,198,ACTIVE_DRYING
53.1,44.2,649.0,71,0,2.3,31.436611723726084,100,1.23,-1.05,193,ACTIVE_DRYING
53.9,42.2,752.0,54,0,2.3,31.436611723726084,105,0.89,-1.08,188,ACTIVE_DRYING
55.3,43.4,695.0,55,0,2.3,31.436611723726084,110,1.05,0.86,183,ACTIVE_DRYING
56.7,42.5,754.0,54,0,2.3,31.436611723726084,115,1.1,-1.93,178,ACTIVE_DRYING
57.1,40.8,638.0,54,0,2.3,31.436611723726084,120,0.48,-1.59,173,ACTIVE_DRYING
58.1,38.0,752.0,56,0,2.3,31.436611723726084,125,0.76,-1.85,168,ACTIVE_DRYING
58.0,39.2,764.0,57,0,2.3,31.436611723726084,130,0.16,0.81,163,ACTIVE_DRYING
57.9,37.4,801.0,55,0,2.3,31.436611723726084,135,-0.35,-1.9,158,ACTIVE_DRYING
58.3,36.4,706.0,57,0,2.3,31.436611723726084,140,0.29,-1.63,153,ACTIVE_DRYING
58.4,35.8,732.0,53,0,2.3,31.436611723726084,145,-0.32,-1.14,148,ACTIVE_DRYING
57.8,34.8,752.0,54,0,2.3,31.436611723726084,150,-0.7,-1.15,143,NEAR_COMPLETE
58.4,34.4,754.0,54,0,2.3,31.436611723726084,155,0.09,-0.34,138,NEAR_COMPLETE
58.1,33.6,733.0,55,0,2.3,31.436611723726084,160,-0.62,-0.37,133,NEAR_COMPLETE
57.8,32.5,714.0,57,0,2.3,31.436611723726084,165,-0.37,-1.5,128,NEAR_COMPLETE
57.3,32.1,729.0,54,0,2.3,31.436611723726084,170,0.14,-0.74,123,NEAR_COMPLETE
57.9,30.4,690.0,55,0,2.3,31.436611723726084,175,0.72,-1.28,118,NEAR_COMPLETE
57.9,30.2,748.0,53,0,2.3,31.436611723726084,180,0.32,-0.55,113,NEAR_COMPLETE
58.1,30.0,671.0,57,0,2.3,31.436611723726084,185,0.5,-1.05,108,NEAR_COMPLETE
58.0,28.6,709.0,55,0,2.3,31.436611723726084,190,0.08,-1.18,103,COMPLETE
57.3,28.2,621.0,55,0,2.3,31.436611723726084,195,-0.23,-0.14,98,COMPLETE
57.6,27.1,607.0,53,0,2.3,31.436611723726084,200,0.57,-1.97,93,COMPLETE
58.4,24.6,572.0,53,0,2.3,31.436611723726084,205,0.54,-2.14,88,COMPLETE
57.8,23.7,605.0,56,0,2.3,31.436611723726084,210,-0.33,-0.09,83,COMPLETE
57.5,23.1,587.0,56,0,2.3,31.436611723726084,215,0.58,-0.51,78,COMPLETE
58.2,22.2,519.0,56,0,2.3,31.436611723726084,220,0.34,-0.49,73,COMPLETE
58.0,22.0,467.0,53,0,2.3,31.436611723726084,225,-0.25,-1.31,68,COMPLETE
58.7,21.9,490.0,54,0,2.3,31.436611723726084,230,-0.2,-0.92,63,COMPLETE
57.4,20.5,382.0,55,0,2.3,31.436611723726084,235,-0.91,-2.02,58,COMPLETE
58.0,19.1,425.0,57,0,2.3,31.436611723726084,240,0.52,-0.83,53,COMPLETE
57.8,18.8,389.0,55,0,2.3,31.436611723726084,245,-0.77,-0.88,48,COMPLETE
57.4,18.6,314.0,56,0,2.3,31.436611723726084,250,-0.43,-0.34,43,COMPLETE
55.9,18.6,255.0,56,0,2.3,31.436611723726084,255,-0.88,-0.23,38,COMPLETE
55.4,17.6,287.0,53,0,2.3,31.436611723726084,260,-0.2,-0.2,33,COMPLETE
55.2,17.5,246.0,56,0,2.3,31.436611723726084,265,-0.22,0.53,28,COMPLETE
54.1,18.2,153.0,53,0,2.3,31.436611723726084,270,-1.54,0.22,23,COMPLETE
52.7,18.3,91.0,54,0,2.3,31.436611723726084,275,-1.31,-0.34,18,COMPLETE
51.6,17.6,77.0,53,0,2.3,31.436611723726084,280,-1.26,-0.09,13,COMPLETE
49.9,18.1,85.0,57,0,2.3,31.436611723726084,285,-1.66,0.18,8,COMPLETE
48.6,17.8,29.0,57,0,2.3,31.436611723726084,290,-1.21,0.44,3,COMPLETE
35.5,72.6,23.0,39,1,1.2,26.725917256705443,0,0.39,-0.42,215,INITIAL
40.1,70.0,105.0,49,1,1.2,26.725917256705443,5,5.1,-2.36,210,INITIAL
44.2,68.6,79.0,62,1,1.2,26.725917256705443,10,4.22,-1.41,205,ACTIVE_DRYING
48.7,65.9,156.0,83,1,1.2,26.725917256705443,15,4.11,-2.17,200,ACTIVE_DRYING
47.2,64.5,247.0,87,0,1.2,26.725917256705443,20,-1.15,-0.6,195,ACTIVE_DRYING
52.7,63.5,300.0,72,1,1.2,26.725917256705443,25,5.01,-0.94,190,ACTIVE_DRYING
51.5,61.6,257.0,69,0,1.2,26.725917256705443,30,-1.08,-1.66,185,ACTIVE_DRYING
51.0,59.0,348.0,72,0,1.2,26.725917256705443,35,-0.34,-2.47,180,ACTIVE_DRYING
50.9,57.0,475.0,68,0,1.2,26.725917256705443,40,-0.26,-1.21,175,ACTIVE_DRYING
50.8,55.8,473.0,69,0,1.2,26.725917256705443,45,0.28,-0.8,170,ACTIVE_DRYING
51.0,54.5,496.0,69,0,1.2,26.725917256705443,50,0.64,-0.32,165,ACTIVE_DRYING
52.1,54.0,522.0,69,0,1.2,26.725917256705443,55,0.8,-0.49,160,ACTIVE_DRYING
52.3,53.9,544.0,69,0,1.2,26.725917256705443,60,0.51,-0.84,155,ACTIVE_DRYING
52.7,52.1,558.0,69,0,1.2,26.725917256705443,65,0.57,-2.09,150,ACTIVE_DRYING
53.4,49.5,596.0,68,0,1.2,26.725917256705443,70,0.41,-2.35,145,ACTIVE_DRYING
54.2,48.0,676.0,71,0,1.2,26.725917256705443,75,0.65,-0.9,140,ACTIVE_DRYING
55.1,47.2,725.0,70,0,1.2,26.725917256705443,80,0.43,-1.3,135,ACTIVE_DRYING
56.0,45.6,697.0,72,0,1.2,26.725917256705443,85,0.52,-1.75,130,ACTIVE_DRYING
57.6,43.3,746.0,69,0,1.2,26.725917256705443,90,1.14,-2.26,125,ACTIVE_DRYING
58.4,42.5,738.0,53,0,1.2,26.725917256705443,95,-0.02,-1.12,120,ACTIVE_DRYING
58.7,41.4,750.0,55,0,1.2,26.725917256705443,100,-0.62,-1.56,115,NEAR_COMPLETE
57.9,40.1,751.0,53,0,1.2,26.725917256705443,105,-0.59,-1.36,110,NEAR_COMPLETE
57.8,37.5,785.0,53,0,1.2,26.725917256705443,110,0.15,-2.51,105,NEAR_COMPLETE
57.9,35.8,708.0,53,0,1.2,26.725917256705443,115,0.51,-1.38,100,NEAR_COMPLETE
58.4,35.3,784.0,56,0,1.2,26.725917256705443,120,0.0,-1.13,95,NEAR_COMPLETE
58.1,33.0,715.0,57,0,1.2,26.725917256705443,125,-0.86,-2.04,90,NEAR_COMPLETE
57.9,32.8,688.0,55,0,1.2,26.725917256705443,130,0.13,-0.45,85,COMPLETE
58.4,32.0,755.0,57,0,1.2,26.725917256705443,135,0.07,-1.09,80,COMPLETE
57.7,31.7,647.0,57,0,1.2,26.725917256705443,140,-0.45,-0.38,75,COMPLETE
58.2,30.7,633.0,53,0,1.2,26.725917256705443,145,0.24,-0.81,70,COMPLETE
57.8,29.8,645.0,56,0,1.2,26.725917256705443,150,-0.05,-0.71,65,COMPLETE
57.9,28.8,555.0,54,0,1.2,26.725917256705443,155,-0.01,-1.07,60,COMPLETE
58.0,28.8,517.0,57,0,1.2,26.725917256705443,160,0.06,-0.43,55,COMPLETE
57.9,27.0,521.0,57,0,1.2,26.725917256705443,165,0.3,-1.58,50,COMPLETE
58.2,27.0,481.0,55,0,1.2,26.725917256705443,170,-0.15,-0.56,45,COMPLETE
57.9,24.9,371.0,56,0,1.2,26.725917256705443,175,-0.39,-1.38,40,COMPLETE
57.3,24.6,397.0,56,0,1.2,26.725917256705443,180,-0.29,-0.1,35,COMPLETE
57.1,24.3,310.0,53,0,1.2,26.725917256705443,185,-0.14,-1.36,30,COMPLETE
56.0,22.3,268.0,55,0,1.2,26.725917256705443,190,-0.54,-1.8,25,COMPLETE
55.5,22.3,211.0,54,0,1.2,26.725917256705443,195,-0.1,0.08,20,COMPLETE
54.2,22.0,137.0,56,0,1.2,26.725917256705443,200,-0.68,-0.01,15,COMPLETE
54.4,21.1,102.0,53,0,1.2,26.725917256705443,205,-0.42,-0.67,10,COMPLETE
51.9,20.1,41.0,55,0,1.2,26.725917256705443,210,-2.05,-0.56,5,COMPLETE
51.1,20.2,50.0,53,0,1.2,26.725917256705443,215,-0.56,0.25,0,COMPLETE
33.9,74.1,0.0,39,1,2.4,25.839466627226095,0,-0.01,0.06,213,INITIAL
38.1,70.8,68.0,52,1,2.4,25.839466627226095,5,4.41,-3.06,208,INITIAL
42.5,68.6,73.0,60,1,2.4,25.839466627226095,10,4.72,-2.61,203,ACTIVE_DRYING
46.8,67.0,172.0,86,1,2.4,25.839466627226095,15,4.0,-1.76,198,ACTIVE_DRYING
51.4,65.3,223.0,85,1,2.4,25.839466627226095,20,3.79,-1.18,193,ACTIVE_DRYING
50.5,64.0,277.0,85,0,2.4,25.839466627226095,25,-1.1,-1.83,188,ACTIVE_DRYING
50.1,61.6,345.0,68,0,2.4,25.839466627226095,30,-0.29,-2.05,183,ACTIVE_DRYING
49.9,60.1,368.0,71,0,2.4,25.839466627226095,35,-0.23,-1.3,178,ACTIVE_DRYING
50.5,58.2,487.0,71,0,2.4,25.839466627226095,40,-0.1,-1.42,173,ACTIVE_DRYING
50.6,57.8,471.0,70,0,2.4,25.839466627226095,45,0.12,-1.63,168,ACTIVE_DRYING
51.3,54.4,480.0,72,0,2.4,25.839466627226095,50,0.09,-2.24,163,ACTIVE_DRYING
52.3,54.4,621.0,70,0,2.4,25.839466627226095,55,0.07,0.03,158,ACTIVE_DRYING
52.4,53.7,578.0,70,0,2.4,25.839466627226095,60,-0.02,-1.17,153,ACTIVE_DRYING
53.4,51.3,667.0,69,0,2.4,25.839466627226095,65,0.56,-2.76,148,ACTIVE_DRYING
54.0,49.8,627.0,72,0,2.4,25.839466627226095,70,1.13,-2.29,143,ACTIVE_DRYING
55.0,49.1,698.0,69,0,2.4,25.839466627226095,75,1.25,-0.96,138,ACTIVE_DRYING
56.3,47.7,708.0,68,0,2.4,25.839466627226095,80,0.99,-1.32,133,ACTIVE_DRYING
56.9,45.9,696.0,72,0,2.4,25.839466627226095,85,0.71,-1.22,128,NEAR_COMPLETE
58.0,44.7,738.0,72,0,2.4,25.839466627226095,90,0.65,-0.94,123,NEAR_COMPLETE
58.0,44.2,750.0,57,0,2.4,25.839466627226095,95,0.09,-1.08,118,NEAR_COMPLETE
58.1,42.7,753.0,54,0,2.4,25.839466627226095,100,0.27,-1.36,113,NEAR_COMPLETE
57.5,41.1,797.0,57,0,2.4,25.839466627226095,105,-0.36,-0.4,108,NEAR_COMPLETE
58.2,40.9,732.0,57,0,2.4,25.839466627226095,110,0.2,-0.54,103,NEAR_COMPLETE
58.2,39.8,761.0,57,0,2.4,25.839466627226095,115,-0.27,-1.62,98,COMPLETE
58.1,37.7,765.0,56,0,2.4,25.839466627226095,120,-0.1,-2.17,93,COMPLETE
58.1,36.0,688.0,53,0,2.4,25.839466627226095,125,-0.44,-0.97,88,COMPLETE
58.0,36.0,693.0,55,0,2.4,25.839466627226095,130,-0.0,0.08,83,COMPLETE
57.8,34.7,632.0,56,0,2.4,25.839466627226095,135,-0.06,-1.55,78,COMPLETE
57.7,33.2,674.0,54,0,2.4,25.839466627226095,140,0.02,-1.52,73,COMPLETE
58.4,31.4,619.0,55,0,2.4,25.839466627226095,145,0.33,-1.72,68,COMPLETE
57.9,30.3,589.0,56,0,2.4,25.839466627226095,150,-0.38,-1.09,63,COMPLETE
57.5,28.9,602.0,57,0,2.4,25.839466627226095,155,-0.23,-0.92,58,COMPLETE
58.0,28.8,574.0,57,0,2.4,25.839466627226095,160,0.47,-0.03,53,COMPLETE
57.7,27.2,466.0,54,0,2.4,25.839466627226095,165,-0.02,-1.44,48,COMPLETE
58.5,24.6,473.0,54,0,2.4,25.839466627226095,170,0.35,-1.83,43,COMPLETE
58.4,24.4,419.0,55,0,2.4,25.839466627226095,175,-0.46,0.26,38,COMPLETE
57.8,23.0,368.0,56,0,2.4,25.839466627226095,180,-0.46,-1.05,33,COMPLETE
58.1,22.0,287.0,57,0,2.4,25.839466627226095,185,0.06,-0.61,28,COMPLETE
57.7,22.0,246.0,55,0,2.4,25.839466627226095,190,-0.75,-0.19,23,COMPLETE
57.3,21.0,256.0,53,0,2.4,25.839466627226095,195,-0.47,-0.54,18,COMPLETE
57.0,20.2,167.0,53,0,2.4,25.839466627226095,200,-0.7,-0.43,13,COMPLETE
55.2,19.4,85.0,57,0,2.4,25.839466627226095,205,-1.9,-1.02,8,COMPLETE
53.5,18.1,6.0,54,0,2.4,25.839466627226095,210,-1.68,-0.11,3,COMPLETE
34.2,76.2,0.0,40,1,2.4,37.566735867844294,0,-0.05,-0.03,321,INITIAL
38.3,75.0,28.0,48,1,2.4,37.566735867844294,5,4.46,-1.79,316,INITIAL
42.3,74.4,70.0,61,1,2.4,37.566735867844294,10,4.5,-2.01,311,ACTIVE_DRYING
46.7,73.0,107.0,85,1,2.4,37.566735867844294,15,5.1,-2.5,306,ACTIVE_DRYING
51.2,70.5,180.0,87,1,2.4,37.566735867844294,20,4.36,-1.29,301,ACTIVE_DRYING
49.9,68.4,187.0,84,0,2.4,37.566735867844294,25,-0.97,-1.2,296,ACTIVE_DRYING
48.8,67.2,186.0,86,0,2.4,37.566735867844294,30,-0.76,-1.38,291,ACTIVE_DRYING
48.1,66.3,251.0,83,0,2.4,37.566735867844294,35,-0.75,-0.5,286,ACTIVE_DRYING
47.3,64.7,259.0,86,0,2.4,37.566735867844294,40,-1.05,-0.83,281,ACTIVE_DRYING
51.2,63.5,274.0,85,1,2.4,37.566735867844294,45,3.89,-0.95,276,ACTIVE_DRYING
50.6,62.0,354.0,72,0,2.4,37.566735867844294,50,-0.48,-1.48,271,ACTIVE_DRYING
50.1,62.3,387.0,72,0,2.4,37.566735867844294,55,-0.17,0.1,266,ACTIVE_DRYING
50.5,62.1,424.0,68,0,2.4,37.566735867844294,60,0.6,-0.48,261,ACTIVE_DRYING
50.6,60.7,453.0,71,0,2.4,37.566735867844294,65,0.82,-2.14,256,ACTIVE_DRYING
51.8,59.3,469.0,68,0,2.4,37.566735867844294,70,1.0,-1.53,251,ACTIVE_DRYING
51.8,57.1,536.0,70,0,2.4,37.566735867844294,75,-0.59,-0.74,246,ACTIVE_DRYING
52.1,56.7,535.0,69,0,2.4,37.566735867844294,80,-0.04,0.35,241,ACTIVE_DRYING
51.9,53.4,507.0,71,0,2.4,37.566735867844294,85,-0.22,-1.88,236,ACTIVE_DRYING
52.6,54.5,553.0,68,0,2.4,37.566735867844294,90,0.08,0.62,231,ACTIVE_DRYING
53.1,52.8,648.0,70,0,2.4,37.566735867844294,95,0.32,-1.7,226,ACTIVE_DRYING
53.5,51.4,590.0,71,0,2.4,37.566735867844294,100,0.81,-0.4,221,ACTIVE_DRYING
54.8,50.5,641.0,70,0,2.4,37.566735867844294,105,0.66,-1.72,216,ACTIVE_DRYING
55.7,48.7,646.0,71,0,2.4,37.566735867844294,110,0.72,-1.54,211,ACTIVE_DRYING
56.2,48.0,706.0,71,0,2.4,37.566735867844294,115,0.38,-1.42,206,ACTIVE_DRYING
56.9,47.3,653.0,69,0,2.4,37.566735867844294,120,0.91,-2.66,201,ACTIVE_DRYING
58.1,46.1,716.0,68,0,2.4,37.566735867844294,125,1.12,-1.51,196,ACTIVE_DRYING
58.3,44.0,707.0,68,0,2.4,37.566735867844294,130,-0.23,-1.56,191,ACTIVE_DRYING
58.6,42.7,714.0,53,0,2.4,37.566735867844294,135,-0.48,-1.72,186,ACTIVE_DRYING
58.5,42.7,786.0,53,0,2.4,37.566735867844294,140,-0.36,-0.65,181,ACTIVE_DRYING
57.3,40.7,721.0,56,0,2.4,37.566735867844294,145,-0.28,-1.18,176,ACTIVE_DRYING
57.7,39.1,748.0,56,0,2.4,37.566735867844294,150,0.38,-0.86,171,ACTIVE_DRYING
57.7,39.6,721.0,55,0,2.4,37.566735867844294,155,-0.06,-0.51,166,ACTIVE_DRYING
57.9,37.8,759.0,53,0,2.4,37.566735867844294,160,0.03,-1.71,161,NEAR_COMPLETE
57.6,36.1,702.0,57,0,2.4,37.566735867844294,165,0.1,-1.33,156,NEAR_COMPLETE
58.1,35.5,767.0,56,0,2.4,37.566735867844294,170,0.44,-1.56,151,NEAR_COMPLETE
58.1,33.2,795.0,53,0,2.4,37.566735867844294,175,-0.46,-2.09,146,NEAR_COMPLETE
57.5,32.1,742.0,54,0,2.4,37.566735867844294,180,-0.12,-0.44,141,NEAR_COMPLETE
57.7,31.6,751.0,56,0,2.4,37.566735867844294,185,0.52,-0.25,136,NEAR_COMPLETE
58.2,30.2,704.0,56,0,2.4,37.566735867844294,190,0.28,-0.38,131,COMPLETE
57.9,30.9,717.0,54,0,2.4,37.566735867844294,195,-0.2,0.34,126,COMPLETE
57.5,29.2,675.0,54,0,2.4,37.566735867844294,200,0.33,-2.29,121,COMPLETE
58.5,28.8,650.0,54,0,2.4,37.566735867844294,205,0.46,-0.67,116,COMPLETE
58.3,26.7,712.0,56,0,2.4,37.566735867844294,210,-0.85,-1.87,111,COMPLETE
58.0,25.7,651.0,53,0,2.4,37.566735867844294,215,0.06,0.23,106,COMPLETE
57.9,25.4,619.0,57,0,2.4,37.566735867844294,220,-0.06,-0.04,101,COMPLETE
58.2,24.1,591.0,56,0,2.4,37.566735867844294,225,-0.14,-0.67,96,COMPLETE
57.3,23.5,603.0,55,0,2.4,37.566735867844294,230,-0.5,-0.15,91,COMPLETE
58.0,22.2,558.0,55,0,2.4,37.566735867844294,235,0.64,-1.01,86,COMPLETE
58.0,21.6,471.0,54,0,2.4,37.566735867844294,240,-0.1,-1.31,81,COMPLETE
58.3,20.8,482.0,56,0,2.4,37.566735867844294,245,0.15,-1.04,76,COMPLETE
58.1,21.0,439.0,55,0,2.4,37.566735867844294,250,-0.19,-0.21,71,COMPLETE
57.7,19.9,426.0,54,0,2.4,37.566735867844294,255,-0.1,-0.82,66,COMPLETE
57.8,18.4,381.0,53,0,2.4,37.566735867844294,260,-0.02,-1.18,61,COMPLETE
57.5,17.9,448.0,53,0,2.4,37.566735867844294,265,-0.08,0.15,56,COMPLETE
56.9,18.0,335.0,57,0,2.4,37.566735867844294,270,-0.45,0.28,51,COMPLETE
56.5,17.5,302.0,56,0,2.4,37.566735867844294,275,-0.05,0.26,46,COMPLETE
57.0,17.9,292.0,55,0,2.4,37.566735867844294,280,0.56,-0.09,41,COMPLETE
56.6,19.1,300.0,54,0,2.4,37.566735867844294,285,-0.41,0.21,36,COMPLETE
55.3,18.4,250.0,55,0,2.4,37.566735867844294,290,-1.29,-0.94,31,COMPLETE
54.2,18.5,131.0,55,0,2.4,37.566735867844294,295,-0.83,-0.54,26,COMPLETE
53.3,17.9,193.0,56,0,2.4,37.566735867844294,300,-0.65,-0.15,21,COMPLETE
52.0,17.6,145.0,56,0,2.4,37.566735867844294,305,-1.39,0.07,16,COMPLETE
51.1,17.0,27.0,56,0,2.4,37.566735867844294,310,-1.38,0.53,11,COMPLETE
49.0,17.5,33.0,53,0,2.4,37.566735867844294,315,-1.93,1.06,6,COMPLETE
47.2,17.9,3.0,53,0,2.4,37.566735867844294,320,-1.0,0.11,1,COMPLETE
32.7,75.0,0.0,39,1,1.7,29.358526348996485,0,-0.14,0.16,208,INITIAL
37.1,72.4,61.0,51,1,1.7,29.358526348996485,5,4.58,-1.7,203,INITIAL
41.3,71.6,70.0,61,1,1.7,29.358526348996485,10,4.24,-0.89,198,ACTIVE_DRYING
45.7,69.3,208.0,83,1,1.7,29.358526348996485,15,4.2,-2.08,193,ACTIVE_DRYING
49.6,68.8,226.0,83,1,1.7,29.358526348996485,20,3.92,-0.39,188,ACTIVE_DRYING
49.3,67.1,388.0,85,0,1.7,29.358526348996485,25,-0.8,-2.19,183,ACTIVE_DRYING
48.3,66.1,347.0,87,0,1.7,29.358526348996485,30,-0.63,-1.48,178,ACTIVE_DRYING
48.7,64.5,349.0,85,0,1.7,29.358526348996485,35,-0.25,-2.27,173,ACTIVE_DRYING
47.6,61.8,398.0,68,0,1.7,29.358526348996485,40,-0.97,-1.95,168,ACTIVE_DRYING
52.7,61.7,491.0,71,1,1.7,29.358526348996485,45,5.31,0.21,163,ACTIVE_DRYING
53.2,61.1,508.0,70,0,1.7,29.358526348996485,50,1.18,-1.39,158,ACTIVE_DRYING
53.3,59.0,570.0,68,0,1.7,29.358526348996485,55,-0.0,-2.34,153,ACTIVE_DRYING
53.1,57.4,612.0,72,0,1.7,29.358526348996485,60,1.06,-2.13,148,ACTIVE_DRYING
55.1,56.3,654.0,71,0,1.7,29.358526348996485,65,1.98,-0.94,143,ACTIVE_DRYING
56.1,54.9,684.0,68,0,1.7,29.358526348996485,70,1.25,-1.71,138,ACTIVE_DRYING
57.3,52.5,682.0,71,0,1.7,29.358526348996485,75,0.56,-1.51,133,ACTIVE_DRYING
58.3,51.1,755.0,69,0,1.7,29.358526348996485,80,0.35,-0.94,128,ACTIVE_DRYING
58.5,51.1,698.0,68,0,1.7,29.358526348996485,85,0.03,-0.57,123,ACTIVE_DRYING
57.3,48.8,774.0,68,0,1.7,29.358526348996485,90,-0.61,-2.15,118,ACTIVE_DRYING
58.7,48.3,829.0,70,0,1.7,29.358526348996485,95,0.71,-1.83,113,ACTIVE_DRYING
58.0,44.5,768.0,71,0,1.7,29.358526348996485,100,-0.69,-2.03,108,ACTIVE_DRYING
57.7,44.6,780.0,72,0,1.7,29.358526348996485,105,0.05,0.22,103,ACTIVE_DRYING
58.4,44.8,783.0,57,0,1.7,29.358526348996485,110,0.09,0.04,98,ACTIVE_DRYING
58.2,43.3,752.0,55,0,1.7,29.358526348996485,115,-0.65,-2.31,93,STABILIZING
58.0,41.2,741.0,56,0,1.7,29.358526348996485,120,-0.13,-2.17,88,NEAR_COMPLETE
58.4,38.8,759.0,56,0,1.7,29.358526348996485,125,-0.13,-1.11,83,NEAR_COMPLETE
57.9,39.3,721.0,54,0,1.7,29.358526348996485,130,-0.34,-0.59,78,NEAR_COMPLETE
58.1,37.7,669.0,57,0,1.7,29.358526348996485,135,-0.19,-1.19,73,NEAR_COMPLETE
57.8,36.7,635.0,54,0,1.7,29.358526348996485,140,-0.39,-0.32,68,NEAR_COMPLETE
58.2,34.8,647.0,53,0,1.7,29.358526348996485,145,-0.06,-0.78,63,NEAR_COMPLETE
57.4,34.5,609.0,54,0,1.7,29.358526348996485,150,-0.04,-0.52,58,NEAR_COMPLETE
58.4,33.5,546.0,54,0,1.7,29.358526348996485,155,0.63,-1.32,53,COMPLETE
57.7,33.0,511.0,55,0,1.7,29.358526348996485,160,-0.7,-0.93,48,COMPLETE
57.5,32.0,417.0,53,0,1.7,29.358526348996485,165,0.12,-1.82,43,COMPLETE
58.1,29.1,430.0,53,0,1.7,29.358526348996485,170,0.3,-2.21,38,COMPLETE
57.9,28.3,325.0,54,0,1.7,29.358526348996485,175,-0.1,-0.97,33,COMPLETE
57.7,26.5,338.0,54,0,1.7,29.358526348996485,180,0.09,-1.74,28,COMPLETE
56.7,26.0,266.0,56,0,1.7,29.358526348996485,185,-0.36,-0.27,23,COMPLETE
56.3,24.5,220.0,53,0,1.7,29.358526348996485,190,-0.54,-1.02,18,COMPLETE
55.2,24.7,158.0,56,0,1.7,29.358526348996485,195,-1.23,-0.24,13,COMPLETE
54.0,24.1,38.0,56,0,1.7,29.358526348996485,200,-0.82,-0.95,8,COMPLETE
53.1,23.6,47.0,53,0,1.7,29.358526348996485,205,-0.86,-0.71,3,COMPLETE
34.9,74.3,0.0,38,1,2.5,31.28300988325579,0,-0.1,-0.05,222,INITIAL
38.8,73.0,66.0,50,1,2.5,31.28300988325579,5,4.63,-1.45,217,INITIAL
43.4,71.8,165.0,60,1,2.5,31.28300988325579,10,4.54,-1.79,212,ACTIVE_DRYING
47.5,68.9,126.0,86,1,2.5,31.28300988325579,15,3.45,-1.8,207,ACTIVE_DRYING
51.4,67.5,183.0,87,1,2.5,31.28300988325579,20,3.64,-1.92,202,ACTIVE_DRYING
50.2,64.9,235.0,87,0,2.5,31.28300988325579,25,-1.15,-1.7,197,ACTIVE_DRYING
49.2,64.8,267.0,85,0,2.5,31.28300988325579,30,-1.52,-0.22,192,ACTIVE_DRYING
49.2,62.0,389.0,68,0,2.5,31.28300988325579,35,0.31,-1.53,187,ACTIVE_DRYING
49.0,61.0,392.0,72,0,2.5,31.28300988325579,40,-0.4,-1.21,182,ACTIVE_DRYING
49.3,59.3,416.0,69,0,2.5,31.28300988325579,45,0.49,-1.97,177,ACTIVE_DRYING
50.0,58.4,512.0,72,0,2.5,31.28300988325579,50,0.35,-1.34,172,ACTIVE_DRYING
50.1,56.6,504.0,69,0,2.5,31.28300988325579,55,0.05,-1.89,167,ACTIVE_DRYING
50.7,56.2,586.0,71,0,2.5,31.28300988325579,60,0.64,-0.3,162,ACTIVE_DRYING
52.1,54.0,640.0,71,0,2.5,31.28300988325579,65,1.3,-1.69,157,ACTIVE_DRYING
53.5,53.0,634.0,72,0,2.5,31.28300988325579,70,1.08,-0.09,152,ACTIVE_DRYING
53.5,52.2,674.0,72,0,2.5,31.28300988325579,75,0.68,-0.89,147,ACTIVE_DRYING
55.0,51.7,667.0,71,0,2.5,31.28300988325579,80,1.57,-0.57,142,ACTIVE_DRYING
56.2,50.0,715.0,70,0,2.5,31.28300988325579,85,1.62,-1.28,137,ACTIVE_DRYING
56.7,48.5,703.0,71,0,2.5,31.28300988325579,90,1.29,-1.11,132,ACTIVE_DRYING
57.8,47.0,764.0,68,0,2.5,31.28300988325579,95,1.17,-1.16,127,ACTIVE_DRYING
57.8,47.4,779.0,71,0,2.5,31.28300988325579,100,0.3,0.62,122,ACTIVE_DRYING
57.9,46.1,737.0,72,0,2.5,31.28300988325579,105,0.39,-0.71,117,ACTIVE_DRYING
58.1,45.7,723.0,68,0,2.5,31.28300988325579,110,-0.03,0.3,112,ACTIVE_DRYING
58.4,44.2,745.0,69,0,2.5,31.28300988325579,115,-0.08,-1.24,107,ACTIVE_DRYING
57.8,43.1,667.0,56,0,2.5,31.28300988325579,120,-0.5,-1.91,102,ACTIVE_DRYING
58.0,42.0,720.0,56,0,2.5,31.28300988325579,125,0.12,-1.27,97,STABILIZING
58.5,41.0,753.0,53,0,2.5,31.28300988325579,130,-0.22,-1.13,92,STABILIZING
57.8,40.4,755.0,57,0,2.5,31.28300988325579,135,-0.55,-0.97,87,STABILIZING
58.0,38.5,712.0,53,0,2.5,31.28300988325579,140,0.19,-2.22,82,NEAR_COMPLETE
58.1,37.9,652.0,53,0,2.5,31.28300988325579,145,0.37,-1.3,77,NEAR_COMPLETE
58.1,36.1,598.0,57,0,2.5,31.28300988325579,150,-0.23,-1.52,72,NEAR_COMPLETE
57.4,35.9,593.0,54,0,2.5,31.28300988325579,155,0.03,-0.68,67,NEAR_COMPLETE
58.2,35.6,560.0,57,0,2.5,31.28300988325579,160,0.71,-1.51,62,NEAR_COMPLETE
58.1,33.4,500.0,56,0,2.5,31.28300988325579,165,-0.09,-1.89,57,NEAR_COMPLETE
58.4,32.1,494.0,53,0,2.5,31.28300988325579,170,-0.26,-0.28,52,NEAR_COMPLETE
57.0,31.2,462.0,56,0,2.5,31.28300988325579,175,-0.63,-2.09,47,COMPLETE
57.9,30.5,444.0,56,0,2.5,31.28300988325579,180,1.03,-0.26,42,COMPLETE
57.8,30.1,399.0,55,0,2.5,31.28300988325579,185,-0.1,-0.05,37,COMPLETE
57.3,28.2,335.0,57,0,2.5,31.28300988325579,190,-0.25,-0.94,32,COMPLETE
56.6,27.5,306.0,53,0,2.5,31.28300988325579,195,-0.36,-0.29,27,COMPLETE
55.7,26.8,199.0,57,0,2.5,31.28300988325579,200,-0.45,-0.42,22,COMPLETE
54.8,25.7,143.0,54,0,2.5,31.28300988325579,205,-0.91,-0.96,17,COMPLETE
53.5,25.6,116.0,57,0,2.5,31.28300988325579,210,-1.48,-0.51,12,COMPLETE
51.8,25.1,31.0,57,0,2.5,31.28300988325579,215,-1.83,-1.68,7,COMPLETE
51.0,23.3,1.0,54,0,2.5,31.28300988325579,220,-1.52,-2.39,2,COMPLETE
33.8,71.5,0.0,40,1,2.5,29.584675352401163,0,0.13,-0.58,353,INITIAL
38.3,69.1,31.0,51,1,2.5,29.584675352401163,5,4.23,-1.71,348,INITIAL
43.2,68.2,107.0,59,1,2.5,29.584675352401163,10,4.3,-1.17,343,ACTIVE_DRYING
46.5,65.4,149.0,83,1,2.5,29.584675352401163,15,2.73,-2.89,338,ACTIVE_DRYING
49.9,63.3,181.0,85,1,2.5,29.584675352401163,20,4.09,-1.61,333,ACTIVE_DRYING
48.7,62.0,153.0,72,0,2.5,29.584675352401163,25,-1.24,-0.48,328,ACTIVE_DRYING
48.6,60.2,166.0,68,0,2.5,29.584675352401163,30,-0.5,-0.69,323,ACTIVE_DRYING
48.1,59.8,211.0,72,0,2.5,29.584675352401163,35,-1.08,0.36,318,ACTIVE_DRYING
51.8,58.3,285.0,69,1,2.5,29.584675352401163,40,4.17,-1.46,313,ACTIVE_DRYING
51.4,57.8,253.0,72,0,2.5,29.584675352401163,45,-0.31,-1.36,308,ACTIVE_DRYING
50.6,55.3,340.0,72,0,2.5,29.584675352401163,50,-0.56,-1.98,303,ACTIVE_DRYING
50.9,55.2,362.0,68,0,2.5,29.584675352401163,55,-0.06,0.24,298,ACTIVE_DRYING
50.4,54.2,408.0,71,0,2.5,29.584675352401163,60,-0.81,-1.82,293,ACTIVE_DRYING
50.7,52.0,399.0,71,0,2.5,29.584675352401163,65,-0.03,-1.76,288,ACTIVE_DRYING
50.0,51.0,452.0,72,0,2.5,29.584675352401163,70,-0.2,-1.21,283,ACTIVE_DRYING
50.4,49.7,426.0,70,0,2.5,29.584675352401163,75,0.45,-0.54,278,ACTIVE_DRYING
50.4,48.8,481.0,70,0,2.5,29.584675352401163,80,0.3,-0.74,273,ACTIVE_DRYING
51.2,47.2,534.0,72,0,2.5,29.584675352401163,85,1.02,-1.43,268,ACTIVE_DRYING
52.1,46.3,541.0,69,0,2.5,29.584675352401163,90,0.65,-0.92,263,ACTIVE_DRYING
51.7,44.8,571.0,69,0,2.5,29.584675352401163,95,0.15,-1.94,258,ACTIVE_DRYING
53.2,43.4,617.0,56,0,2.5,29.584675352401163,100,1.87,-1.65,253,ACTIVE_DRYING
54.1,42.1,610.0,55,0,2.5,29.584675352401163,105,0.82,-1.13,248,ACTIVE_DRYING
55.0,41.6,608.0,57,0,2.5,29.584675352401163,110,1.02,0.14,243,ACTIVE_DRYING
55.9,40.4,651.0,53,0,2.5,29.584675352401163,115,0.58,-1.91,238,ACTIVE_DRYING
57.3,39.8,664.0,57,0,2.5,29.584675352401163,120,1.18,-0.17,233,NEAR_COMPLETE
57.4,39.3,592.0,55,0,2.5,29.584675352401163,125,-0.11,-1.15,228,NEAR_COMPLETE
58.1,37.9,650.0,56,0,2.5,29.584675352401163,130,0.83,-1.18,223,NEAR_COMPLETE
57.9,36.5,707.0,53,0,2.5,29.584675352401163,135,-0.26,-2.02,218,NEAR_COMPLETE
58.0,35.7,724.0,56,0,2.5,29.584675352401163,140,0.26,-0.99,213,NEAR_COMPLETE
58.3,34.2,665.0,57,0,2.5,29.584675352401163,145,-0.1,-1.57,208,NEAR_COMPLETE
58.2,33.2,720.0,53,0,2.5,29.584675352401163,150,-0.23,-0.96,203,COMPLETE
57.7,32.3,787.0,54,0,2.5,29.584675352401163,155,-0.25,-0.59,198,COMPLETE
58.3,31.4,764.0,57,0,2.5,29.584675352401163,160,0.24,-1.33,193,COMPLETE
58.0,30.6,700.0,57,0,2.5,29.584675352401163,165,-0.43,-1.29,188,COMPLETE
58.2,28.6,737.0,55,0,2.5,29.584675352401163,170,-0.07,-2.88,183,COMPLETE
57.7,26.6,788.0,57,0,2.5,29.584675352401163,175,0.16,-1.1,178,COMPLETE
57.8,26.9,780.0,53,0,2.5,29.584675352401163,180,0.17,-0.96,173,COMPLETE
58.2,24.3,759.0,54,0,2.5,29.584675352401163,185,0.34,-0.88,168,COMPLETE
57.9,24.9,699.0,57,0,2.5,29.584675352401163,190,-0.09,-0.72,163,COMPLETE
58.3,23.3,755.0,55,0,2.5,29.584675352401163,195,-0.25,-0.65,158,COMPLETE
57.9,22.0,720.0,54,0,2.5,29.584675352401163,200,-0.28,-0.9,153,COMPLETE
58.1,21.0,781.0,54,0,2.5,29.584675352401163,205,0.45,-1.4,148,COMPLETE
58.3,19.1,689.0,53,0,2.5,29.584675352401163,210,-0.12,-1.35,143,COMPLETE
57.8,19.2,667.0,55,0,2.5,29.584675352401163,215,-0.05,0.1,138,COMPLETE
58.5,17.0,727.0,55,0,2.5,29.584675352401163,220,-0.17,-1.58,133,COMPLETE
58.1,18.6,654.0,53,0,2.5,29.584675352401163,225,-0.66,1.05,128,COMPLETE
58.0,18.3,651.0,53,0,2.5,29.584675352401163,230,-0.25,-0.45,123,COMPLETE
58.0,19.1,632.0,53,0,2.5,29.584675352401163,235,-0.13,0.2,118,COMPLETE
58.1,17.5,624.0,57,0,2.5,29.584675352401163,240,-0.43,-1.15,113,COMPLETE
57.7,17.5,602.0,57,0,2.5,29.584675352401163,245,-0.33,0.77,108,COMPLETE
57.8,17.5,599.0,56,0,2.5,29.584675352401163,250,0.08,0.32,103,COMPLETE
58.4,17.8,559.0,57,0,2.5,29.584675352401163,255,0.22,0.1,98,COMPLETE
58.4,18.3,558.0,56,0,2.5,29.584675352401163,260,-0.33,0.64,93,COMPLETE
58.1,18.6,558.0,56,0,2.5,29.584675352401163,265,-0.6,-0.46,88,COMPLETE
58.3,18.5,527.0,55,0,2.5,29.584675352401163,270,0.3,-0.34,83,COMPLETE
58.3,18.3,488.0,53,0,2.5,29.584675352401163,275,-0.21,-0.26,78,COMPLETE
58.2,18.6,440.0,57,0,2.5,29.584675352401163,280,0.01,-0.19,73,COMPLETE
57.7,16.7,476.0,54,0,2.5,29.584675352401163,285,-0.19,-0.12,68,COMPLETE
57.5,18.3,375.0,57,0,2.5,29.584675352401163,290,0.22,1.13,63,COMPLETE
57.6,18.3,374.0,55,0,2.5,29.584675352401163,295,0.02,-0.28,58,COMPLETE
56.9,18.0,311.0,57,0,2.5,29.584675352401163,300,-0.77,-0.26,53,COMPLETE
57.6,18.0,300.0,57,0,2.5,29.584675352401163,305,0.26,0.26,48,COMPLETE
56.8,18.1,325.0,54,0,2.5,29.584675352401163,310,-1.25,0.16,43,COMPLETE
55.2,17.9,241.0,56,0,2.5,29.584675352401163,315,-1.33,-0.21,38,COMPLETE
55.8,18.7,215.0,54,0,2.5,29.584675352401163,320,0.19,0.52,33,COMPLETE
53.9,18.0,176.0,54,0,2.5,29.584675352401163,325,-1.61,-0.89,28,COMPLETE
53.5,18.0,202.0,54,0,2.5,29.584675352401163,330,-0.46,0.15,23,COMPLETE
52.6,18.3,122.0,55,0,2.5,29.584675352401163,335,-1.0,0.24,18,COMPLETE
51.5,17.4,58.0,54,0,2.5,29.584675352401163,340,-1.14,-0.12,13,COMPLETE
50.4,17.5,25.0,55,0,2.5,29.584675352401163,345,-1.15,0.68,8,COMPLETE
49.5,17.6,28.0,56,0,2.5,29.584675352401163,350,-0.87,0.52,3,COMPLETE
32.9,73.5,13.0,41,1,2.0,30.142873180522706,0,0.14,-0.06,205,INITIAL
38.1,71.7,55.0,49,1,2.0,30.142873180522706,5,5.45,-1.78,200,INITIAL
42.6,70.2,135.0,59,1,2.0,30.142873180522706,10,3.8,-1.33,195,ACTIVE_DRYING
46.7,68.3,177.0,86,1,2.0,30.142873180522706,15,3.67,-2.25,190,ACTIVE_DRYING
50.1,66.3,175.0,86,1,2.0,30.142873180522706,20,3.49,-1.7,185,ACTIVE_DRYING
49.4,64.7,316.0,85,0,2.0,30.142873180522706,25,-0.69,-1.35,180,ACTIVE_DRYING
48.7,63.7,384.0,87,0,2.0,30.142873180522706,30,-0.44,-0.3,175,ACTIVE_DRYING
48.9,63.2,404.0,72,0,2.0,30.142873180522706,35,-0.24,-0.81,170,ACTIVE_DRYING
49.1,61.1,439.0,68,0,2.0,30.142873180522706,40,-0.21,-2.82,165,ACTIVE_DRYING
48.5,59.1,450.0,69,0,2.0,30.142873180522706,45,-0.31,-2.47,160,ACTIVE_DRYING
49.0,57.7,523.0,69,0,2.0,30.142873180522706,50,0.67,-0.97,155,ACTIVE_DRYING
49.4,55.9,572.0,70,0,2.0,30.142873180522706,55,0.5,-1.97,150,ACTIVE_DRYING
50.1,55.6,617.0,69,0,2.0,30.142873180522706,60,0.58,-0.04,145,ACTIVE_DRYING
51.5,54.6,688.0,70,0,2.0,30.142873180522706,65,0.28,-0.6,140,ACTIVE_DRYING
51.5,53.9,652.0,71,0,2.0,30.142873180522706,70,-0.17,-0.35,135,ACTIVE_DRYING
53.3,52.8,701.0,70,0,2.0,30.142873180522706,75,1.1,-1.45,130,ACTIVE_DRYING
53.6,51.2,689.0,68,0,2.0,30.142873180522706,80,0.18,-2.13,125,ACTIVE_DRYING
54.6,48.9,787.0,68,0,2.0,30.142873180522706,85,1.4,-2.5,120,ACTIVE_DRYING
55.3,47.1,708.0,70,0,2.0,30.142873180522706,90,1.15,-1.43,115,ACTIVE_DRYING
56.1,46.3,755.0,69,0,2.0,30.142873180522706,95,1.18,-1.38,110,ACTIVE_DRYING
56.8,44.8,746.0,71,0,2.0,30.142873180522706,100,0.81,-2.03,105,ACTIVE_DRYING
58.1,41.8,728.0,53,0,2.0,30.142873180522706,105,1.16,-2.67,100,ACTIVE_DRYING
57.9,40.3,742.0,54,0,2.0,30.142873180522706,110,-0.46,-0.15,95,ACTIVE_DRYING
58.3,39.9,712.0,55,0,2.0,30.142873180522706,115,0.38,-0.04,90,NEAR_COMPLETE
57.8,38.1,749.0,56,0,2.0,30.142873180522706,120,-0.31,-1.21,85,NEAR_COMPLETE
58.4,38.0,684.0,53,0,2.0,30.142873180522706,125,-0.05,-0.45,80,NEAR_COMPLETE
58.5,35.9,738.0,53,0,2.0,30.142873180522706,130,-0.58,-2.1,75,NEAR_COMPLETE
58.6,35.5,648.0,57,0,2.0,30.142873180522706,135,-0.58,-1.1,70,NEAR_COMPLETE
58.2,34.4,616.0,57,0,2.0,30.142873180522706,140,-0.56,-0.27,65,COMPLETE
58.1,33.3,547.0,57,0,2.0,30.142873180522706,145,-0.44,-0.77,60,COMPLETE
58.0,31.9,546.0,54,0,2.0,30.142873180522706,150,-0.19,-1.41,55,COMPLETE
57.5,30.9,509.0,56,0,2.0,30.142873180522706,155,-0.08,-1.89,50,COMPLETE
58.0,30.2,494.0,53,0,2.0,30.142873180522706,160,0.65,-1.21,45,COMPLETE
58.0,28.5,438.0,57,0,2.0,30.142873180522706,165,-0.2,-2.03,40,COMPLETE
57.9,27.7,378.0,53,0,2.0,30.142873180522706,170,-0.4,-0.65,35,COMPLETE
56.3,26.7,344.0,55,0,2.0,30.142873180522706,175,-0.79,-0.2,30,COMPLETE
56.1,26.3,312.0,56,0,2.0,30.142873180522706,180,-0.2,0.01,25,COMPLETE
54.8,25.2,195.0,54,0,2.0,30.142873180522706,185,-1.02,-1.16,20,COMPLETE
54.8,25.5,138.0,54,0,2.0,30.142873180522706,190,-0.23,-0.38,15,COMPLETE
53.4,24.4,164.0,55,0,2.0,30.142873180522706,195,-1.48,-1.34,10,COMPLETE
52.1,23.2,113.0,55,0,2.0,30.142873180522706,200,-0.84,-0.58,5,COMPLETE
50.9,23.2,41.0,55,0,2.0,30.142873180522706,205,-0.84,0.38,0,COMPLETE
34.0,71.9,5.0,39,1,2.0,32.87097492557107,0,-0.21,-0.34,188,INITIAL
38.8,70.3,104.0,50,1,2.0,32.87097492557107,5,4.66,-1.34,183,INITIAL
43.2,68.3,141.0,59,1,2.0,32.87097492557107,10,4.74,-1.19,178,ACTIVE_DRYING
47.4,65.8,170.0,87,1,2.0,32.87097492557107,15,4.46,-1.16,173,ACTIVE_DRYING
51.8,66.5,270.0,87,1,2.0,32.87097492557107,20,4.3,0.5,168,ACTIVE_DRYING
51.1,63.9,263.0,84,0,2.0,32.87097492557107,25,-0.72,-1.67,163,ACTIVE_DRYING
50.2,65.2,401.0,72,0,2.0,32.87097492557107,30,-0.88,-0.1,158,ACTIVE_DRYING
49.2,61.6,382.0,71,0,2.0,32.87097492557107,35,-0.75,-3.86,153,ACTIVE_DRYING
48.8,60.3,433.0,68,0,2.0,32.87097492557107,40,0.12,-1.26,148,ACTIVE_DRYING
49.6,59.6,497.0,68,0,2.0,32.87097492557107,45,0.6,-0.86,143,ACTIVE_DRYING
50.1,58.8,549.0,68,0,2.0,32.87097492557107,50,0.59,-1.4,138,ACTIVE_DRYING
50.6,56.4,537.0,69,0,2.0,32.87097492557107,55,0.62,-2.38,133,ACTIVE_DRYING
51.3,55.9,663.0,71,0,2.0,32.87097492557107,60,0.72,-0.77,128,ACTIVE_DRYING
52.6,54.1,672.0,68,0,2.0,32.87097492557107,65,0.96,-1.78,123,ACTIVE_DRYING
52.7,51.9,636.0,68,0,2.0,32.87097492557107,70,0.09,-1.75,118,ACTIVE_DRYING
53.6,51.9,695.0,71,0,2.0,32.87097492557107,75,0.36,-0.38,113,ACTIVE_DRYING
54.5,50.0,716.0,70,0,2.0,32.87097492557107,80,0.93,-1.79,108,ACTIVE_DRYING
55.9,47.8,716.0,69,0,2.0,32.87097492557107,85,0.64,-2.09,103,ACTIVE_DRYING
56.1,46.9,720.0,69,0,2.0,32.87097492557107,90,0.04,-1.3,98,ACTIVE_DRYING
56.9,45.4,711.0,72,0,2.0,32.87097492557107,95,1.03,-1.63,93,ACTIVE_DRYING
57.9,43.1,745.0,69,0,2.0,32.87097492557107,100,0.87,-2.35,88,ACTIVE_DRYING
57.6,43.0,723.0,57,0,2.0,32.87097492557107,105,-0.06,-0.92,83,STABILIZING
58.5,42.4,698.0,56,0,2.0,32.87097492557107,110,0.29,-2.33,78,STABILIZING
58.0,38.3,685.0,54,0,2.0,32.87097492557107,115,-0.15,-3.45,73,STABILIZING
58.0,38.1,674.0,54,0,2.0,32.87097492557107,120,0.2,0.69,68,STABILIZING
57.7,37.5,680.0,55,0,2.0,32.87097492557107,125,-0.18,-0.28,63,STABILIZING
57.8,37.2,626.0,54,0,2.0,32.87097492557107,130,0.09,-0.89,58,STABILIZING
58.7,36.1,546.0,56,0,2.0,32.87097492557107,135,0.11,-0.3,53,STABILIZING
58.0,35.4,519.0,55,0,2.0,32.87097492557107,140,-0.77,-0.17,48,NEAR_COMPLETE
57.9,34.9,550.0,55,0,2.0,32.87097492557107,145,-0.16,-0.38,43,NEAR_COMPLETE
58.1,34.0,415.0,57,0,2.0,32.87097492557107,150,0.22,-0.13,38,NEAR_COMPLETE
58.1,33.8,427.0,53,0,2.0,32.87097492557107,155,-0.01,-0.69,33,NEAR_COMPLETE
57.1,32.4,246.0,55,0,2.0,32.87097492557107,160,-0.58,-0.82,28,NEAR_COMPLETE
57.5,31.2,277.0,55,0,2.0,32.87097492557107,165,-0.1,-1.18,23,NEAR_COMPLETE
56.0,31.2,266.0,56,0,2.0,32.87097492557107,170,-1.33,-0.02,18,NEAR_COMPLETE
55.9,29.4,181.0,56,0,2.0,32.87097492557107,175,-0.17,-1.2,13,COMPLETE
54.3,28.8,102.0,55,0,2.0,32.87097492557107,180,-1.61,-0.16,8,COMPLETE
52.8,27.5,32.0,55,0,2.0,32.87097492557107,185,-1.39,-1.26,3,COMPLETE
32.9,72.8,15.0,41,1,1.3,30.833996147188557,0,0.29,0.13,289,INITIAL
38.1,71.3,39.0,51,1,1.3,30.833996147188557,5,5.02,-1.98,284,INITIAL
41.8,70.0,98.0,58,1,1.3,30.833996147188557,10,4.36,-1.89,279,ACTIVE_DRYING
46.2,67.4,134.0,85,1,1.3,30.833996147188557,15,4.43,-3.0,274,ACTIVE_DRYING
49.8,64.3,180.0,87,1,1.3,30.833996147188557,20,3.72,-2.07,269,ACTIVE_DRYING
48.4,64.3,187.0,87,0,1.3,30.833996147188557,25,-1.1,0.31,264,ACTIVE_DRYING
48.6,63.2,220.0,70,0,1.3,30.833996147188557,30,0.0,-0.99,259,ACTIVE_DRYING
47.8,62.2,259.0,68,0,1.3,30.833996147188557,35,-0.33,-0.61,254,ACTIVE_DRYING
47.8,61.5,349.0,72,0,1.3,30.833996147188557,40,-0.36,-0.75,249,ACTIVE_DRYING
52.6,59.4,333.0,71,1,1.3,30.833996147188557,45,4.65,-1.86,244,ACTIVE_DRYING
51.9,58.2,377.0,70,0,1.3,30.833996147188557,50,-1.07,-1.2,239,ACTIVE_DRYING
51.6,57.2,390.0,71,0,1.3,30.833996147188557,55,-0.71,-1.23,234,ACTIVE_DRYING
51.8,56.1,482.0,69,0,1.3,30.833996147188557,60,0.56,-1.1,229,ACTIVE_DRYING
52.2,55.3,507.0,70,0,1.3,30.833996147188557,65,-0.23,-0.62,224,ACTIVE_DRYING
52.7,52.4,561.0,71,0,1.3,30.833996147188557,70,0.03,-2.38,219,ACTIVE_DRYING
52.2,52.2,519.0,69,0,1.3,30.833996147188557,75,-0.22,-1.09,214,ACTIVE_DRYING
52.4,49.9,618.0,68,0,1.3,30.833996147188557,80,0.77,-2.27,209,ACTIVE_DRYING
52.9,49.2,581.0,72,0,1.3,30.833996147188557,85,0.35,-1.88,204,ACTIVE_DRYING
54.0,47.8,644.0,70,0,1.3,30.833996147188557,90,1.16,-2.01,199,ACTIVE_DRYING
55.2,46.2,650.0,68,0,1.3,30.833996147188557,95,0.81,-1.52,194,ACTIVE_DRYING
55.7,44.8,683.0,68,0,1.3,30.833996147188557,100,0.99,-0.26,189,ACTIVE_DRYING
57.8,43.7,744.0,70,0,1.3,30.833996147188557,105,1.24,-0.59,184,ACTIVE_DRYING
58.4,43.4,728.0,57,0,1.3,30.833996147188557,110,0.27,0.09,179,ACTIVE_DRYING
58.6,41.6,732.0,57,0,1.3,30.833996147188557,115,-0.61,-1.88,174,ACTIVE_DRYING
57.6,40.1,762.0,53,0,1.3,30.833996147188557,120,-0.67,-0.44,169,ACTIVE_DRYING
57.9,40.0,739.0,57,0,1.3,30.833996147188557,125,0.39,-0.21,164,NEAR_COMPLETE
57.9,37.8,695.0,54,0,1.3,30.833996147188557,130,-0.02,-2.44,159,NEAR_COMPLETE
58.0,36.9,758.0,53,0,1.3,30.833996147188557,135,-0.11,-0.62,154,NEAR_COMPLETE
58.1,36.3,752.0,54,0,1.3,30.833996147188557,140,0.07,-1.2,149,NEAR_COMPLETE
57.9,34.9,773.0,55,0,1.3,30.833996147188557,145,-0.37,-2.66,144,NEAR_COMPLETE
57.8,33.8,708.0,54,0,1.3,30.833996147188557,150,0.28,-0.61,139,NEAR_COMPLETE
58.1,33.2,791.0,56,0,1.3,30.833996147188557,155,0.58,-0.56,134,COMPLETE
58.0,32.9,754.0,54,0,1.3,30.833996147188557,160,0.04,-1.15,129,COMPLETE
57.8,31.3,747.0,57,0,1.3,30.833996147188557,165,0.06,-2.68,124,COMPLETE
58.2,30.5,748.0,56,0,1.3,30.833996147188557,170,0.2,-1.74,119,COMPLETE
57.8,29.5,735.0,53,0,1.3,30.833996147188557,175,0.11,-1.61,114,COMPLETE
58.4,28.8,690.0,53,0,1.3,30.833996147188557,180,0.16,-0.92,109,COMPLETE
58.3,27.3,673.0,55,0,1.3,30.833996147188557,185,-0.22,-1.38,104,COMPLETE
57.8,26.7,663.0,54,0,1.3,30.833996147188557,190,-0.33,-0.05,99,COMPLETE
58.3,25.1,595.0,56,0,1.3,30.833996147188557,195,-0.16,-0.96,94,COMPLETE
58.2,24.1,652.0,55,0,1.3,30.833996147188557,200,-0.58,-0.78,89,COMPLETE
58.0,24.3,576.0,53,0,1.3,30.833996147188557,205,-0.46,-0.22,84,COMPLETE
58.0,23.8,533.0,54,0,1.3,30.833996147188557,210,0.27,-0.7,79,COMPLETE
58.1,23.0,576.0,56,0,1.3,30.833996147188557,215,0.02,-0.51,74,COMPLETE
57.8,21.8,490.0,53,0,1.3,30.833996147188557,220,-0.3,-0.73,69,COMPLETE
57.6,22.1,464.0,55,0,1.3,30.833996147188557,225,-0.26,0.8,64,COMPLETE
57.7,22.0,447.0,54,0,1.3,30.833996147188557,230,0.4,-0.13,59,COMPLETE
57.4,22.0,412.0,55,0,1.3,30.833996147188557,235,0.11,0.11,54,COMPLETE
57.4,21.6,376.0,55,0,1.3,30.833996147188557,240,0.16,-1.45,49,COMPLETE
57.1,21.2,337.0,54,0,1.3,30.833996147188557,245,-0.43,-0.5,44,COMPLETE
56.5,19.7,280.0,57,0,1.3,30.833996147188557,250,-0.21,-0.9,39,COMPLETE
56.8,19.4,238.0,53,0,1.3,30.833996147188557,255,-0.0,0.54,34,COMPLETE
55.5,19.5,237.0,55,0,1.3,30.833996147188557,260,-1.2,0.23,29,COMPLETE
55.2,19.9,248.0,53,0,1.3,30.833996147188557,265,-0.42,-0.1,24,COMPLETE
54.0,19.2,107.0,53,0,1.3,30.833996147188557,270,-0.99,-0.81,19,COMPLETE
53.2,17.8,117.0,56,0,1.3,30.833996147188557,275,-0.64,-1.55,14,COMPLETE
53.0,17.8,118.0,55,0,1.3,30.833996147188557,280,-1.1,0.5,9,COMPLETE
51.3,19.1,25.0,56,0,1.3,30.833996147188557,285,-1.99,0.07,4,COMPLETE
35.6,70.8,13.0,40,1,2.3,37.593559407545506,0,0.18,0.33,206,INITIAL
40.2,70.3,27.0,51,1,2.3,37.593559407545506,5,4.82,-1.04,201,INITIAL
44.4,68.0,88.0,60,1,2.3,37.593559407545506,10,4.23,-1.68,196,ACTIVE_DRYING
48.5,66.9,173.0,85,1,2.3,37.593559407545506,15,3.78,-0.65,191,ACTIVE_DRYING
46.9,64.6,187.0,87,0,2.3,37.593559407545506,20,-2.04,-1.51,186,ACTIVE_DRYING
50.9,65.1,305.0,85,1,2.3,37.593559407545506,25,3.89,0.15,181,ACTIVE_DRYING
51.1,62.1,361.0,68,0,2.3,37.593559407545506,30,0.08,-2.49,176,ACTIVE_DRYING
50.2,61.9,357.0,70,0,2.3,37.593559407545506,35,-0.83,0.7,171,ACTIVE_DRYING
50.6,61.5,466.0,68,0,2.3,37.593559407545506,40,0.07,-0.32,166,ACTIVE_DRYING
50.7,60.3,492.0,69,0,2.3,37.593559407545506,45,0.4,-1.33,161,ACTIVE_DRYING
51.5,59.1,521.0,71,0,2.3,37.593559407545506,50,0.97,-1.11,156,ACTIVE_DRYING
52.0,58.7,507.0,72,0,2.3,37.593559407545506,55,0.06,-1.52,151,ACTIVE_DRYING
52.6,57.6,588.0,72,0,2.3,37.593559407545506,60,0.25,-1.89,146,ACTIVE_DRYING
52.7,56.1,619.0,68,0,2.3,37.593559407545506,65,0.73,-1.35,141,ACTIVE_DRYING
54.5,54.8,667.0,71,0,2.3,37.593559407545506,70,1.83,-1.24,136,ACTIVE_DRYING
55.1,52.9,707.0,72,0,2.3,37.593559407545506,75,0.36,-2.84,131,ACTIVE_DRYING
56.0,51.2,728.0,70,0,2.3,37.593559407545506,80,0.47,-1.95,126,ACTIVE_DRYING
57.7,49.4,703.0,69,0,2.3,37.593559407545506,85,1.19,-1.54,121,ACTIVE_DRYING
58.3,48.5,751.0,71,0,2.3,37.593559407545506,90,0.01,-1.41,116,ACTIVE_DRYING
58.2,47.9,714.0,71,0,2.3,37.593559407545506,95,-0.3,-1.23,111,ACTIVE_DRYING
58.0,46.3,731.0,71,0,2.3,37.593559407545506,100,-0.16,-2.25,106,ACTIVE_DRYING
58.0,45.8,757.0,68,0,2.3,37.593559407545506,105,-0.2,-0.97,101,ACTIVE_DRYING
57.8,44.4,776.0,70,0,2.3,37.593559407545506,110,-0.66,-1.57,96,ACTIVE_DRYING
58.1,42.8,748.0,56,0,2.3,37.593559407545506,115,0.74,-1.39,91,STABILIZING
57.6,42.0,742.0,56,0,2.3,37.593559407545506,120,-0.51,-1.41,86,STABILIZING
58.2,39.4,714.0,57,0,2.3,37.593559407545506,125,0.55,-1.97,81,STABILIZING
58.0,38.8,693.0,55,0,2.3,37.593559407545506,130,0.03,-0.97,76,STABILIZING
58.4,36.7,672.0,57,0,2.3,37.593559407545506,135,-0.06,-1.29,71,STABILIZING
57.5,36.1,644.0,55,0,2.3,37.593559407545506,140,-0.5,-0.18,66,NEAR_COMPLETE
58.7,35.1,605.0,57,0,2.3,37.593559407545506,145,0.64,-0.75,61,NEAR_COMPLETE
58.1,34.1,604.0,57,0,2.3,37.593559407545506,150,-0.51,-0.99,56,NEAR_COMPLETE
58.7,33.6,493.0,55,0,2.3,37.593559407545506,155,0.01,-1.12,51,NEAR_COMPLETE
57.6,31.5,502.0,56,0,2.3,37.593559407545506,160,-0.86,-2.53,46,NEAR_COMPLETE
57.9,28.9,447.0,55,0,2.3,37.593559407545506,165,0.21,-2.63,41,NEAR_COMPLETE
57.7,26.6,353.0,57,0,2.3,37.593559407545506,170,-0.02,-1.6,36,COMPLETE
57.7,26.8,325.0,54,0,2.3,37.593559407545506,175,0.0,0.18,31,COMPLETE
56.9,27.8,290.0,54,0,2.3,37.593559407545506,180,-0.66,0.13,26,COMPLETE
57.2,25.6,238.0,53,0,2.3,37.593559407545506,185,-0.43,-1.97,21,COMPLETE
55.7,25.0,192.0,54,0,2.3,37.593559407545506,190,-1.77,-0.61,16,COMPLETE
54.6,24.4,141.0,53,0,2.3,37.593559407545506,195,-0.81,-0.13,11,COMPLETE
53.0,24.2,96.0,57,0,2.3,37.593559407545506,200,-1.04,-0.29,6,COMPLETE
51.7,23.1,0.0,56,0,2.3,37.593559407545506,205,-1.51,-1.12,1,COMPLETE
36.2,73.4,8.0,38,1,1.1,38.761408618850254,0,-0.03,0.27,187,INITIAL
39.9,72.2,58.0,50,1,1.1,38.761408618850254,5,4.0,-1.48,182,INITIAL
43.7,71.1,136.0,60,1,1.1,38.761408618850254,10,4.12,-1.12,177,ACTIVE_DRYING
47.8,70.1,155.0,83,1,1.1,38.761408618850254,15,4.32,-1.11,172,ACTIVE_DRYING
47.3,69.4,280.0,83,0,1.1,38.761408618850254,20,-0.56,-0.99,167,ACTIVE_DRYING
50.8,67.3,221.0,87,1,1.1,38.761408618850254,25,3.7,-2.21,162,ACTIVE_DRYING
50.6,66.1,376.0,85,0,1.1,38.761408618850254,30,-0.48,-1.42,157,ACTIVE_DRYING
49.2,64.8,455.0,84,0,1.1,38.761408618850254,35,-0.59,-1.63,152,ACTIVE_DRYING
50.4,63.0,432.0,68,0,1.1,38.761408618850254,40,1.14,-1.42,147,ACTIVE_DRYING
51.1,61.7,530.0,72,0,1.1,38.761408618850254,45,0.42,-1.4,142,ACTIVE_DRYING
52.0,60.3,603.0,68,0,1.1,38.761408618850254,50,0.88,-1.25,137,ACTIVE_DRYING
52.8,58.9,651.0,72,0,1.1,38.761408618850254,55,0.07,-1.62,132,ACTIVE_DRYING
53.9,58.9,665.0,70,0,1.1,38.761408618850254,60,0.61,-0.73,127,ACTIVE_DRYING
55.4,56.6,695.0,70,0,1.1,38.761408618850254,65,1.01,-2.21,122,ACTIVE_DRYING
56.5,56.8,679.0,68,0,1.1,38.761408618850254,70,0.6,-0.62,117,ACTIVE_DRYING
57.6,54.9,750.0,70,0,1.1,38.761408618850254,75,1.01,-2.09,112,ACTIVE_DRYING
57.7,53.4,784.0,69,0,1.1,38.761408618850254,80,0.57,-1.2,107,ACTIVE_DRYING
58.2,52.2,755.0,72,0,1.1,38.761408618850254,85,0.17,-1.24,102,ACTIVE_DRYING
57.5,52.1,776.0,68,0,1.1,38.761408618850254,90,-0.05,-0.54,97,ACTIVE_DRYING
58.0,49.6,727.0,69,0,1.1,38.761408618850254,95,0.58,-2.03,92,ACTIVE_DRYING
57.9,48.7,787.0,69,0,1.1,38.761408618850254,100,0.04,-0.56,87,ACTIVE_DRYING
58.0,46.7,742.0,69,0,1.1,38.761408618850254,105,0.03,-1.77,82,STABILIZING
58.1,45.5,743.0,72,0,1.1,38.761408618850254,110,-0.06,-2.13,77,STABILIZING
57.7,42.9,692.0,69,0,1.1,38.761408618850254,115,0.04,-2.41,72,STABILIZING
58.0,43.0,723.0,53,0,1.1,38.761408618850254,120,0.03,0.88,67,NEAR_COMPLETE
58.1,42.4,636.0,57,0,1.1,38.761408618850254,125,-0.0,-0.87,62,NEAR_COMPLETE
58.1,39.6,610.0,54,0,1.1,38.761408618850254,130,0.09,-2.31,57,NEAR_COMPLETE
57.6,38.9,553.0,54,0,1.1,38.761408618850254,135,0.05,0.25,52,NEAR_COMPLETE
57.7,38.2,563.0,56,0,1.1,38.761408618850254,140,0.41,-0.68,47,NEAR_COMPLETE
58.4,36.3,472.0,56,0,1.1,38.761408618850254,145,0.11,-1.08,42,COMPLETE
58.6,36.5,362.0,54,0,1.1,38.761408618850254,150,-0.58,-0.14,37,COMPLETE
58.1,35.0,403.0,57,0,1.1,38.761408618850254,155,-0.96,-1.94,32,COMPLETE
57.7,34.0,389.0,53,0,1.1,38.761408618850254,160,-0.41,-0.88,27,COMPLETE
56.8,33.8,272.0,55,0,1.1,38.761408618850254,165,-0.7,-1.04,22,COMPLETE
56.6,32.3,182.0,54,0,1.1,38.761408618850254,170,-0.78,-1.81,17,COMPLETE
54.8,30.7,158.0,56,0,1.1,38.761408618850254,175,-1.31,-1.26,12,COMPLETE
54.3,30.0,70.0,54,0,1.1,38.761408618850254,180,-0.96,-1.41,7,COMPLETE
52.0,27.5,35.0,53,0,1.1,38.761408618850254,185,-2.21,-2.42,2,COMPLETE
34.8,72.9,12.0,42,1,2.7,28.002102319713522,0,-0.22,-0.49,280,INITIAL
39.4,70.9,52.0,48,1,2.7,28.002102319713522,5,4.4,-2.16,275,INITIAL
43.7,68.4,116.0,59,1,2.7,28.002102319713522,10,4.34,-1.78,270,ACTIVE_DRYING
46.9,66.8,105.0,85,1,2.7,28.002102319713522,15,3.65,-2.18,265,ACTIVE_DRYING
50.8,65.8,183.0,83,1,2.7,28.002102319713522,20,3.69,-1.38,260,ACTIVE_DRYING
49.7,64.6,206.0,86,0,2.7,28.002102319713522,25,-1.04,-1.52,255,ACTIVE_DRYING
49.4,62.8,219.0,68,0,2.7,28.002102319713522,30,-0.56,-2.59,250,ACTIVE_DRYING
49.4,59.4,263.0,69,0,2.7,28.002102319713522,35,0.03,-3.35,245,ACTIVE_DRYING
48.9,58.7,263.0,68,0,2.7,28.002102319713522,40,-0.41,-1.31,240,ACTIVE_DRYING
49.0,56.2,410.0,72,0,2.7,28.002102319713522,45,0.06,-1.95,235,ACTIVE_DRYING
48.9,55.8,385.0,69,0,2.7,28.002102319713522,50,-0.01,-1.0,230,ACTIVE_DRYING
48.4,53.7,448.0,69,0,2.7,28.002102319713522,55,0.01,-2.36,225,ACTIVE_DRYING
49.2,51.4,435.0,72,0,2.7,28.002102319713522,60,0.38,-1.77,220,ACTIVE_DRYING
48.6,49.5,468.0,72,0,2.7,28.002102319713522,65,-0.15,-0.84,215,ACTIVE_DRYING
49.9,49.1,598.0,71,0,2.7,28.002102319713522,70,1.14,-0.13,210,ACTIVE_DRYING
50.5,48.4,565.0,72,0,2.7,28.002102319713522,75,0.62,-1.12,205,ACTIVE_DRYING
50.3,46.6,548.0,69,0,2.7,28.002102319713522,80,0.12,-1.54,200,ACTIVE_DRYING
51.7,45.2,634.0,72,0,2.7,28.002102319713522,85,1.81,-1.56,195,ACTIVE_DRYING
52.7,44.2,644.0,71,0,2.7,28.002102319713522,90,0.86,-1.53,190,ACTIVE_DRYING
52.9,42.3,629.0,53,0,2.7,28.002102319713522,95,0.72,-0.87,185,ACTIVE_DRYING
54.6,41.5,690.0,56,0,2.7,28.002102319713522,100,1.63,-1.57,180,ACTIVE_DRYING
55.2,40.0,699.0,56,0,2.7,28.002102319713522,105,0.84,-1.28,175,ACTIVE_DRYING
56.6,38.4,626.0,57,0,2.7,28.002102319713522,110,0.97,-0.33,170,ACTIVE_DRYING
57.4,37.9,780.0,56,0,2.7,28.002102319713522,115,0.88,-0.52,165,ACTIVE_DRYING
58.2,36.8,731.0,56,0,2.7,28.002102319713522,120,0.66,-1.12,160,NEAR_COMPLETE
58.3,35.8,711.0,57,0,2.7,28.002102319713522,125,-0.03,-1.06,155,NEAR_COMPLETE
58.1,34.7,814.0,55,0,2.7,28.002102319713522,130,-0.13,-1.46,150,NEAR_COMPLETE
58.0,31.4,772.0,53,0,2.7,28.002102319713522,135,0.17,-2.19,145,NEAR_COMPLETE
57.6,31.2,783.0,55,0,2.7,28.002102319713522,140,-0.11,0.09,140,NEAR_COMPLETE
57.9,30.5,748.0,56,0,2.7,28.002102319713522,145,0.5,-0.35,135,NEAR_COMPLETE
57.7,28.8,730.0,56,0,2.7,28.002102319713522,150,-0.25,-0.82,130,COMPLETE
58.2,29.3,769.0,57,0,2.7,28.002102319713522,155,0.5,0.14,125,COMPLETE
58.0,27.7,765.0,53,0,2.7,28.002102319713522,160,-0.03,-1.32,120,COMPLETE
58.3,27.2,694.0,54,0,2.7,28.002102319713522,165,0.37,-0.5,115,COMPLETE
58.3,26.4,701.0,53,0,2.7,28.002102319713522,170,-0.51,-0.99,110,COMPLETE
57.6,24.6,710.0,53,0,2.7,28.002102319713522,175,-0.34,-1.41,105,COMPLETE
58.5,23.0,704.0,55,0,2.7,28.002102319713522,180,0.41,-1.11,100,COMPLETE
58.2,22.4,688.0,54,0,2.7,28.002102319713522,185,-0.48,-0.66,95,COMPLETE
57.4,22.7,646.0,53,0,2.7,28.002102319713522,190,-0.57,-0.27,90,COMPLETE
58.0,21.7,622.0,55,0,2.7,28.002102319713522,195,0.6,-0.75,85,COMPLETE
57.9,21.0,519.0,53,0,2.7,28.002102319713522,200,0.13,0.02,80,COMPLETE
58.4,19.5,576.0,53,0,2.7,28.002102319713522,205,-0.2,-0.18,75,COMPLETE
58.2,19.9,523.0,57,0,2.7,28.002102319713522,210,-0.7,0.52,70,COMPLETE
58.0,19.0,500.0,53,0,2.7,28.002102319713522,215,-0.7,-1.52,65,COMPLETE
57.9,19.2,506.0,57,0,2.7,28.002102319713522,220,0.04,-0.7,60,COMPLETE
57.5,17.8,399.0,55,0,2.7,28.002102319713522,225,-0.37,-0.83,55,COMPLETE
58.1,17.7,400.0,55,0,2.7,28.002102319713522,230,0.54,0.09,50,COMPLETE
57.3,18.4,274.0,54,0,2.7,28.002102319713522,235,-0.59,0.04,45,COMPLETE
56.4,19.1,293.0,53,0,2.7,28.002102319713522,240,-0.69,0.13,40,COMPLETE
55.4,18.3,290.0,53,0,2.7,28.002102319713522,245,-1.22,-0.97,35,COMPLETE
54.5,17.7,189.0,54,0,2.7,28.002102319713522,250,-1.07,-0.11,30,COMPLETE
53.9,17.9,212.0,57,0,2.7,28.002102319713522,255,-0.31,0.25,25,COMPLETE
53.0,18.5,179.0,53,0,2.7,28.002102319713522,260,-0.92,0.42,20,COMPLETE
51.3,18.1,112.0,56,0,2.7,28.002102319713522,265,-1.6,-1.19,15,COMPLETE
50.7,17.4,77.0,56,0,2.7,28.002102319713522,270,-1.24,-0.23,10,COMPLETE
48.4,17.8,12.0,53,0,2.7,28.002102319713522,275,-2.05,0.87,5,COMPLETE
47.9,18.8,90.0,56,0,2.7,28.002102319713522,280,-0.74,-0.3,0,COMPLETE
36.3,74.4,2.0,42,1,2.8,26.603865269105608,0,0.19,0.27,202,INITIAL
40.5,72.0,72.0,50,1,2.8,26.603865269105608,5,3.85,-1.94,197,INITIAL
44.8,69.8,89.0,59,1,2.8,26.603865269105608,10,4.01,-2.19,192,ACTIVE_DRYING
49.2,68.6,165.0,86,1,2.8,26.603865269105608,15,4.6,-1.75,187,ACTIVE_DRYING
47.4,66.7,243.0,83,0,2.8,26.603865269105608,20,-1.77,-1.06,182,ACTIVE_DRYING
51.7,64.6,252.0,84,1,2.8,26.603865269105608,25,3.84,-1.97,177,ACTIVE_DRYING
50.2,63.2,334.0,86,0,2.8,26.603865269105608,30,-1.46,-1.08,172,ACTIVE_DRYING
50.4,61.5,421.0,71,0,2.8,26.603865269105608,35,0.11,-1.25,167,ACTIVE_DRYING
50.8,59.3,481.0,68,0,2.8,26.603865269105608,40,0.14,-1.44,162,ACTIVE_DRYING
50.9,58.5,475.0,72,0,2.8,26.603865269105608,45,0.18,-0.92,157,ACTIVE_DRYING
50.9,55.9,481.0,71,0,2.8,26.603865269105608,50,-0.06,-1.67,152,ACTIVE_DRYING
51.2,56.5,527.0,69,0,2.8,26.603865269105608,55,0.41,-0.72,147,ACTIVE_DRYING
52.2,54.6,669.0,71,0,2.8,26.603865269105608,60,1.23,-2.56,142,ACTIVE_DRYING
53.5,52.4,639.0,68,0,2.8,26.603865269105608,65,0.94,-1.93,137,ACTIVE_DRYING
54.2,50.3,613.0,68,0,2.8,26.603865269105608,70,0.6,-1.65,132,ACTIVE_DRYING
54.4,49.4,680.0,68,0,2.8,26.603865269105608,75,0.38,-0.68,127,ACTIVE_DRYING
55.9,49.3,699.0,72,0,2.8,26.603865269105608,80,1.36,-0.14,122,ACTIVE_DRYING
56.7,47.3,761.0,70,0,2.8,26.603865269105608,85,0.9,-2.29,117,ACTIVE_DRYING
57.2,46.1,719.0,71,0,2.8,26.603865269105608,90,0.67,-0.97,112,ACTIVE_DRYING
57.6,44.5,638.0,72,0,2.8,26.603865269105608,95,0.57,-0.2,107,ACTIVE_DRYING
58.1,43.6,775.0,71,0,2.8,26.603865269105608,100,0.36,-1.81,102,ACTIVE_DRYING
57.9,40.9,748.0,56,0,2.8,26.603865269105608,105,-0.24,-2.3,97,ACTIVE_DRYING
58.0,40.3,779.0,54,0,2.8,26.603865269105608,110,0.03,-0.53,92,ACTIVE_DRYING
57.9,39.5,737.0,56,0,2.8,26.603865269105608,115,-0.07,-1.79,87,NEAR_COMPLETE
58.3,38.9,731.0,54,0,2.8,26.603865269105608,120,0.18,-1.59,82,NEAR_COMPLETE
57.5,37.5,726.0,54,0,2.8,26.603865269105608,125,-0.07,-1.87,77,NEAR_COMPLETE
58.0,36.3,675.0,56,0,2.8,26.603865269105608,130,0.21,-1.54,72,NEAR_COMPLETE
57.7,34.2,684.0,56,0,2.8,26.603865269105608,135,0.15,-1.72,67,NEAR_COMPLETE
57.7,33.9,651.0,53,0,2.8,26.603865269105608,140,-0.0,-0.44,62,NEAR_COMPLETE
58.1,33.4,581.0,55,0,2.8,26.603865269105608,145,0.27,-1.24,57,NEAR_COMPLETE
57.8,32.0,551.0,57,0,2.8,26.603865269105608,150,0.0,-1.99,52,NEAR_COMPLETE
58.0,30.0,480.0,53,0,2.8,26.603865269105608,155,0.27,-2.28,47,COMPLETE
58.3,28.9,483.0,53,0,2.8,26.603865269105608,160,-0.12,-1.27,42,COMPLETE
57.9,27.6,414.0,55,0,2.8,26.603865269105608,165,-0.38,-1.38,37,COMPLETE
57.6,28.1,440.0,57,0,2.8,26.603865269105608,170,0.06,0.48,32,COMPLETE
57.7,26.0,277.0,54,0,2.8,26.603865269105608,175,-0.14,-1.91,27,COMPLETE
57.3,25.4,296.0,57,0,2.8,26.603865269105608,180,-0.46,-0.88,22,COMPLETE
56.8,23.6,264.0,53,0,2.8,26.603865269105608,185,-0.22,-1.43,17,COMPLETE
55.1,23.0,121.0,56,0,2.8,26.603865269105608,190,-1.09,-0.4,12,COMPLETE
54.1,22.2,69.0,54,0,2.8,26.603865269105608,195,-0.75,-1.29,7,COMPLETE
52.5,21.4,0.0,55,0,2.8,26.603865269105608,200,-1.42,0.32,2,COMPLETE
35.9,72.9,0.0,41,1,2.6,30.71903759748416,0,-0.13,-0.23,334,INITIAL
40.0,72.0,0.0,51,1,2.6,30.71903759748416,5,4.67,-1.63,329,INITIAL
44.4,70.0,34.0,60,1,2.6,30.71903759748416,10,4.27,-2.05,324,ACTIVE_DRYING
48.7,69.5,87.0,83,1,2.6,30.71903759748416,15,3.56,-0.55,319,ACTIVE_DRYING
46.7,68.3,160.0,83,0,2.6,30.71903759748416,20,-1.7,-1.38,314,ACTIVE_DRYING
50.8,67.1,163.0,87,1,2.6,30.71903759748416,25,4.2,-1.96,309,ACTIVE_DRYING
50.4,65.1,204.0,85,0,2.6,30.71903759748416,30,-0.77,-2.11,304,ACTIVE_DRYING
49.1,63.7,259.0,69,0,2.6,30.71903759748416,35,-1.1,-1.45,299,ACTIVE_DRYING
47.7,62.7,249.0,71,0,2.6,30.71903759748416,40,-1.34,-1.3,294,ACTIVE_DRYING
47.6,60.9,294.0,71,0,2.6,30.71903759748416,45,-0.13,-0.8,289,ACTIVE_DRYING
52.1,59.5,315.0,71,1,2.6,30.71903759748416,50,4.79,-0.64,284,ACTIVE_DRYING
51.7,57.9,334.0,71,0,2.6,30.71903759748416,55,-0.19,-2.29,279,ACTIVE_DRYING
52.7,57.1,418.0,72,0,2.6,30.71903759748416,60,0.82,-0.84,274,ACTIVE_DRYING
52.1,54.4,393.0,69,0,2.6,30.71903759748416,65,-0.75,-2.08,269,ACTIVE_DRYING
52.3,52.5,416.0,68,0,2.6,30.71903759748416,70,-0.02,-1.33,264,ACTIVE_DRYING
52.4,52.9,481.0,70,0,2.6,30.71903759748416,75,0.09,0.91,259,ACTIVE_DRYING
53.2,52.0,510.0,69,0,2.6,30.71903759748416,80,0.49,-0.87,254,ACTIVE_DRYING
53.8,51.1,594.0,71,0,2.6,30.71903759748416,85,0.01,-0.91,249,ACTIVE_DRYING
53.2,50.0,537.0,70,0,2.6,30.71903759748416,90,0.09,-1.19,244,ACTIVE_DRYING
54.3,48.8,641.0,70,0,2.6,30.71903759748416,95,1.39,-1.47,239,ACTIVE_DRYING
55.2,47.2,585.0,70,0,2.6,30.71903759748416,100,0.69,-1.93,234,ACTIVE_DRYING
55.6,46.1,633.0,72,0,2.6,30.71903759748416,105,0.39,-1.25,229,ACTIVE_DRYING
55.6,44.9,644.0,72,0,2.6,30.71903759748416,110,0.41,-1.22,224,ACTIVE_DRYING
57.2,44.5,694.0,68,0,2.6,30.71903759748416,115,1.1,-0.87,219,ACTIVE_DRYING
57.8,43.2,687.0,54,0,2.6,30.71903759748416,120,0.72,-0.99,214,ACTIVE_DRYING
58.1,41.4,662.0,53,0,2.6,30.71903759748416,125,0.5,-1.47,209,ACTIVE_DRYING
57.5,41.8,689.0,57,0,2.6,30.71903759748416,130,-0.31,-0.06,204,ACTIVE_DRYING
58.0,40.7,730.0,55,0,2.6,30.71903759748416,135,0.77,-1.79,199,ACTIVE_DRYING
58.6,39.9,699.0,56,0,2.6,30.71903759748416,140,0.25,-1.08,194,ACTIVE_DRYING
57.6,39.2,767.0,54,0,2.6,30.71903759748416,145,-0.88,-1.0,189,ACTIVE_DRYING
58.2,38.0,758.0,54,0,2.6,30.71903759748416,150,0.4,-0.39,184,ACTIVE_DRYING
57.9,37.5,745.0,54,0,2.6,30.71903759748416,155,0.01,-0.29,179,ACTIVE_DRYING
58.2,36.4,758.0,55,0,2.6,30.71903759748416,160,0.39,-0.9,174,ACTIVE_DRYING
57.9,35.4,739.0,57,0,2.6,30.71903759748416,165,0.01,-1.34,169,ACTIVE_DRYING
57.7,32.8,755.0,54,0,2.6,30.71903759748416,170,-0.01,-1.78,164,NEAR_COMPLETE
58.4,33.0,764.0,57,0,2.6,30.71903759748416,175,0.46,0.33,159,NEAR_COMPLETE
58.6,31.8,762.0,54,0,2.6,30.71903759748416,180,-0.4,-0.44,154,NEAR_COMPLETE
57.8,31.0,729.0,56,0,2.6,30.71903759748416,185,-0.73,-0.73,149,NEAR_COMPLETE
58.0,30.0,731.0,57,0,2.6,30.71903759748416,190,0.01,-0.46,144,NEAR_COMPLETE
57.5,30.1,723.0,56,0,2.6,30.71903759748416,195,-0.02,-0.72,139,NEAR_COMPLETE
58.0,28.4,730.0,53,0,2.6,30.71903759748416,200,0.38,-1.68,134,NEAR_COMPLETE
57.4,27.7,711.0,53,0,2.6,30.71903759748416,205,-0.06,-0.92,129,NEAR_COMPLETE
58.3,26.8,689.0,53,0,2.6,30.71903759748416,210,0.48,-0.15,124,NEAR_COMPLETE
57.9,25.9,682.0,54,0,2.6,30.71903759748416,215,-0.27,-0.62,119,COMPLETE
58.0,26.1,619.0,54,0,2.6,30.71903759748416,220,0.16,0.11,114,COMPLETE
58.2,25.6,653.0,55,0,2.6,30.71903759748416,225,0.04,-0.77,109,COMPLETE
58.5,24.5,579.0,54,0,2.6,30.71903759748416,230,-0.19,-0.52,104,COMPLETE
57.8,25.1,579.0,54,0,2.6,30.71903759748416,235,-0.57,-0.45,99,COMPLETE
57.7,23.3,592.0,57,0,2.6,30.71903759748416,240,0.47,-1.29,94,COMPLETE
57.7,22.8,567.0,56,0,2.6,30.71903759748416,245,0.45,0.33,89,COMPLETE
58.1,22.8,513.0,55,0,2.6,30.71903759748416,250,0.1,0.74,84,COMPLETE
57.8,23.7,503.0,57,0,2.6,30.71903759748416,255,0.33,0.44,79,COMPLETE
57.7,22.9,437.0,55,0,2.6,30.71903759748416,260,0.07,-0.51,74,COMPLETE
58.0,23.8,433.0,54,0,2.6,30.71903759748416,265,0.08,-0.19,69,COMPLETE
58.0,21.4,405.0,54,0,2.6,30.71903759748416,270,-0.46,-1.25,64,COMPLETE
57.1,21.5,389.0,56,0,2.6,30.71903759748416,275,-0.56,0.53,59,COMPLETE
57.9,20.9,376.0,57,0,2.6,30.71903759748416,280,0.67,-0.81,54,COMPLETE
57.6,21.3,354.0,57,0,2.6,30.71903759748416,285,-0.35,-0.73,49,COMPLETE
56.9,20.3,288.0,56,0,2.6,30.71903759748416,290,-0.16,-1.21,44,COMPLETE
57.2,20.3,276.0,56,0,2.6,30.71903759748416,295,0.31,0.09,39,COMPLETE
56.7,18.9,247.0,56,0,2.6,30.71903759748416,300,-0.26,-1.72,34,COMPLETE
55.2,17.5,199.0,55,0,2.6,30.71903759748416,305,-1.17,-0.51,29,COMPLETE
54.8,18.5,128.0,56,0,2.6,30.71903759748416,310,-0.52,0.61,24,COMPLETE
54.1,18.3,109.0,57,0,2.6,30.71903759748416,315,-0.5,-0.46,19,COMPLETE
53.0,17.7,94.0,55,0,2.6,30.71903759748416,320,-1.55,-0.4,14,COMPLETE
51.1,17.7,52.0,55,0,2.6,30.71903759748416,325,-1.74,0.8,9,COMPLETE
49.8,17.7,0.0,53,0,2.6,30.71903759748416,330,-1.5,0.51,4,COMPLETE
35.0,75.1,0.0,38,1,1.2,30.091476489645633,0,0.07,-0.11,232,INITIAL
39.7,72.5,75.0,51,1,1.2,30.091476489645633,5,4.92,-1.37,227,INITIAL
43.9,71.9,106.0,60,1,1.2,30.091476489645633,10,4.1,-1.12,222,ACTIVE_DRYING
47.5,70.1,143.0,83,1,1.2,30.091476489645633,15,4.23,-1.74,217,ACTIVE_DRYING
46.5,67.4,173.0,85,0,1.2,30.091476489645633,20,-0.61,-2.2,212,ACTIVE_DRYING
51.2,67.3,312.0,83,1,1.2,30.091476489645633,25,4.06,-1.31,207,ACTIVE_DRYING
50.2,65.6,269.0,83,0,1.2,30.091476489645633,30,-1.32,-2.41,202,ACTIVE_DRYING
49.9,63.7,282.0,68,0,1.2,30.091476489645633,35,-0.56,-2.25,197,ACTIVE_DRYING
49.7,62.0,392.0,69,0,1.2,30.091476489645633,40,-0.02,-2.25,192,ACTIVE_DRYING
50.1,59.5,443.0,71,0,1.2,30.091476489645633,45,0.1,-1.61,187,ACTIVE_DRYING
50.8,59.5,473.0,69,0,1.2,30.091476489645633,50,0.13,-0.37,182,ACTIVE_DRYING
50.2,58.3,489.0,68,0,1.2,30.091476489645633,55,-0.57,-1.51,177,ACTIVE_DRYING
51.2,57.0,576.0,72,0,1.2,30.091476489645633,60,1.17,-1.4,172,ACTIVE_DRYING
51.6,56.2,538.0,68,0,1.2,30.091476489645633,65,0.42,-0.85,167,ACTIVE_DRYING
52.8,53.9,546.0,71,0,1.2,30.091476489645633,70,0.69,-1.76,162,ACTIVE_DRYING
53.3,53.7,663.0,71,0,1.2,30.091476489645633,75,0.4,-1.09,157,ACTIVE_DRYING
53.8,53.0,658.0,68,0,1.2,30.091476489645633,80,0.32,-0.83,152,ACTIVE_DRYING
55.2,51.0,670.0,68,0,1.2,30.091476489645633,85,1.37,-2.15,147,ACTIVE_DRYING
56.1,49.8,669.0,72,0,1.2,30.091476489645633,90,0.65,0.41,142,ACTIVE_DRYING
56.6,50.1,768.0,68,0,1.2,30.091476489645633,95,1.22,-0.58,137,ACTIVE_DRYING
58.1,47.2,793.0,69,0,1.2,30.091476489645633,100,1.19,-1.89,132,ACTIVE_DRYING
57.5,47.1,709.0,70,0,1.2,30.091476489645633,105,-0.28,-0.67,127,ACTIVE_DRYING
58.2,46.2,794.0,71,0,1.2,30.091476489645633,110,0.32,-1.79,122,ACTIVE_DRYING
58.2,43.3,749.0,68,0,1.2,30.091476489645633,115,-0.54,-1.61,117,ACTIVE_DRYING
57.6,43.6,771.0,54,0,1.2,30.091476489645633,120,-0.21,0.35,112,ACTIVE_DRYING
57.5,41.6,744.0,54,0,1.2,30.091476489645633,125,0.29,-1.56,107,ACTIVE_DRYING
57.7,40.7,717.0,55,0,1.2,30.091476489645633,130,0.29,-0.58,102,STABILIZING
58.0,39.9,745.0,56,0,1.2,30.091476489645633,135,0.24,-0.68,97,NEAR_COMPLETE
57.7,39.8,694.0,54,0,1.2,30.091476489645633,140,0.16,-0.61,92,NEAR_COMPLETE
57.4,38.6,705.0,54,0,1.2,30.091476489645633,145,0.11,-1.52,87,NEAR_COMPLETE
58.2,37.7,652.0,55,0,1.2,30.091476489645633,150,0.66,-1.19,82,NEAR_COMPLETE
58.2,36.8,616.0,57,0,1.2,30.091476489645633,155,0.02,-1.51,77,NEAR_COMPLETE
57.6,36.4,600.0,53,0,1.2,30.091476489645633,160,-0.48,-1.1,72,NEAR_COMPLETE
58.1,34.4,553.0,56,0,1.2,30.091476489645633,165,0.48,-0.79,67,NEAR_COMPLETE
58.1,34.7,564.0,55,0,1.2,30.091476489645633,170,-0.15,0.04,62,NEAR_COMPLETE
58.2,33.4,456.0,57,0,1.2,30.091476489645633,175,-0.24,-1.74,57,COMPLETE
58.4,31.7,486.0,54,0,1.2,30.091476489645633,180,-0.23,-1.51,52,COMPLETE
57.8,31.1,459.0,55,0,1.2,30.091476489645633,185,-0.54,-0.13,47,COMPLETE
57.4,29.8,392.0,55,0,1.2,30.091476489645633,190,0.07,-0.95,42,COMPLETE
56.8,29.0,308.0,57,0,1.2,30.091476489645633,195,-0.66,-0.73,37,COMPLETE
56.4,28.3,314.0,57,0,1.2,30.091476489645633,200,-0.32,-0.74,32,COMPLETE
56.0,27.1,329.0,54,0,1.2,30.091476489645633,205,-0.28,-1.76,27,COMPLETE
55.5,25.8,202.0,56,0,1.2,30.091476489645633,210,-0.34,-0.22,22,COMPLETE
54.5,24.6,174.0,55,0,1.2,30.091476489645633,215,-1.07,0.3,17,COMPLETE
53.3,23.8,100.0,56,0,1.2,30.091476489645633,220,-1.02,0.8,12,COMPLETE
51.6,24.0,59.0,54,0,1.2,30.091476489645633,225,-1.17,-0.47,7,COMPLETE
51.0,22.8,0.0,56,0,1.2,30.091476489645633,230,-0.65,-2.48,2,COMPLETE
33.4,73.8,0.0,41,1,1.1,30.474421755018355,0,0.2,-0.2,273,INITIAL
37.8,72.5,1.0,48,1,1.1,30.474421755018355,5,4.27,-1.75,268,INITIAL
42.2,69.5,43.0,60,1,1.1,30.474421755018355,10,4.18,-2.57,263,ACTIVE_DRYING
45.1,68.6,106.0,86,1,1.1,30.474421755018355,15,3.28,-1.43,258,ACTIVE_DRYING
49.9,68.0,163.0,84,1,1.1,30.474421755018355,20,4.52,-0.89,253,ACTIVE_DRYING
48.8,66.2,216.0,87,0,1.1,30.474421755018355,25,-1.09,-1.89,248,ACTIVE_DRYING
47.6,64.0,293.0,85,0,1.1,30.474421755018355,30,-0.95,-1.41,243,ACTIVE_DRYING
53.1,63.5,348.0,70,1,1.1,30.474421755018355,35,4.86,-0.16,238,ACTIVE_DRYING
51.8,61.9,354.0,69,0,1.1,30.474421755018355,40,-1.05,-1.36,233,ACTIVE_DRYING
51.5,60.0,347.0,69,0,1.1,30.474421755018355,45,-0.28,-2.52,228,ACTIVE_DRYING
50.8,58.6,313.0,70,0,1.1,30.474421755018355,50,-0.6,-1.05,223,ACTIVE_DRYING
51.0,58.4,364.0,72,0,1.1,30.474421755018355,55,-0.52,0.62,218,ACTIVE_DRYING
50.8,57.4,479.0,69,0,1.1,30.474421755018355,60,0.04,-1.62,213,ACTIVE_DRYING
50.8,55.7,529.0,70,0,1.1,30.474421755018355,65,0.25,-1.61,208,ACTIVE_DRYING
51.6,54.5,590.0,69,0,1.1,30.474421755018355,70,1.16,-0.9,203,ACTIVE_DRYING
52.7,53.8,643.0,69,0,1.1,30.474421755018355,75,1.28,-0.83,198,ACTIVE_DRYING
52.8,53.2,608.0,70,0,1.1,30.474421755018355,80,-0.09,-1.9,193,ACTIVE_DRYING
53.3,50.0,563.0,69,0,1.1,30.474421755018355,85,0.67,-3.02,188,ACTIVE_DRYING
54.3,49.5,663.0,69,0,1.1,30.474421755018355,90,0.68,-1.11,183,ACTIVE_DRYING
55.3,46.7,692.0,70,0,1.1,30.474421755018355,95,0.98,-3.07,178,ACTIVE_DRYING
56.4,45.3,700.0,71,0,1.1,30.474421755018355,100,1.05,-1.18,173,ACTIVE_DRYING
57.1,45.2,727.0,69,0,1.1,30.474421755018355,105,0.83,-0.2,168,ACTIVE_DRYING
58.6,43.2,706.0,56,0,1.1,30.474421755018355,110,1.16,-2.34,163,ACTIVE_DRYING
58.3,41.6,731.0,55,0,1.1,30.474421755018355,115,-0.52,-2.06,158,ACTIVE_DRYING
57.8,40.8,722.0,57,0,1.1,30.474421755018355,120,-0.33,-0.8,153,ACTIVE_DRYING
58.6,40.1,799.0,57,0,1.1,30.474421755018355,125,0.07,-0.62,148,ACTIVE_DRYING
57.7,37.8,722.0,57,0,1.1,30.474421755018355,130,-1.04,-1.75,143,ACTIVE_DRYING
58.1,38.7,766.0,57,0,1.1,30.474421755018355,135,0.14,0.46,138,ACTIVE_DRYING
57.5,35.3,789.0,56,0,1.1,30.474421755018355,140,0.09,-2.2,133,ACTIVE_DRYING
58.5,35.9,739.0,56,0,1.1,30.474421755018355,145,0.72,-0.27,128,ACTIVE_DRYING
58.3,34.5,789.0,53,0,1.1,30.474421755018355,150,-0.65,-1.9,123,NEAR_COMPLETE
58.1,33.1,745.0,53,0,1.1,30.474421755018355,155,-0.23,-1.52,118,NEAR_COMPLETE
58.1,31.8,743.0,54,0,1.1,30.474421755018355,160,0.09,-0.78,113,NEAR_COMPLETE
57.6,33.1,787.0,56,0,1.1,30.474421755018355,165,-0.37,0.09,108,NEAR_COMPLETE
58.2,32.6,713.0,54,0,1.1,30.474421755018355,170,0.42,-2.03,103,NEAR_COMPLETE
58.2,29.7,711.0,57,0,1.1,30.474421755018355,175,-0.18,-2.2,98,NEAR_COMPLETE
58.2,31.2,691.0,53,0,1.1,30.474421755018355,180,-0.22,0.33,93,NEAR_COMPLETE
58.2,30.8,648.0,57,0,1.1,30.474421755018355,185,-0.11,-0.01,88,NEAR_COMPLETE
58.4,29.4,592.0,57,0,1.1,30.474421755018355,190,-0.21,-1.18,83,COMPLETE
58.3,29.6,574.0,55,0,1.1,30.474421755018355,195,-0.39,-0.42,78,COMPLETE
58.1,27.9,557.0,55,0,1.1,30.474421755018355,200,-0.25,-2.22,73,COMPLETE
57.8,28.2,469.0,56,0,1.1,30.474421755018355,205,-0.42,0.07,68,COMPLETE
58.5,28.1,486.0,56,0,1.1,30.474421755018355,210,0.32,-1.12,63,COMPLETE
57.9,25.9,455.0,54,0,1.1,30.474421755018355,215,-0.76,-2.34,58,COMPLETE
57.5,25.7,416.0,53,0,1.1,30.474421755018355,220,-0.51,-0.09,53,COMPLETE
57.6,25.9,439.0,55,0,1.1,30.474421755018355,225,-0.15,-0.86,48,COMPLETE
57.8,24.7,380.0,56,0,1.1,30.474421755018355,230,0.12,-1.21,43,COMPLETE
57.5,23.1,310.0,54,0,1.1,30.474421755018355,235,-0.68,-1.14,38,COMPLETE
56.3,22.3,296.0,54,0,1.1,30.474421755018355,240,-0.75,-0.93,33,COMPLETE
55.7,22.5,239.0,57,0,1.1,30.474421755018355,245,0.37,0.0,28,COMPLETE
55.6,21.1,213.0,53,0,1.1,30.474421755018355,250,-0.34,-1.89,23,COMPLETE
54.8,19.9,214.0,54,0,1.1,30.474421755018355,255,-1.27,-0.94,18,COMPLETE
53.4,19.2,97.0,57,0,1.1,30.474421755018355,260,-1.8,-0.6,13,COMPLETE
52.1,18.4,60.0,56,0,1.1,30.474421755018355,265,-1.45,0.22,8,COMPLETE
50.9,18.9,0.0,55,0,1.1,30.474421755018355,270,-1.37,0.48,3,COMPLETE
32.3,71.5,0.0,40,1,2.3,25.29552648214331,0,-0.51,0.05,220,INITIAL
37.2,68.6,80.0,48,1,2.3,25.29552648214331,5,5.06,-2.32,215,INITIAL
41.3,67.9,116.0,61,1,2.3,25.29552648214331,10,3.79,-0.52,210,ACTIVE_DRYING
44.8,67.0,148.0,85,1,2.3,25.29552648214331,15,4.02,-1.62,205,ACTIVE_DRYING
49.2,64.8,179.0,83,1,2.3,25.29552648214331,20,4.16,-2.36,200,ACTIVE_DRYING
49.6,63.0,290.0,72,0,2.3,25.29552648214331,25,0.02,-2.33,195,ACTIVE_DRYING
49.2,62.0,269.0,69,0,2.3,25.29552648214331,30,-1.27,-1.76,190,ACTIVE_DRYING
48.3,60.6,348.0,72,0,2.3,25.29552648214331,35,-0.92,-2.16,185,ACTIVE_DRYING
47.5,57.8,392.0,72,0,2.3,25.29552648214331,40,-0.59,-2.4,180,ACTIVE_DRYING
47.8,56.8,401.0,72,0,2.3,25.29552648214331,45,0.05,-1.02,175,ACTIVE_DRYING
47.9,55.1,497.0,71,0,2.3,25.29552648214331,50,-0.16,-1.59,170,ACTIVE_DRYING
48.3,54.2,506.0,70,0,2.3,25.29552648214331,55,0.76,-0.94,165,ACTIVE_DRYING
48.6,52.9,556.0,69,0,2.3,25.29552648214331,60,0.71,-1.73,160,ACTIVE_DRYING
48.8,51.5,592.0,71,0,2.3,25.29552648214331,65,0.08,-1.41,155,ACTIVE_DRYING
50.4,50.2,648.0,69,0,2.3,25.29552648214331,70,0.99,-0.89,150,ACTIVE_DRYING
50.6,49.2,642.0,70,0,2.3,25.29552648214331,75,0.38,-1.7,145,ACTIVE_DRYING
52.0,48.0,645.0,69,0,2.3,25.29552648214331,80,0.78,-1.62,140,ACTIVE_DRYING
53.5,46.0,726.0,70,0,2.3,25.29552648214331,85,0.86,-2.26,135,ACTIVE_DRYING
53.7,44.5,727.0,72,0,2.3,25.29552648214331,90,0.37,-1.57,130,ACTIVE_DRYING
55.4,42.7,719.0,54,0,2.3,25.29552648214331,95,1.6,-1.69,125,ACTIVE_DRYING
56.6,41.6,788.0,57,0,2.3,25.29552648214331,100,0.69,-1.4,120,ACTIVE_DRYING
57.9,39.2,748.0,57,0,2.3,25.29552648214331,105,1.01,-2.29,115,ACTIVE_DRYING
58.1,39.0,740.0,56,0,2.3,25.29552648214331,110,-0.14,-0.28,110,ACTIVE_DRYING
57.8,37.6,702.0,55,0,2.3,25.29552648214331,115,0.25,-1.37,105,ACTIVE_DRYING
57.9,36.8,722.0,56,0,2.3,25.29552648214331,120,0.04,-1.25,100,ACTIVE_DRYING
58.3,35.6,783.0,53,0,2.3,25.29552648214331,125,0.32,-1.47,95,STABILIZING
58.3,34.4,703.0,55,0,2.3,25.29552648214331,130,-0.47,-1.4,90,STABILIZING
58.1,33.9,700.0,55,0,2.3,25.29552648214331,135,-0.35,0.45,85,NEAR_COMPLETE
57.9,33.9,676.0,54,0,2.3,25.29552648214331,140,-0.23,-1.15,80,NEAR_COMPLETE
58.0,30.9,658.0,54,0,2.3,25.29552648214331,145,-0.05,-2.61,75,NEAR_COMPLETE
58.2,30.9,584.0,55,0,2.3,25.29552648214331,150,-0.04,-0.32,70,NEAR_COMPLETE
58.0,29.5,616.0,57,0,2.3,25.29552648214331,155,-0.09,-1.29,65,NEAR_COMPLETE
58.1,28.8,564.0,55,0,2.3,25.29552648214331,160,0.23,-1.22,60,NEAR_COMPLETE
57.8,28.5,520.0,53,0,2.3,25.29552648214331,165,0.0,-0.98,55,NEAR_COMPLETE
57.8,27.7,518.0,53,0,2.3,25.29552648214331,170,0.04,-0.91,50,NEAR_COMPLETE
57.7,26.6,457.0,54,0,2.3,25.29552648214331,175,-0.05,-1.5,45,COMPLETE
58.0,25.5,390.0,57,0,2.3,25.29552648214331,180,0.5,-0.75,40,COMPLETE
57.5,23.3,362.0,54,0,2.3,25.29552648214331,185,-0.23,-0.95,35,COMPLETE
57.9,22.6,344.0,53,0,2.3,25.29552648214331,190,0.02,-0.12,30,COMPLETE
57.0,22.3,239.0,54,0,2.3,25.29552648214331,195,-0.79,-0.12,25,COMPLETE
55.6,22.0,213.0,54,0,2.3,25.29552648214331,200,-1.08,-0.81,20,COMPLETE
55.2,21.3,176.0,53,0,2.3,25.29552648214331,205,-0.58,-0.95,15,COMPLETE
53.5,21.0,46.0,56,0,2.3,25.29552648214331,210,-1.73,-0.51,10,COMPLETE
52.6,21.2,62.0,55,0,2.3,25.29552648214331,215,-0.83,-0.43,5,COMPLETE
51.7,21.1,0.0,57,0,2.3,25.29552648214331,220,-1.76,-0.45,0,COMPLETE
36.5,71.6,46.0,38,1,2.2,30.00028652439392,0,-0.1,0.48,247,INITIAL
40.8,69.6,58.0,51,1,2.2,30.00028652439392,5,3.96,-2.22,242,INITIAL
44.0,66.5,74.0,61,1,2.2,30.00028652439392,10,3.58,-2.16,237,ACTIVE_DRYING
48.6,65.9,127.0,86,1,2.2,30.00028652439392,15,3.71,-0.4,232,ACTIVE_DRYING
47.1,64.4,170.0,86,0,2.2,30.00028652439392,20,-1.6,-1.73,227,ACTIVE_DRYING
51.3,62.3,207.0,70,1,2.2,30.00028652439392,25,4.17,-2.45,222,ACTIVE_DRYING
50.5,61.1,246.0,69,0,2.2,30.00028652439392,30,-1.49,-1.08,217,ACTIVE_DRYING
49.5,58.7,306.0,68,0,2.2,30.00028652439392,35,-1.13,-1.76,212,ACTIVE_DRYING
49.2,58.7,323.0,68,0,2.2,30.00028652439392,40,0.09,-0.62,207,ACTIVE_DRYING
49.5,56.7,423.0,72,0,2.2,30.00028652439392,45,0.49,-1.23,202,ACTIVE_DRYING
49.7,56.0,419.0,70,0,2.2,30.00028652439392,50,0.38,-0.88,197,ACTIVE_DRYING
50.1,54.2,442.0,69,0,2.2,30.00028652439392,55,0.42,-1.35,192,ACTIVE_DRYING
51.1,53.8,531.0,69,0,2.2,30.00028652439392,60,0.86,-0.21,187,ACTIVE_DRYING
51.4,52.6,569.0,72,0,2.2,30.00028652439392,65,0.13,-0.57,182,ACTIVE_DRYING
52.6,52.9,575.0,68,0,2.2,30.00028652439392,70,0.77,-0.78,177,ACTIVE_DRYING
52.3,52.0,609.0,72,0,2.2,30.00028652439392,75,0.14,-1.63,172,ACTIVE_DRYING
53.3,49.5,607.0,72,0,2.2,30.00028652439392,80,0.63,-2.47,167,ACTIVE_DRYING
53.9,47.3,661.0,72,0,2.2,30.00028652439392,85,0.68,-2.01,162,ACTIVE_DRYING
55.4,46.4,674.0,69,0,2.2,30.00028652439392,90,1.06,-0.3,157,ACTIVE_DRYING
56.3,45.1,744.0,68,0,2.2,30.00028652439392,95,0.91,-0.79,152,ACTIVE_DRYING
57.1,44.4,727.0,71,0,2.2,30.00028652439392,100,0.32,-0.65,147,ACTIVE_DRYING
57.4,43.2,723.0,55,0,2.2,30.00028652439392,105,0.34,-0.91,142,NEAR_COMPLETE
58.2,41.4,714.0,53,0,2.2,30.00028652439392,110,0.74,-1.16,137,NEAR_COMPLETE
58.3,40.9,719.0,55,0,2.2,30.00028652439392,115,-0.19,-0.55,132,NEAR_COMPLETE
57.9,39.1,743.0,56,0,2.2,30.00028652439392,120,-0.42,-1.97,127,NEAR_COMPLETE
58.2,38.1,741.0,57,0,2.2,30.00028652439392,125,0.18,-1.69,122,NEAR_COMPLETE
58.9,36.4,777.0,53,0,2.2,30.00028652439392,130,-0.39,-1.42,117,NEAR_COMPLETE
58.2,36.4,732.0,57,0,2.2,30.00028652439392,135,-0.93,-0.52,112,COMPLETE
57.8,35.0,728.0,55,0,2.2,30.00028652439392,140,-0.31,-1.26,107,COMPLETE
58.0,34.0,699.0,55,0,2.2,30.00028652439392,145,0.29,-1.33,102,COMPLETE
57.8,33.0,723.0,57,0,2.2,30.00028652439392,150,0.09,-0.78,97,COMPLETE
58.2,32.4,702.0,53,0,2.2,30.00028652439392,155,0.05,-0.84,92,COMPLETE
58.1,30.8,688.0,54,0,2.2,30.00028652439392,160,-0.17,-0.76,87,COMPLETE
58.0,30.3,669.0,53,0,2.2,30.00028652439392,165,0.19,-0.69,82,COMPLETE
58.3,27.9,626.0,55,0,2.2,30.00028652439392,170,-0.23,-2.11,77,COMPLETE
58.5,27.3,637.0,57,0,2.2,30.00028652439392,175,-0.31,-0.11,72,COMPLETE
57.7,26.8,594.0,53,0,2.2,30.00028652439392,180,-0.62,-0.91,67,COMPLETE
57.5,25.1,553.0,54,0,2.2,30.00028652439392,185,0.56,-1.06,62,COMPLETE
58.0,24.6,432.0,54,0,2.2,30.00028652439392,190,0.56,-0.25,57,COMPLETE
58.1,23.9,454.0,55,0,2.2,30.00028652439392,195,0.06,-0.87,52,COMPLETE
57.9,22.8,413.0,56,0,2.2,30.00028652439392,200,-0.21,-0.75,47,COMPLETE
57.4,22.3,355.0,54,0,2.2,30.00028652439392,205,-0.14,0.0,42,COMPLETE
57.3,21.5,349.0,54,0,2.2,30.00028652439392,210,0.16,-0.95,37,COMPLETE
56.7,20.8,305.0,56,0,2.2,30.00028652439392,215,-0.71,0.2,32,COMPLETE
55.2,20.5,255.0,53,0,2.2,30.00028652439392,220,-1.15,-0.32,27,COMPLETE
55.5,19.5,246.0,54,0,2.2,30.00028652439392,225,0.03,-0.62,22,COMPLETE
54.6,18.8,187.0,57,0,2.2,30.00028652439392,230,-0.77,-0.83,17,COMPLETE
53.3,18.6,104.0,57,0,2.2,30.00028652439392,235,-1.44,-0.23,12,COMPLETE
51.9,17.6,83.0,55,0,2.2,30.00028652439392,240,-1.45,-0.66,7,COMPLETE
50.8,18.0,15.0,54,0,2.2,30.00028652439392,245,-1.63,0.18,2,COMPLETE
35.7,72.6,27.0,41,1,1.7,30.906275243276532,0,-0.38,0.19,320,INITIAL
40.2,71.4,71.0,52,1,1.7,30.906275243276532,5,4.46,-0.89,315,INITIAL
44.6,71.0,129.0,59,1,1.7,30.906275243276532,10,4.48,-1.22,310,ACTIVE_DRYING
47.8,69.1,114.0,85,1,1.7,30.906275243276532,15,3.18,-1.41,305,ACTIVE_DRYING
51.5,67.9,133.0,84,1,1.7,30.906275243276532,20,3.18,-1.33,300,ACTIVE_DRYING
50.4,67.7,166.0,85,0,1.7,30.906275243276532,25,-1.81,-1.62,295,ACTIVE_DRYING
48.3,64.3,252.0,86,0,1.7,30.906275243276532,30,-1.92,-3.79,290,ACTIVE_DRYING
47.5,63.5,255.0,71,0,1.7,30.906275243276532,35,-0.51,-1.87,285,ACTIVE_DRYING
52.2,61.8,266.0,69,1,1.7,30.906275243276532,40,4.41,-1.68,280,ACTIVE_DRYING
50.9,60.5,263.0,68,0,1.7,30.906275243276532,45,-1.24,-1.01,275,ACTIVE_DRYING
50.1,59.7,354.0,68,0,1.7,30.906275243276532,50,-1.01,-0.99,270,ACTIVE_DRYING
49.3,58.4,383.0,69,0,1.7,30.906275243276532,55,-0.47,-1.41,265,ACTIVE_DRYING
49.0,57.3,436.0,68,0,1.7,30.906275243276532,60,-0.18,-1.39,260,ACTIVE_DRYING
49.4,55.9,466.0,71,0,1.7,30.906275243276532,65,0.31,-1.3,255,ACTIVE_DRYING
49.8,54.8,454.0,70,0,1.7,30.906275243276532,70,0.29,-2.09,250,ACTIVE_DRYING
50.3,52.0,530.0,69,0,1.7,30.906275243276532,75,0.08,-2.02,245,ACTIVE_DRYING
50.4,52.1,500.0,68,0,1.7,30.906275243276532,80,-0.08,-0.45,240,ACTIVE_DRYING
50.6,50.3,494.0,69,0,1.7,30.906275243276532,85,0.35,-1.8,235,ACTIVE_DRYING
51.5,47.9,591.0,69,0,1.7,30.906275243276532,90,1.31,-1.96,230,ACTIVE_DRYING
51.0,47.6,562.0,69,0,1.7,30.906275243276532,95,-0.17,-0.1,225,ACTIVE_DRYING
51.9,46.7,600.0,68,0,1.7,30.906275243276532,100,1.06,-0.28,220,ACTIVE_DRYING
52.4,45.9,619.0,68,0,1.7,30.906275243276532,105,0.05,0.02,215,ACTIVE_DRYING
53.4,44.8,692.0,69,0,1.7,30.906275243276532,110,0.92,-0.56,210,ACTIVE_DRYING
53.5,44.5,667.0,71,0,1.7,30.906275243276532,115,0.44,-0.53,205,ACTIVE_DRYING
55.0,42.2,658.0,55,0,1.7,30.906275243276532,120,1.41,-1.31,200,ACTIVE_DRYING
55.5,41.6,686.0,54,0,1.7,30.906275243276532,125,0.87,-0.08,195,ACTIVE_DRYING
56.7,40.7,759.0,56,0,1.7,30.906275243276532,130,1.32,-1.02,190,ACTIVE_DRYING
57.6,39.6,760.0,57,0,1.7,30.906275243276532,135,1.09,-0.98,185,ACTIVE_DRYING
58.0,38.3,741.0,54,0,1.7,30.906275243276532,140,0.1,-1.25,180,ACTIVE_DRYING
57.6,35.5,754.0,56,0,1.7,30.906275243276532,145,0.17,-2.14,175,NEAR_COMPLETE
58.1,35.9,759.0,56,0,1.7,30.906275243276532,150,0.63,0.09,170,NEAR_COMPLETE
57.6,33.9,742.0,57,0,1.7,30.906275243276532,155,-0.27,-1.63,165,NEAR_COMPLETE
57.6,32.9,739.0,54,0,1.7,30.906275243276532,160,0.52,-0.65,160,NEAR_COMPLETE
58.1,32.7,796.0,56,0,1.7,30.906275243276532,165,0.76,0.2,155,NEAR_COMPLETE
57.9,31.8,763.0,55,0,1.7,30.906275243276532,170,-0.14,-1.1,150,NEAR_COMPLETE
58.1,31.2,717.0,54,0,1.7,30.906275243276532,175,-0.02,-0.42,145,NEAR_COMPLETE
58.6,30.1,756.0,56,0,1.7,30.906275243276532,180,-0.28,-1.26,140,COMPLETE
57.8,29.9,705.0,54,0,1.7,30.906275243276532,185,-0.72,-0.65,135,COMPLETE
59.1,28.7,699.0,56,0,1.7,30.906275243276532,190,-0.08,-1.88,130,COMPLETE
58.0,28.1,622.0,55,0,1.7,30.906275243276532,195,-1.33,-1.51,125,COMPLETE
57.8,26.8,704.0,55,0,1.7,30.906275243276532,200,-0.04,-1.66,120,COMPLETE
58.4,25.4,695.0,54,0,1.7,30.906275243276532,205,0.29,-1.3,115,COMPLETE
58.1,24.2,643.0,55,0,1.7,30.906275243276532,210,-0.52,-1.45,110,COMPLETE
57.6,22.8,633.0,57,0,1.7,30.906275243276532,215,-0.01,-1.75,105,COMPLETE
57.7,21.2,640.0,57,0,1.7,30.906275243276532,220,0.61,-1.18,100,COMPLETE
57.6,21.0,585.0,57,0,1.7,30.906275243276532,225,0.1,-0.21,95,COMPLETE
58.2,20.7,592.0,57,0,1.7,30.906275243276532,230,0.38,-0.62,90,COMPLETE
57.7,20.2,581.0,53,0,1.7,30.906275243276532,235,-0.0,-1.07,85,COMPLETE
57.9,18.8,516.0,55,0,1.7,30.906275243276532,240,0.05,-1.15,80,COMPLETE
58.4,18.8,519.0,54,0,1.7,30.906275243276532,245,0.27,-0.09,75,COMPLETE
58.2,18.1,498.0,53,0,1.7,30.906275243276532,250,-0.5,0.22,70,COMPLETE
57.9,19.0,480.0,57,0,1.7,30.906275243276532,255,-0.05,0.46,65,COMPLETE
57.9,17.3,373.0,53,0,1.7,30.906275243276532,260,-0.09,-1.04,60,COMPLETE
57.2,17.4,359.0,57,0,1.7,30.906275243276532,265,-0.03,0.78,55,COMPLETE
57.9,18.0,372.0,56,0,1.7,30.906275243276532,270,0.76,0.6,50,COMPLETE
57.9,18.0,289.0,53,0,1.7,30.906275243276532,275,-0.14,0.45,45,COMPLETE
57.6,18.2,241.0,54,0,1.7,30.906275243276532,280,-0.46,0.1,40,COMPLETE
56.6,18.5,289.0,55,0,1.7,30.906275243276532,285,-1.54,0.09,35,COMPLETE
55.3,17.6,212.0,55,0,1.7,30.906275243276532,290,-1.27,-0.06,30,COMPLETE
54.9,17.9,181.0,53,0,1.7,30.906275243276532,295,-0.27,0.69,25,COMPLETE
54.3,18.3,190.0,54,0,1.7,30.906275243276532,300,-0.78,0.35,20,COMPLETE
52.9,18.2,140.0,53,0,1.7,30.906275243276532,305,-1.19,0.24,15,COMPLETE
51.2,17.0,17.0,53,0,1.7,30.906275243276532,310,-1.21,-0.13,10,COMPLETE
50.0,17.1,6.0,53,0,1.7,30.906275243276532,315,-1.33,1.03,5,COMPLETE
49.5,17.6,42.0,56,0,1.7,30.906275243276532,320,-1.32,1.35,0,COMPLETE
34.1,70.6,0.0,40,1,2.5,32.62829492744715,0,-0.19,0.57,356,INITIAL
38.9,70.4,49.0,48,1,2.5,32.62829492744715,5,4.77,-0.98,351,INITIAL
43.5,68.6,38.0,60,1,2.5,32.62829492744715,10,4.77,-1.96,346,ACTIVE_DRYING
46.9,67.8,121.0,86,1,2.5,32.62829492744715,15,3.65,-1.75,341,ACTIVE_DRYING
50.6,65.9,157.0,84,1,2.5,32.62829492744715,20,3.74,-2.55,336,ACTIVE_DRYING
49.7,63.8,201.0,87,0,2.5,32.62829492744715,25,-0.69,-1.82,331,ACTIVE_DRYING
48.9,63.8,272.0,72,0,2.5,32.62829492744715,30,-0.92,0.2,326,ACTIVE_DRYING
47.6,62.5,230.0,71,0,2.5,32.62829492744715,35,-1.11,-2.85,321,ACTIVE_DRYING
52.5,61.4,268.0,70,1,2.5,32.62829492744715,40,4.92,-1.59,316,ACTIVE_DRYING
51.9,60.2,289.0,68,0,2.5,32.62829492744715,45,-0.14,-1.56,311,ACTIVE_DRYING
51.7,57.9,296.0,68,0,2.5,32.62829492744715,50,0.16,-1.49,306,ACTIVE_DRYING
52.0,56.5,333.0,72,0,2.5,32.62829492744715,55,-0.38,-0.77,301,ACTIVE_DRYING
51.3,55.1,339.0,68,0,2.5,32.62829492744715,60,-1.21,-0.23,296,ACTIVE_DRYING
50.8,54.9,414.0,68,0,2.5,32.62829492744715,65,0.01,0.66,291,ACTIVE_DRYING
51.7,54.5,399.0,69,0,2.5,32.62829492744715,70,0.19,-0.66,286,ACTIVE_DRYING
52.0,53.5,466.0,70,0,2.5,32.62829492744715,75,-0.25,-1.14,281,ACTIVE_DRYING
52.0,50.9,471.0,72,0,2.5,32.62829492744715,80,-0.01,-1.44,276,ACTIVE_DRYING
52.0,51.6,465.0,71,0,2.5,32.62829492744715,85,0.54,0.87,271,ACTIVE_DRYING
53.0,50.5,525.0,68,0,2.5,32.62829492744715,90,0.99,-1.33,266,ACTIVE_DRYING
53.2,47.6,587.0,68,0,2.5,32.62829492744715,95,0.41,-1.36,261,ACTIVE_DRYING
54.1,47.3,617.0,71,0,2.5,32.62829492744715,100,0.85,-0.38,256,ACTIVE_DRYING
54.5,46.1,635.0,69,0,2.5,32.62829492744715,105,1.01,-0.77,251,ACTIVE_DRYING
54.6,45.0,562.0,71,0,2.5,32.62829492744715,110,0.78,-0.63,246,ACTIVE_DRYING
55.6,44.0,695.0,68,0,2.5,32.62829492744715,115,1.79,-0.88,241,ACTIVE_DRYING
57.3,43.0,639.0,57,0,2.5,32.62829492744715,120,1.34,-1.7,236,ACTIVE_DRYING
57.8,40.3,646.0,53,0,2.5,32.62829492744715,125,0.44,-1.99,231,ACTIVE_DRYING
57.9,38.9,681.0,56,0,2.5,32.62829492744715,130,0.16,-0.68,226,ACTIVE_DRYING
57.4,39.3,671.0,53,0,2.5,32.62829492744715,135,0.03,0.24,221,ACTIVE_DRYING
57.9,37.5,746.0,54,0,2.5,32.62829492744715,140,0.58,-1.0,216,ACTIVE_DRYING
58.1,36.9,696.0,57,0,2.5,32.62829492744715,145,0.06,-0.35,211,ACTIVE_DRYING
58.1,36.8,775.0,55,0,2.5,32.62829492744715,150,0.01,0.18,206,ACTIVE_DRYING
58.0,35.5,745.0,57,0,2.5,32.62829492744715,155,-0.09,-1.2,201,ACTIVE_DRYING
58.2,35.4,784.0,55,0,2.5,32.62829492744715,160,-0.27,0.12,196,ACTIVE_DRYING
57.8,34.0,729.0,57,0,2.5,32.62829492744715,165,-0.13,-0.94,191,ACTIVE_DRYING
57.7,31.7,730.0,54,0,2.5,32.62829492744715,170,0.48,-1.15,186,ACTIVE_DRYING
58.0,31.9,719.0,53,0,2.5,32.62829492744715,175,0.36,-0.18,181,NEAR_COMPLETE
58.3,31.0,823.0,57,0,2.5,32.62829492744715,180,0.15,-0.72,176,NEAR_COMPLETE
58.1,29.4,750.0,55,0,2.5,32.62829492744715,185,-0.56,-0.56,171,NEAR_COMPLETE
58.6,29.4,782.0,55,0,2.5,32.62829492744715,190,-0.55,0.1,166,NEAR_COMPLETE
58.1,28.7,790.0,56,0,2.5,32.62829492744715,195,-0.61,-1.21,161,NEAR_COMPLETE
58.0,27.9,734.0,53,0,2.5,32.62829492744715,200,-0.41,-0.77,156,NEAR_COMPLETE
58.3,28.1,723.0,53,0,2.5,32.62829492744715,205,0.07,-0.23,151,NEAR_COMPLETE
58.0,27.8,735.0,56,0,2.5,32.62829492744715,210,-0.28,-0.88,146,NEAR_COMPLETE
57.8,26.4,675.0,55,0,2.5,32.62829492744715,215,0.04,-1.14,141,NEAR_COMPLETE
58.1,26.5,764.0,56,0,2.5,32.62829492744715,220,0.23,-0.39,136,COMPLETE
57.7,24.2,698.0,53,0,2.5,32.62829492744715,225,-0.24,-1.03,131,COMPLETE
58.3,25.4,691.0,55,0,2.5,32.62829492744715,230,0.51,1.63,126,COMPLETE
57.7,23.7,689.0,56,0,2.5,32.62829492744715,235,-0.35,-1.38,121,COMPLETE
57.6,23.8,603.0,53,0,2.5,32.62829492744715,240,0.28,0.01,116,COMPLETE
57.7,23.6,669.0,55,0,2.5,32.62829492744715,245,0.29,-0.82,111,COMPLETE
58.3,22.9,614.0,54,0,2.5,32.62829492744715,250,0.14,-0.1,106,COMPLETE
57.9,21.9,600.0,53,0,2.5,32.62829492744715,255,-0.33,-0.67,101,COMPLETE
57.9,21.1,497.0,55,0,2.5,32.62829492744715,260,0.55,-0.58,96,COMPLETE
57.6,20.0,557.0,53,0,2.5,32.62829492744715,265,0.04,-0.47,91,COMPLETE
58.1,20.9,538.0,55,0,2.5,32.62829492744715,270,0.42,1.06,86,COMPLETE
57.6,18.8,436.0,56,0,2.5,32.62829492744715,275,-0.08,-0.9,81,COMPLETE
57.7,19.3,477.0,55,0,2.5,32.62829492744715,280,0.65,0.47,76,COMPLETE
57.2,18.7,476.0,57,0,2.5,32.62829492744715,285,0.22,-0.15,71,COMPLETE
58.4,18.5,422.0,54,0,2.5,32.62829492744715,290,0.38,-0.09,66,COMPLETE
57.8,18.5,431.0,56,0,2.5,32.62829492744715,295,-0.43,-0.9,61,COMPLETE
57.9,18.4,357.0,53,0,2.5,32.62829492744715,300,0.15,-0.67,56,COMPLETE
57.9,17.8,379.0,56,0,2.5,32.62829492744715,305,0.1,-0.03,51,COMPLETE
57.2,18.4,305.0,55,0,2.5,32.62829492744715,310,-0.79,-0.19,46,COMPLETE
56.6,18.2,261.0,56,0,2.5,32.62829492744715,315,-0.32,-0.14,41,COMPLETE
56.0,19.3,277.0,54,0,2.5,32.62829492744715,320,-0.14,-0.04,36,COMPLETE
55.9,18.1,179.0,56,0,2.5,32.62829492744715,325,-0.27,-1.04,31,COMPLETE
54.8,18.6,231.0,54,0,2.5,32.62829492744715,330,-0.85,0.1,26,COMPLETE
53.4,17.1,135.0,56,0,2.5,32.62829492744715,335,-1.2,-0.73,21,COMPLETE
52.8,18.6,89.0,55,0,2.5,32.62829492744715,340,-0.68,1.32,16,COMPLETE
51.7,18.1,97.0,54,0,2.5,32.62829492744715,345,-1.01,0.03,11,COMPLETE
50.4,18.6,26.0,53,0,2.5,32.62829492744715,350,-1.45,-0.42,6,COMPLETE
49.6,18.8,0.0,56,0,2.5,32.62829492744715,355,-1.33,-0.63,1,COMPLETE
34.8,74.3,10.0,41,1,2.6,31.686289997433715,0,0.2,-0.15,345,INITIAL
38.9,73.1,81.0,51,1,2.6,31.686289997433715,5,4.18,-1.19,340,INITIAL
43.2,70.3,77.0,58,1,2.6,31.686289997433715,10,4.14,-2.64,335,ACTIVE_DRYING
46.8,68.9,87.0,87,1,2.6,31.686289997433715,15,4.16,-0.86,330,ACTIVE_DRYING
50.6,69.4,176.0,83,1,2.6,31.686289997433715,20,4.71,-0.98,325,ACTIVE_DRYING
49.6,66.5,218.0,87,0,2.6,31.686289997433715,25,-0.36,-2.75,320,ACTIVE_DRYING
48.6,64.4,194.0,87,0,2.6,31.686289997433715,30,-1.15,-2.18,315,ACTIVE_DRYING
48.5,63.4,247.0,69,0,2.6,31.686289997433715,35,-0.72,-1.03,310,ACTIVE_DRYING
53.0,61.4,299.0,68,1,2.6,31.686289997433715,40,3.99,-1.45,305,ACTIVE_DRYING
52.4,61.3,278.0,71,0,2.6,31.686289997433715,45,-1.52,0.31,300,ACTIVE_DRYING
52.4,59.2,383.0,68,0,2.6,31.686289997433715,50,-0.75,-0.71,295,ACTIVE_DRYING
50.6,58.4,349.0,70,0,2.6,31.686289997433715,55,-1.53,-1.25,290,ACTIVE_DRYING
51.0,58.1,374.0,69,0,2.6,31.686289997433715,60,0.26,-0.79,285,ACTIVE_DRYING
50.8,55.4,400.0,71,0,2.6,31.686289997433715,65,-0.21,-2.58,280,ACTIVE_DRYING
50.9,56.0,444.0,70,0,2.6,31.686289997433715,70,0.14,0.03,275,ACTIVE_DRYING
50.9,51.9,484.0,70,0,2.6,31.686289997433715,75,0.32,-3.39,270,ACTIVE_DRYING
51.5,51.5,449.0,68,0,2.6,31.686289997433715,80,0.23,-0.78,265,ACTIVE_DRYING
51.4,49.8,523.0,71,0,2.6,31.686289997433715,85,-0.18,-1.46,260,ACTIVE_DRYING
51.7,48.8,544.0,71,0,2.6,31.686289997433715,90,0.39,-0.49,255,ACTIVE_DRYING
52.5,47.7,580.0,68,0,2.6,31.686289997433715,95,1.16,-0.85,250,ACTIVE_DRYING
53.3,46.6,608.0,70,0,2.6,31.686289997433715,100,0.25,-1.3,245,ACTIVE_DRYING
53.1,46.3,579.0,69,0,2.6,31.686289997433715,105,0.3,-1.24,240,ACTIVE_DRYING
53.7,45.1,656.0,70,0,2.6,31.686289997433715,110,0.73,-1.49,235,ACTIVE_DRYING
54.6,44.6,642.0,56,0,2.6,31.686289997433715,115,0.96,-1.23,230,ACTIVE_DRYING
56.3,41.3,635.0,55,0,2.6,31.686289997433715,120,0.91,-2.78,225,ACTIVE_DRYING
56.8,40.8,703.0,54,0,2.6,31.686289997433715,125,0.22,-0.91,220,ACTIVE_DRYING
58.4,39.2,661.0,57,0,2.6,31.686289997433715,130,1.2,-0.58,215,ACTIVE_DRYING
58.1,39.3,739.0,57,0,2.6,31.686289997433715,135,-0.39,0.34,210,ACTIVE_DRYING
58.3,38.2,687.0,57,0,2.6,31.686289997433715,140,-0.41,-1.23,205,ACTIVE_DRYING
58.1,36.9,742.0,53,0,2.6,31.686289997433715,145,-0.48,-0.99,200,ACTIVE_DRYING
57.2,36.2,742.0,57,0,2.6,31.686289997433715,150,-0.08,-1.02,195,NEAR_COMPLETE
58.0,35.2,809.0,57,0,2.6,31.686289997433715,155,0.62,-1.14,190,NEAR_COMPLETE
57.8,33.6,740.0,53,0,2.6,31.686289997433715,160,0.1,-1.12,185,NEAR_COMPLETE
57.4,32.0,763.0,54,0,2.6,31.686289997433715,165,-0.02,-1.41,180,NEAR_COMPLETE
58.0,32.0,725.0,54,0,2.6,31.686289997433715,170,0.59,-0.85,175,NEAR_COMPLETE
57.9,30.4,775.0,55,0,2.6,31.686289997433715,175,-0.02,-1.59,170,NEAR_COMPLETE
57.9,30.2,716.0,55,0,2.6,31.686289997433715,180,0.3,-0.94,165,NEAR_COMPLETE
58.2,27.9,778.0,57,0,2.6,31.686289997433715,185,0.29,-2.35,160,COMPLETE
57.8,27.3,782.0,55,0,2.6,31.686289997433715,190,-0.23,-1.13,155,COMPLETE
57.9,26.4,711.0,56,0,2.6,31.686289997433715,195,0.33,-0.97,150,COMPLETE
58.5,25.7,678.0,54,0,2.6,31.686289997433715,200,0.29,-0.01,145,COMPLETE
58.1,26.2,681.0,54,0,2.6,31.686289997433715,205,-0.32,0.03,140,COMPLETE
58.2,24.5,737.0,55,0,2.6,31.686289997433715,210,-0.4,-0.8,135,COMPLETE
58.7,24.3,668.0,56,0,2.6,31.686289997433715,215,-0.07,0.28,130,COMPLETE
58.0,23.9,671.0,55,0,2.6,31.686289997433715,220,-0.83,-0.96,125,COMPLETE
58.2,22.8,619.0,53,0,2.6,31.686289997433715,225,-0.22,-0.44,120,COMPLETE
58.7,21.3,654.0,54,0,2.6,31.686289997433715,230,0.02,-0.34,115,COMPLETE
57.9,22.3,608.0,57,0,2.6,31.686289997433715,235,-0.69,1.3,110,COMPLETE
58.0,20.0,599.0,56,0,2.6,31.686289997433715,240,0.13,-0.49,105,COMPLETE
58.2,20.7,587.0,55,0,2.6,31.686289997433715,245,0.07,0.89,100,COMPLETE
58.1,21.1,548.0,53,0,2.6,31.686289997433715,250,-0.48,-0.45,95,COMPLETE
57.9,20.1,586.0,54,0,2.6,31.686289997433715,255,-0.39,-1.83,90,COMPLETE
57.8,19.5,521.0,57,0,2.6,31.686289997433715,260,0.06,-0.81,85,COMPLETE
58.2,19.1,459.0,56,0,2.6,31.686289997433715,265,0.03,-0.79,80,COMPLETE
58.0,17.9,480.0,56,0,2.6,31.686289997433715,270,-0.36,-1.22,75,COMPLETE
57.6,17.4,457.0,56,0,2.6,31.686289997433715,275,0.49,0.08,70,COMPLETE
57.7,18.4,405.0,54,0,2.6,31.686289997433715,280,0.02,0.26,65,COMPLETE
58.0,18.3,400.0,53,0,2.6,31.686289997433715,285,0.21,-0.36,60,COMPLETE
57.4,17.6,430.0,56,0,2.6,31.686289997433715,290,-0.39,-0.09,55,COMPLETE
57.5,17.3,294.0,53,0,2.6,31.686289997433715,295,-0.59,0.29,50,COMPLETE
56.3,17.3,334.0,56,0,2.6,31.686289997433715,300,-0.85,0.35,45,COMPLETE
56.0,17.3,324.0,53,0,2.6,31.686289997433715,305,0.32,0.51,40,COMPLETE
55.6,17.4,240.0,55,0,2.6,31.686289997433715,310,-0.12,0.7,35,COMPLETE
54.3,18.0,223.0,53,0,2.6,31.686289997433715,315,-0.73,0.91,30,COMPLETE
53.2,18.4,199.0,57,0,2.6,31.686289997433715,320,-0.79,0.34,25,COMPLETE
52.4,18.6,139.0,54,0,2.6,31.686289997433715,325,-0.61,-0.6,20,COMPLETE
51.6,17.4,124.0,53,0,2.6,31.686289997433715,330,-1.23,-0.56,15,COMPLETE
49.6,18.4,85.0,56,0,2.6,31.686289997433715,335,-1.49,0.48,10,COMPLETE
49.4,18.1,63.0,55,0,2.6,31.686289997433715,340,-0.51,-0.4,5,COMPLETE
47.7,17.8,23.0,55,0,2.6,31.686289997433715,345,-1.87,-0.26,0,COMPLETE
36.0,74.2,0.0,41,1,2.2,26.903580872669757,0,-0.22,0.01,347,INITIAL
40.5,71.6,81.0,48,1,2.2,26.903580872669757,5,4.22,-3.0,342,INITIAL
44.4,69.0,55.0,59,1,2.2,26.903580872669757,10,3.79,-2.17,337,ACTIVE_DRYING
48.0,68.2,143.0,84,1,2.2,26.903580872669757,15,3.7,-1.15,332,ACTIVE_DRYING
47.1,66.0,166.0,86,0,2.2,26.903580872669757,20,-0.9,-1.78,327,ACTIVE_DRYING
51.1,64.5,207.0,85,1,2.2,26.903580872669757,25,3.96,-2.09,322,ACTIVE_DRYING
49.8,62.8,256.0,70,0,2.2,26.903580872669757,30,-1.22,-2.04,317,ACTIVE_DRYING
49.4,60.6,229.0,72,0,2.2,26.903580872669757,35,-1.01,-1.06,312,ACTIVE_DRYING
48.6,60.4,287.0,72,0,2.2,26.903580872669757,40,-0.64,-0.24,307,ACTIVE_DRYING
47.5,58.7,257.0,71,0,2.2,26.903580872669757,45,-1.01,-2.3,302,ACTIVE_DRYING
47.8,57.0,311.0,69,0,2.2,26.903580872669757,50,0.36,-1.7,297,ACTIVE_DRYING
47.5,55.7,321.0,71,0,2.2,26.903580872669757,55,-0.51,-1.98,292,ACTIVE_DRYING
46.8,53.4,397.0,68,0,2.2,26.903580872669757,60,-0.08,-1.05,287,ACTIVE_DRYING
46.9,52.8,417.0,70,0,2.2,26.903580872669757,65,0.32,-1.57,282,ACTIVE_DRYING
47.0,51.2,452.0,71,0,2.2,26.903580872669757,70,0.12,-1.49,277,ACTIVE_DRYING
47.1,50.3,458.0,71,0,2.2,26.903580872669757,75,-0.07,-1.38,272,ACTIVE_DRYING
48.2,48.2,525.0,70,0,2.2,26.903580872669757,80,0.51,-2.09,267,ACTIVE_DRYING
48.6,46.3,523.0,68,0,2.2,26.903580872669757,85,-0.16,-1.72,262,ACTIVE_DRYING
49.3,45.8,593.0,72,0,2.2,26.903580872669757,90,0.54,-0.15,257,ACTIVE_DRYING
49.3,44.9,627.0,70,0,2.2,26.903580872669757,95,0.57,-1.31,252,ACTIVE_DRYING
51.1,42.7,613.0,57,0,2.2,26.903580872669757,100,0.98,-1.51,247,ACTIVE_DRYING
52.0,43.3,618.0,54,0,2.2,26.903580872669757,105,0.44,0.15,242,ACTIVE_DRYING
52.6,41.6,618.0,56,0,2.2,26.903580872669757,110,0.54,-2.16,237,ACTIVE_DRYING
54.0,40.2,665.0,57,0,2.2,26.903580872669757,115,1.62,-1.18,232,ACTIVE_DRYING
55.2,39.1,671.0,53,0,2.2,26.903580872669757,120,1.73,-1.66,227,ACTIVE_DRYING
56.2,39.2,709.0,57,0,2.2,26.903580872669757,125,0.96,-0.95,222,ACTIVE_DRYING
57.4,37.3,684.0,54,0,2.2,26.903580872669757,130,1.48,-2.13,217,ACTIVE_DRYING
58.0,37.3,710.0,55,0,2.2,26.903580872669757,135,0.54,-0.5,212,ACTIVE_DRYING
58.1,36.4,739.0,57,0,2.2,26.903580872669757,140,-0.01,-0.55,207,ACTIVE_DRYING
58.5,35.9,725.0,56,0,2.2,26.903580872669757,145,-0.06,-1.32,202,NEAR_COMPLETE
57.9,34.2,700.0,54,0,2.2,26.903580872669757,150,-0.41,-2.39,197,NEAR_COMPLETE
57.9,31.9,795.0,54,0,2.2,26.903580872669757,155,0.37,-2.08,192,NEAR_COMPLETE
58.5,30.9,702.0,57,0,2.2,26.903580872669757,160,0.25,-1.02,187,NEAR_COMPLETE
58.0,31.1,728.0,53,0,2.2,26.903580872669757,165,-0.34,-0.56,182,NEAR_COMPLETE
58.0,30.1,753.0,55,0,2.2,26.903580872669757,170,0.53,-0.62,177,NEAR_COMPLETE
58.2,29.8,810.0,55,0,2.2,26.903580872669757,175,-0.45,-0.47,172,NEAR_COMPLETE
58.0,29.2,737.0,55,0,2.2,26.903580872669757,180,-0.35,-1.43,167,NEAR_COMPLETE
58.0,28.2,764.0,54,0,2.2,26.903580872669757,185,-0.14,-1.15,162,COMPLETE
57.9,26.2,756.0,54,0,2.2,26.903580872669757,190,-0.15,-1.46,157,COMPLETE
58.1,25.7,747.0,57,0,2.2,26.903580872669757,195,-0.15,-0.26,152,COMPLETE
58.1,24.8,734.0,54,0,2.2,26.903580872669757,200,-0.23,-0.26,147,COMPLETE
57.8,25.2,703.0,57,0,2.2,26.903580872669757,205,-0.24,0.47,142,COMPLETE
57.8,24.3,754.0,54,0,2.2,26.903580872669757,210,0.3,-0.97,137,COMPLETE
57.7,23.6,686.0,56,0,2.2,26.903580872669757,215,0.36,-1.2,132,COMPLETE
57.6,24.2,680.0,56,0,2.2,26.903580872669757,220,0.18,-1.23,127,COMPLETE
57.9,21.1,684.0,53,0,2.2,26.903580872669757,225,0.57,-2.68,122,COMPLETE
58.1,20.9,613.0,53,0,2.2,26.903580872669757,230,0.05,0.07,117,COMPLETE
58.0,21.1,657.0,56,0,2.2,26.903580872669757,235,-0.27,-0.22,112,COMPLETE
57.9,19.9,652.0,57,0,2.2,26.903580872669757,240,0.16,-1.08,107,COMPLETE
58.1,19.4,612.0,54,0,2.2,26.903580872669757,245,0.17,-0.17,102,COMPLETE
58.0,18.3,497.0,53,0,2.2,26.903580872669757,250,0.07,-0.89,97,COMPLETE
58.3,18.9,569.0,53,0,2.2,26.903580872669757,255,-0.36,0.37,92,COMPLETE
57.7,18.1,535.0,57,0,2.2,26.903580872669757,260,-0.17,-0.87,87,COMPLETE
58.1,17.8,532.0,53,0,2.2,26.903580872669757,265,-0.13,0.04,82,COMPLETE
57.9,18.9,453.0,54,0,2.2,26.903580872669757,270,0.12,-0.12,77,COMPLETE
58.3,18.5,451.0,53,0,2.2,26.903580872669757,275,0.17,-0.72,72,COMPLETE
57.9,18.0,493.0,56,0,2.2,26.903580872669757,280,-0.61,-0.06,67,COMPLETE
58.5,17.5,415.0,54,0,2.2,26.903580872669757,285,0.01,0.22,62,COMPLETE
58.2,18.3,401.0,54,0,2.2,26.903580872669757,290,-0.32,0.66,57,COMPLETE
58.3,19.1,317.0,56,0,2.2,26.903580872669757,295,-0.32,-0.7,52,COMPLETE
57.1,18.0,295.0,54,0,2.2,26.903580872669757,300,-1.06,-1.47,47,COMPLETE
56.6,17.2,231.0,57,0,2.2,26.903580872669757,305,-0.45,-0.32,42,COMPLETE
55.5,18.4,250.0,57,0,2.2,26.903580872669757,310,-1.03,0.48,37,COMPLETE
54.5,18.2,192.0,57,0,2.2,26.903580872669757,315,-1.03,0.18,32,COMPLETE
53.4,18.3,160.0,57,0,2.2,26.903580872669757,320,-0.68,-0.25,27,COMPLETE
52.7,17.2,122.0,53,0,2.2,26.903580872669757,325,-0.63,-0.41,22,COMPLETE
51.5,17.9,114.0,55,0,2.2,26.903580872669757,330,-0.8,0.77,17,COMPLETE
50.5,18.9,45.0,54,0,2.2,26.903580872669757,335,-1.28,0.13,12,COMPLETE
48.4,18.1,25.0,55,0,2.2,26.903580872669757,340,-1.57,-0.81,7,COMPLETE
47.3,17.0,9.0,54,0,2.2,26.903580872669757,345,-0.69,-0.25,2,COMPLETE
35.5,74.7,21.0,41,1,1.1,36.09056363726178,0,-0.18,-0.1,323,INITIAL
39.7,74.3,51.0,49,1,1.1,36.09056363726178,5,4.24,-0.9,318,INITIAL
44.1,72.3,63.0,59,1,1.1,36.09056363726178,10,4.0,-1.51,313,ACTIVE_DRYING
47.9,70.7,102.0,87,1,1.1,36.09056363726178,15,3.52,-1.22,308,ACTIVE_DRYING
51.8,69.6,110.0,83,1,1.1,36.09056363726178,20,3.43,-1.43,303,ACTIVE_DRYING
50.2,68.8,128.0,86,0,1.1,36.09056363726178,25,-1.94,-1.09,298,ACTIVE_DRYING
49.9,67.1,247.0,83,0,1.1,36.09056363726178,30,-0.71,-0.8,293,ACTIVE_DRYING
48.0,65.9,235.0,87,0,1.1,36.09056363726178,35,-1.98,-1.54,288,ACTIVE_DRYING
47.6,64.4,280.0,86,0,1.1,36.09056363726178,40,-0.19,-1.13,283,ACTIVE_DRYING
52.2,62.9,311.0,71,1,1.1,36.09056363726178,45,4.67,-0.89,278,ACTIVE_DRYING
52.2,62.0,382.0,72,0,1.1,36.09056363726178,50,-0.27,-1.24,273,ACTIVE_DRYING
52.2,60.1,319.0,69,0,1.1,36.09056363726178,55,-0.53,-1.14,268,ACTIVE_DRYING
52.2,60.4,424.0,70,0,1.1,36.09056363726178,60,-1.13,0.13,263,ACTIVE_DRYING
51.7,59.7,418.0,71,0,1.1,36.09056363726178,65,-0.65,-1.44,258,ACTIVE_DRYING
52.2,58.0,452.0,72,0,1.1,36.09056363726178,70,0.13,-1.88,253,ACTIVE_DRYING
51.4,55.8,489.0,71,0,1.1,36.09056363726178,75,-0.1,-1.43,248,ACTIVE_DRYING
52.0,53.4,553.0,69,0,1.1,36.09056363726178,80,1.21,-0.63,243,ACTIVE_DRYING
52.9,54.1,570.0,68,0,1.1,36.09056363726178,85,0.74,0.09,238,ACTIVE_DRYING
53.8,51.2,605.0,68,0,1.1,36.09056363726178,90,0.77,-2.22,233,ACTIVE_DRYING
54.9,50.4,631.0,70,0,1.1,36.09056363726178,95,1.01,-1.2,228,ACTIVE_DRYING
55.3,48.9,572.0,69,0,1.1,36.09056363726178,100,0.7,-0.64,223,ACTIVE_DRYING
55.8,48.4,605.0,68,0,1.1,36.09056363726178,105,0.52,-0.46,218,ACTIVE_DRYING
56.7,47.1,694.0,69,0,1.1,36.09056363726178,110,0.89,-0.59,213,ACTIVE_DRYING
58.1,46.1,707.0,70,0,1.1,36.09056363726178,115,1.1,-1.42,208,ACTIVE_DRYING
58.4,45.0,684.0,70,0,1.1,36.09056363726178,120,-0.13,-1.26,203,ACTIVE_DRYING
57.9,43.5,716.0,57,0,1.1,36.09056363726178,125,-0.13,-1.63,198,ACTIVE_DRYING
58.3,42.3,730.0,56,0,1.1,36.09056363726178,130,0.41,-1.75,193,ACTIVE_DRYING
58.4,40.2,763.0,57,0,1.1,36.09056363726178,135,-0.47,-1.24,188,ACTIVE_DRYING
57.7,40.2,676.0,56,0,1.1,36.09056363726178,140,-0.53,-0.87,183,ACTIVE_DRYING
57.9,39.5,712.0,56,0,1.1,36.09056363726178,145,0.28,-1.28,178,ACTIVE_DRYING
57.3,39.0,790.0,57,0,1.1,36.09056363726178,150,0.23,-0.9,173,ACTIVE_DRYING
58.3,37.8,836.0,54,0,1.1,36.09056363726178,155,0.65,-1.32,168,ACTIVE_DRYING
57.9,36.9,718.0,54,0,1.1,36.09056363726178,160,0.08,-0.12,163,ACTIVE_DRYING
58.2,35.9,767.0,55,0,1.1,36.09056363726178,165,0.12,-0.74,158,ACTIVE_DRYING
57.9,34.6,761.0,56,0,1.1,36.09056363726178,170,-0.68,-1.31,153,ACTIVE_DRYING
58.6,31.5,799.0,56,0,1.1,36.09056363726178,175,0.04,-2.18,148,ACTIVE_DRYING
58.0,31.9,755.0,54,0,1.1,36.09056363726178,180,-0.86,0.27,143,STABILIZING
57.5,32.2,740.0,56,0,1.1,36.09056363726178,185,-0.34,-0.85,138,NEAR_COMPLETE
58.2,30.6,728.0,53,0,1.1,36.09056363726178,190,0.4,-1.3,133,NEAR_COMPLETE
58.1,30.5,736.0,53,0,1.1,36.09056363726178,195,-0.32,0.18,128,NEAR_COMPLETE
57.6,29.2,695.0,57,0,1.1,36.09056363726178,200,0.18,-1.3,123,NEAR_COMPLETE
57.8,28.8,680.0,53,0,1.1,36.09056363726178,205,0.32,-0.81,118,NEAR_COMPLETE
58.3,26.9,611.0,56,0,1.1,36.09056363726178,210,0.13,-1.24,113,NEAR_COMPLETE
58.4,25.8,729.0,53,0,1.1,36.09056363726178,215,-0.47,-0.79,108,NEAR_COMPLETE
58.1,25.1,640.0,56,0,1.1,36.09056363726178,220,-0.1,-0.29,103,NEAR_COMPLETE
57.7,25.5,613.0,56,0,1.1,36.09056363726178,225,-0.17,-0.12,98,NEAR_COMPLETE
57.7,25.6,612.0,53,0,1.1,36.09056363726178,230,0.41,0.11,93,COMPLETE
58.2,25.1,649.0,57,0,1.1,36.09056363726178,235,0.16,-1.12,88,COMPLETE
58.0,23.8,519.0,53,0,1.1,36.09056363726178,240,-0.0,-2.64,83,COMPLETE
58.3,22.8,484.0,57,0,1.1,36.09056363726178,245,-0.09,-1.18,78,COMPLETE
58.1,21.9,519.0,57,0,1.1,36.09056363726178,250,-0.13,-0.51,73,COMPLETE
58.0,21.2,438.0,53,0,1.1,36.09056363726178,255,-0.38,-0.22,68,COMPLETE
57.7,20.5,402.0,54,0,1.1,36.09056363726178,260,0.02,-0.49,63,COMPLETE
58.6,20.8,404.0,55,0,1.1,36.09056363726178,265,0.3,-0.35,58,COMPLETE
58.5,18.7,409.0,55,0,1.1,36.09056363726178,270,-0.49,-0.94,53,COMPLETE
57.7,18.9,338.0,53,0,1.1,36.09056363726178,275,-1.04,-0.41,48,COMPLETE
56.7,18.4,259.0,57,0,1.1,36.09056363726178,280,-0.98,-0.72,43,COMPLETE
56.1,18.2,224.0,57,0,1.1,36.09056363726178,285,-0.78,-0.52,38,COMPLETE
54.7,17.6,184.0,55,0,1.1,36.09056363726178,290,-1.34,-0.53,33,COMPLETE
55.4,18.6,216.0,57,0,1.1,36.09056363726178,295,0.19,0.46,28,COMPLETE
53.9,17.6,230.0,57,0,1.1,36.09056363726178,300,-1.92,-0.66,23,COMPLETE
52.7,17.4,156.0,57,0,1.1,36.09056363726178,305,-1.58,0.14,18,COMPLETE
52.1,18.2,108.0,55,0,1.1,36.09056363726178,310,-0.72,0.86,13,COMPLETE
49.8,18.5,85.0,57,0,1.1,36.09056363726178,315,-1.38,-0.06,8,COMPLETE
48.8,18.7,0.0,55,0,1.1,36.09056363726178,320,-0.77,-0.94,3,COMPLETE
34.8,73.0,27.0,41,1,2.2,27.24947073902626,0,-0.19,0.53,182,INITIAL
39.3,72.0,2.0,48,1,2.2,27.24947073902626,5,4.91,-1.79,177,INITIAL
44.0,68.6,150.0,61,1,2.2,27.24947073902626,10,4.56,-2.52,172,ACTIVE_DRYING
48.5,67.7,267.0,84,1,2.2,27.24947073902626,15,4.19,-0.85,167,ACTIVE_DRYING
47.7,67.0,329.0,84,0,2.2,27.24947073902626,20,-0.86,-1.34,162,ACTIVE_DRYING
51.6,65.4,300.0,86,1,2.2,27.24947073902626,25,4.31,-1.97,157,ACTIVE_DRYING
52.5,63.4,401.0,87,0,2.2,27.24947073902626,30,0.57,-1.73,152,ACTIVE_DRYING
52.3,62.4,451.0,68,0,2.2,27.24947073902626,35,-0.13,-1.55,147,ACTIVE_DRYING
51.6,60.6,471.0,68,0,2.2,27.24947073902626,40,-0.12,-2.05,142,ACTIVE_DRYING
52.5,59.1,452.0,71,0,2.2,27.24947073902626,45,0.71,-1.65,137,ACTIVE_DRYING
53.1,57.6,611.0,72,0,2.2,27.24947073902626,50,1.04,-1.72,132,ACTIVE_DRYING
53.9,55.1,587.0,70,0,2.2,27.24947073902626,55,1.35,-1.91,127,ACTIVE_DRYING
55.4,53.9,688.0,70,0,2.2,27.24947073902626,60,1.52,-1.34,122,ACTIVE_DRYING
56.4,53.4,648.0,71,0,2.2,27.24947073902626,65,0.99,-1.44,117,ACTIVE_DRYING
57.3,51.7,723.0,70,0,2.2,27.24947073902626,70,0.84,-2.33,112,ACTIVE_DRYING
58.0,50.1,711.0,70,0,2.2,27.24947073902626,75,0.59,-2.14,107,ACTIVE_DRYING
58.1,49.4,797.0,72,0,2.2,27.24947073902626,80,0.11,-1.69,102,ACTIVE_DRYING
57.9,47.9,748.0,69,0,2.2,27.24947073902626,85,-0.22,-1.99,97,ACTIVE_DRYING
58.3,46.4,808.0,71,0,2.2,27.24947073902626,90,0.25,-1.33,92,ACTIVE_DRYING
58.3,46.0,715.0,71,0,2.2,27.24947073902626,95,-0.38,-0.86,87,ACTIVE_DRYING
58.0,43.7,753.0,71,0,2.2,27.24947073902626,100,-0.59,-1.5,82,ACTIVE_DRYING
57.4,42.7,704.0,53,0,2.2,27.24947073902626,105,-0.02,-0.78,77,STABILIZING
57.9,40.9,706.0,53,0,2.2,27.24947073902626,110,0.58,-1.43,72,STABILIZING
58.1,39.8,699.0,53,0,2.2,27.24947073902626,115,-0.02,-0.2,67,STABILIZING
57.7,38.9,706.0,54,0,2.2,27.24947073902626,120,-0.21,-0.56,62,STABILIZING
58.3,38.4,606.0,57,0,2.2,27.24947073902626,125,0.41,-0.55,57,STABILIZING
58.0,36.3,623.0,55,0,2.2,27.24947073902626,130,-0.26,-2.61,52,NEAR_COMPLETE
57.9,35.1,530.0,56,0,2.2,27.24947073902626,135,0.2,-0.97,47,NEAR_COMPLETE
58.2,34.4,512.0,54,0,2.2,27.24947073902626,140,-0.02,-0.54,42,NEAR_COMPLETE
58.5,33.8,443.0,56,0,2.2,27.24947073902626,145,-0.18,-0.67,37,NEAR_COMPLETE
57.7,32.5,370.0,54,0,2.2,27.24947073902626,150,-0.98,-0.92,32,NEAR_COMPLETE
57.2,32.0,374.0,56,0,2.2,27.24947073902626,155,-0.79,-0.46,27,NEAR_COMPLETE
56.6,31.0,268.0,53,0,2.2,27.24947073902626,160,-0.34,0.63,22,NEAR_COMPLETE
55.9,31.6,174.0,56,0,2.2,27.24947073902626,165,-0.43,-0.09,17,NEAR_COMPLETE
55.3,28.9,165.0,54,0,2.2,27.24947073902626,170,-0.76,-2.03,12,COMPLETE
53.4,28.2,96.0,56,0,2.2,27.24947073902626,175,-1.1,-0.17,7,COMPLETE
52.9,27.1,54.0,57,0,2.2,27.24947073902626,180,-0.87,-0.43,2,COMPLETE
35.0,73.2,10.0,38,1,1.8,33.33626013334584,0,0.07,0.05,189,INITIAL
38.8,73.6,73.0,49,1,1.8,33.33626013334584,5,4.1,-0.33,184,INITIAL
43.4,70.5,92.0,60,1,1.8,33.33626013334584,10,4.29,-2.63,179,ACTIVE_DRYING
47.4,70.5,158.0,87,1,1.8,33.33626013334584,15,4.28,-0.17,174,ACTIVE_DRYING
51.4,68.5,256.0,87,1,1.8,33.33626013334584,20,4.02,-2.58,169,ACTIVE_DRYING
50.0,66.6,305.0,84,0,1.8,33.33626013334584,25,-1.11,-2.37,164,ACTIVE_DRYING
50.2,64.2,362.0,85,0,1.8,33.33626013334584,30,-0.07,-2.54,159,ACTIVE_DRYING
50.1,63.5,409.0,70,0,1.8,33.33626013334584,35,-0.12,-1.52,154,ACTIVE_DRYING
50.2,62.2,478.0,70,0,1.8,33.33626013334584,40,-0.09,-1.57,149,ACTIVE_DRYING
50.3,59.9,447.0,72,0,1.8,33.33626013334584,45,0.3,-2.46,144,ACTIVE_DRYING
51.5,58.0,598.0,68,0,1.8,33.33626013334584,50,1.15,-1.87,139,ACTIVE_DRYING
52.3,56.5,589.0,68,0,1.8,33.33626013334584,55,0.29,-2.01,134,ACTIVE_DRYING
52.2,55.6,649.0,70,0,1.8,33.33626013334584,60,0.17,-0.88,129,ACTIVE_DRYING
52.9,53.6,640.0,69,0,1.8,33.33626013334584,65,0.76,-1.5,124,ACTIVE_DRYING
54.4,52.8,717.0,72,0,1.8,33.33626013334584,70,1.15,-1.33,119,ACTIVE_DRYING
55.1,51.4,722.0,72,0,1.8,33.33626013334584,75,0.8,-1.67,114,ACTIVE_DRYING
56.2,51.0,749.0,69,0,1.8,33.33626013334584,80,1.31,-1.86,109,ACTIVE_DRYING
57.6,49.1,751.0,69,0,1.8,33.33626013334584,85,0.67,-2.29,104,ACTIVE_DRYING
57.4,47.4,740.0,70,0,1.8,33.33626013334584,90,0.58,-1.67,99,ACTIVE_DRYING
58.2,46.4,762.0,71,0,1.8,33.33626013334584,95,0.51,-0.7,94,ACTIVE_DRYING
58.3,46.5,778.0,68,0,1.8,33.33626013334584,100,-0.15,-0.81,89,ACTIVE_DRYING
57.9,44.4,707.0,68,0,1.8,33.33626013334584,105,-0.44,-2.01,84,STABILIZING
58.2,44.3,731.0,55,0,1.8,33.33626013334584,110,0.23,-0.29,79,STABILIZING
58.1,43.7,745.0,56,0,1.8,33.33626013334584,115,-0.16,-0.61,74,STABILIZING
57.7,41.9,690.0,57,0,1.8,33.33626013334584,120,0.27,-1.34,69,STABILIZING
58.1,40.4,634.0,55,0,1.8,33.33626013334584,125,0.44,-1.69,64,STABILIZING
58.3,39.5,662.0,53,0,1.8,33.33626013334584,130,-0.22,-1.3,59,NEAR_COMPLETE
57.3,37.2,549.0,54,0,1.8,33.33626013334584,135,-0.0,-1.25,54,NEAR_COMPLETE
57.5,37.5,529.0,57,0,1.8,33.33626013334584,140,0.81,0.14,49,NEAR_COMPLETE
58.2,36.2,555.0,53,0,1.8,33.33626013334584,145,0.34,-1.7,44,NEAR_COMPLETE
58.3,35.6,407.0,56,0,1.8,33.33626013334584,150,-0.49,-1.39,39,NEAR_COMPLETE
57.5,34.8,336.0,53,0,1.8,33.33626013334584,155,-1.23,-1.59,34,NEAR_COMPLETE
57.8,33.3,371.0,54,0,1.8,33.33626013334584,160,-0.17,-2.02,29,COMPLETE
57.5,32.0,303.0,54,0,1.8,33.33626013334584,165,-0.56,-0.98,24,COMPLETE
56.3,30.0,243.0,56,0,1.8,33.33626013334584,170,-1.1,-1.75,19,COMPLETE
55.0,29.1,142.0,57,0,1.8,33.33626013334584,175,-0.99,-1.0,14,COMPLETE
55.3,28.5,113.0,55,0,1.8,33.33626013334584,180,-0.71,-0.54,9,COMPLETE
53.4,26.5,45.0,56,0,1.8,33.33626013334584,185,-2.17,-1.92,4,COMPLETE
35.4,71.0,67.0,40,1,1.5,25.117241626404226,0,0.36,-0.5,210,INITIAL
39.5,70.4,20.0,51,1,1.5,25.117241626404226,5,4.48,-1.42,205,INITIAL
43.5,67.0,81.0,58,1,1.5,25.117241626404226,10,3.84,-3.24,200,ACTIVE_DRYING
48.1,66.4,181.0,84,1,1.5,25.117241626404226,15,4.15,-0.22,195,ACTIVE_DRYING
52.3,65.0,216.0,83,1,1.5,25.117241626404226,20,4.09,-2.75,190,ACTIVE_DRYING
51.2,63.5,265.0,70,0,1.5,25.117241626404226,25,-0.83,-2.42,185,ACTIVE_DRYING
50.6,61.5,209.0,69,0,1.5,25.117241626404226,30,-0.76,-2.5,180,ACTIVE_DRYING
50.0,58.9,341.0,71,0,1.5,25.117241626404226,35,-0.7,-1.99,175,ACTIVE_DRYING
49.8,57.4,414.0,72,0,1.5,25.117241626404226,40,-0.02,-1.56,170,ACTIVE_DRYING
49.8,56.7,436.0,71,0,1.5,25.117241626404226,45,0.06,-1.33,165,ACTIVE_DRYING
50.5,54.4,494.0,70,0,1.5,25.117241626404226,50,1.19,-1.3,160,ACTIVE_DRYING
50.6,54.3,565.0,68,0,1.5,25.117241626404226,55,0.36,-0.64,155,ACTIVE_DRYING
52.3,52.5,599.0,71,0,1.5,25.117241626404226,60,1.44,-1.06,150,ACTIVE_DRYING
52.8,51.3,572.0,69,0,1.5,25.117241626404226,65,0.7,-1.44,145,ACTIVE_DRYING
53.1,49.7,667.0,68,0,1.5,25.117241626404226,70,0.57,-1.76,140,ACTIVE_DRYING
55.1,49.4,692.0,68,0,1.5,25.117241626404226,75,1.81,-1.0,135,ACTIVE_DRYING
55.5,47.4,661.0,72,0,1.5,25.117241626404226,80,0.77,-2.9,130,ACTIVE_DRYING
56.3,45.8,699.0,71,0,1.5,25.117241626404226,85,1.02,-1.86,125,ACTIVE_DRYING
57.8,44.3,773.0,72,0,1.5,25.117241626404226,90,1.5,-1.9,120,ACTIVE_DRYING
58.6,42.9,713.0,55,0,1.5,25.117241626404226,95,0.31,-0.57,115,ACTIVE_DRYING
58.1,42.8,783.0,53,0,1.5,25.117241626404226,100,-0.43,-0.58,110,ACTIVE_DRYING
58.3,39.2,718.0,54,0,1.5,25.117241626404226,105,-0.3,-2.28,105,NEAR_COMPLETE
57.9,40.0,775.0,56,0,1.5,25.117241626404226,110,-0.23,0.67,100,NEAR_COMPLETE
58.2,39.9,681.0,54,0,1.5,25.117241626404226,115,0.15,-0.52,95,NEAR_COMPLETE
57.9,38.6,723.0,54,0,1.5,25.117241626404226,120,-0.17,-2.02,90,NEAR_COMPLETE
58.0,36.7,668.0,56,0,1.5,25.117241626404226,125,0.28,-2.28,85,NEAR_COMPLETE
58.0,36.1,654.0,54,0,1.5,25.117241626404226,130,0.14,-0.66,80,NEAR_COMPLETE
58.2,35.5,649.0,57,0,1.5,25.117241626404226,135,0.14,-0.58,75,NEAR_COMPLETE
58.1,34.8,572.0,55,0,1.5,25.117241626404226,140,-0.28,-1.04,70,NEAR_COMPLETE
58.2,33.9,615.0,57,0,1.5,25.117241626404226,145,-0.1,-1.01,65,COMPLETE
58.1,32.2,613.0,55,0,1.5,25.117241626404226,150,-0.36,-1.23,60,COMPLETE
58.3,31.9,561.0,54,0,1.5,25.117241626404226,155,-0.08,-1.82,55,COMPLETE
58.0,30.1,500.0,55,0,1.5,25.117241626404226,160,-0.41,-1.21,50,COMPLETE
57.5,28.5,430.0,57,0,1.5,25.117241626404226,165,0.21,0.02,45,COMPLETE
57.4,30.1,394.0,54,0,1.5,25.117241626404226,170,0.59,1.1,40,COMPLETE
57.6,29.6,363.0,55,0,1.5,25.117241626404226,175,-0.03,-1.03,35,COMPLETE
56.8,27.5,327.0,57,0,1.5,25.117241626404226,180,-0.36,-2.03,30,COMPLETE
55.8,28.3,188.0,55,0,1.5,25.117241626404226,185,-0.96,-0.27,25,COMPLETE
54.8,24.6,199.0,54,0,1.5,25.117241626404226,190,-0.96,-2.94,20,COMPLETE
54.0,25.6,173.0,55,0,1.5,25.117241626404226,195,-1.06,0.25,15,COMPLETE
52.0,24.5,132.0,53,0,1.5,25.117241626404226,200,-1.99,-1.69,10,COMPLETE
50.9,24.1,90.0,54,0,1.5,25.117241626404226,205,-0.85,-1.12,5,COMPLETE
50.1,22.2,0.0,54,0,1.5,25.117241626404226,210,-0.89,-1.66,0,COMPLETE
36.1,74.9,36.0,41,1,2.7,26.65773800745729,0,0.16,0.53,264,INITIAL
40.8,73.5,5.0,50,1,2.7,26.65773800745729,5,5.44,-0.28,259,INITIAL
45.5,72.7,65.0,59,1,2.7,26.65773800745729,10,4.31,-1.54,254,ACTIVE_DRYING
49.4,70.2,125.0,86,1,2.7,26.65773800745729,15,3.63,-2.01,249,ACTIVE_DRYING
47.5,68.1,184.0,86,0,2.7,26.65773800745729,20,-2.18,-1.91,244,ACTIVE_DRYING
51.3,67.7,220.0,87,1,2.7,26.65773800745729,25,3.93,-1.07,239,ACTIVE_DRYING
49.3,66.4,238.0,86,0,2.7,26.65773800745729,30,-1.62,-2.64,234,ACTIVE_DRYING
49.1,64.5,319.0,85,0,2.7,26.65773800745729,35,0.13,-3.1,229,ACTIVE_DRYING
49.3,63.0,377.0,70,0,2.7,26.65773800745729,40,0.57,-2.03,224,ACTIVE_DRYING
49.3,61.8,424.0,68,0,2.7,26.65773800745729,45,-0.31,-0.73,219,ACTIVE_DRYING
48.2,60.9,438.0,72,0,2.7,26.65773800745729,50,-0.88,-1.33,214,ACTIVE_DRYING
48.5,58.6,430.0,69,0,2.7,26.65773800745729,55,0.57,-1.73,209,ACTIVE_DRYING
49.8,57.2,503.0,70,0,2.7,26.65773800745729,60,1.66,-1.85,204,ACTIVE_DRYING
49.8,54.6,478.0,72,0,2.7,26.65773800745729,65,0.35,-2.03,199,ACTIVE_DRYING
50.0,54.4,500.0,71,0,2.7,26.65773800745729,70,0.08,-0.43,194,ACTIVE_DRYING
51.2,52.9,590.0,68,0,2.7,26.65773800745729,75,0.81,-1.91,189,ACTIVE_DRYING
52.1,51.0,628.0,69,0,2.7,26.65773800745729,80,0.48,-2.16,184,ACTIVE_DRYING
52.8,49.2,582.0,71,0,2.7,26.65773800745729,85,0.77,-1.75,179,ACTIVE_DRYING
53.8,49.0,646.0,71,0,2.7,26.65773800745729,90,0.82,-1.35,174,ACTIVE_DRYING
54.8,46.9,664.0,69,0,2.7,26.65773800745729,95,0.67,-2.72,169,ACTIVE_DRYING
55.6,45.8,681.0,70,0,2.7,26.65773800745729,100,0.61,-1.99,164,ACTIVE_DRYING
56.7,44.2,647.0,54,0,2.7,26.65773800745729,105,0.84,-1.9,159,ACTIVE_DRYING
58.3,42.1,693.0,54,0,2.7,26.65773800745729,110,1.53,-1.44,154,ACTIVE_DRYING
58.2,41.4,773.0,57,0,2.7,26.65773800745729,115,-0.08,-0.46,149,ACTIVE_DRYING
57.7,40.7,759.0,54,0,2.7,26.65773800745729,120,-0.36,-1.49,144,ACTIVE_DRYING
58.2,39.1,763.0,57,0,2.7,26.65773800745729,125,0.91,-1.83,139,NEAR_COMPLETE
58.0,37.7,753.0,53,0,2.7,26.65773800745729,130,-0.14,-1.23,134,NEAR_COMPLETE
57.9,36.9,751.0,55,0,2.7,26.65773800745729,135,-0.03,-1.55,129,NEAR_COMPLETE
58.3,35.3,757.0,53,0,2.7,26.65773800745729,140,0.55,-1.26,124,NEAR_COMPLETE
58.0,33.8,769.0,53,0,2.7,26.65773800745729,145,-0.3,-0.38,119,NEAR_COMPLETE
58.6,33.6,720.0,57,0,2.7,26.65773800745729,150,-0.14,0.09,114,NEAR_COMPLETE
58.5,33.1,651.0,54,0,2.7,26.65773800745729,155,-0.72,-0.48,109,NEAR_COMPLETE
57.6,32.8,695.0,57,0,2.7,26.65773800745729,160,-0.68,-0.63,104,COMPLETE
58.1,30.5,679.0,53,0,2.7,26.65773800745729,165,0.1,-1.81,99,COMPLETE
58.1,30.4,680.0,55,0,2.7,26.65773800745729,170,-0.0,0.18,94,COMPLETE
58.0,30.7,650.0,53,0,2.7,26.65773800745729,175,-0.14,-0.18,89,COMPLETE
58.2,29.4,611.0,53,0,2.7,26.65773800745729,180,-0.07,-1.41,84,COMPLETE
58.0,28.6,624.0,55,0,2.7,26.65773800745729,185,-0.15,-1.18,79,COMPLETE
57.6,27.4,543.0,53,0,2.7,26.65773800745729,190,0.25,-1.32,74,COMPLETE
58.3,25.8,544.0,54,0,2.7,26.65773800745729,195,0.34,-0.42,69,COMPLETE
58.1,26.7,557.0,55,0,2.7,26.65773800745729,200,-0.31,0.03,64,COMPLETE
57.5,25.2,507.0,54,0,2.7,26.65773800745729,205,-0.37,-1.86,59,COMPLETE
58.4,24.0,455.0,53,0,2.7,26.65773800745729,210,0.28,-0.99,54,COMPLETE
57.9,23.4,417.0,54,0,2.7,26.65773800745729,215,-0.59,0.97,49,COMPLETE
57.6,24.1,432.0,57,0,2.7,26.65773800745729,220,0.12,-0.29,44,COMPLETE
58.2,23.1,346.0,57,0,2.7,26.65773800745729,225,0.01,-1.52,39,COMPLETE
57.3,22.1,294.0,57,0,2.7,26.65773800745729,230,-1.35,-0.81,34,COMPLETE
55.9,21.8,231.0,57,0,2.7,26.65773800745729,235,-0.46,-0.2,29,COMPLETE
54.9,20.0,190.0,56,0,2.7,26.65773800745729,240,-0.24,-2.02,24,COMPLETE
54.6,20.3,110.0,55,0,2.7,26.65773800745729,245,-0.26,-0.42,19,COMPLETE
53.6,18.8,166.0,56,0,2.7,26.65773800745729,250,-0.79,-1.91,14,COMPLETE
52.9,19.1,70.0,56,0,2.7,26.65773800745729,255,-0.92,0.16,9,COMPLETE
52.0,18.8,65.0,56,0,2.7,26.65773800745729,260,-1.14,0.2,4,COMPLETE
32.4,71.6,35.0,39,1,2.0,25.72425240192416,0,-0.2,0.04,271,INITIAL
37.0,70.2,10.0,52,1,2.0,25.72425240192416,5,4.61,-1.81,266,INITIAL
41.1,68.4,91.0,59,1,2.0,25.72425240192416,10,3.99,-1.4,261,ACTIVE_DRYING
44.7,65.6,132.0,84,1,2.0,25.72425240192416,15,3.57,-1.79,256,ACTIVE_DRYING
48.1,65.0,181.0,85,1,2.0,25.72425240192416,20,3.99,-0.85,251,ACTIVE_DRYING
47.5,62.8,183.0,71,0,2.0,25.72425240192416,25,-0.49,-1.97,246,ACTIVE_DRYING
52.0,62.1,209.0,71,1,2.0,25.72425240192416,30,4.18,-0.67,241,ACTIVE_DRYING
51.3,59.9,282.0,68,0,2.0,25.72425240192416,35,-0.93,-2.76,236,ACTIVE_DRYING
50.3,57.3,301.0,69,0,2.0,25.72425240192416,40,-0.41,-1.62,231,ACTIVE_DRYING
50.3,55.3,369.0,72,0,2.0,25.72425240192416,45,-0.36,-1.79,226,ACTIVE_DRYING
49.7,54.3,373.0,71,0,2.0,25.72425240192416,50,-0.12,-1.47,221,ACTIVE_DRYING
50.2,53.0,442.0,69,0,2.0,25.72425240192416,55,0.77,-1.15,216,ACTIVE_DRYING
50.7,51.4,483.0,68,0,2.0,25.72425240192416,60,1.12,-0.81,211,ACTIVE_DRYING
51.6,50.4,503.0,68,0,2.0,25.72425240192416,65,0.89,-0.67,206,ACTIVE_DRYING
52.0,49.4,549.0,72,0,2.0,25.72425240192416,70,-0.19,-0.72,201,ACTIVE_DRYING
52.6,46.6,586.0,69,0,2.0,25.72425240192416,75,0.19,-2.27,196,ACTIVE_DRYING
52.8,45.6,602.0,70,0,2.0,25.72425240192416,80,0.05,-0.07,191,ACTIVE_DRYING
53.2,45.9,703.0,70,0,2.0,25.72425240192416,85,0.98,0.18,186,ACTIVE_DRYING
54.7,44.7,649.0,69,0,2.0,25.72425240192416,90,1.42,-1.67,181,ACTIVE_DRYING
56.0,42.8,654.0,56,0,2.0,25.72425240192416,95,0.9,-1.61,176,ACTIVE_DRYING
57.0,41.3,686.0,55,0,2.0,25.72425240192416,100,1.17,-1.04,171,ACTIVE_DRYING
57.4,41.2,714.0,54,0,2.0,25.72425240192416,105,1.23,-0.01,166,ACTIVE_DRYING
58.1,40.3,741.0,54,0,2.0,25.72425240192416,110,0.73,-1.6,161,NEAR_COMPLETE
58.4,39.0,723.0,56,0,2.0,25.72425240192416,115,0.0,-1.59,156,NEAR_COMPLETE
57.6,37.7,700.0,55,0,2.0,25.72425240192416,120,-0.33,-1.24,151,NEAR_COMPLETE
58.4,37.4,734.0,53,0,2.0,25.72425240192416,125,0.3,-0.57,146,NEAR_COMPLETE
57.9,35.1,777.0,54,0,2.0,25.72425240192416,130,-0.47,-1.51,141,NEAR_COMPLETE
58.6,35.4,761.0,55,0,2.0,25.72425240192416,135,0.25,-0.05,136,NEAR_COMPLETE
58.2,34.4,759.0,53,0,2.0,25.72425240192416,140,-0.65,-0.81,131,NEAR_COMPLETE
57.7,35.2,732.0,53,0,2.0,25.72425240192416,145,-0.03,-0.23,126,COMPLETE
57.9,32.3,732.0,55,0,2.0,25.72425240192416,150,0.49,-2.09,121,COMPLETE
57.8,32.0,748.0,53,0,2.0,25.72425240192416,155,0.05,-0.89,116,COMPLETE
58.2,30.2,699.0,57,0,2.0,25.72425240192416,160,-0.01,-1.38,111,COMPLETE
58.1,29.5,723.0,54,0,2.0,25.72425240192416,165,-0.25,-0.59,106,COMPLETE
57.7,30.7,637.0,53,0,2.0,25.72425240192416,170,-0.27,0.06,101,COMPLETE
58.2,27.7,665.0,54,0,2.0,25.72425240192416,175,0.18,-2.38,96,COMPLETE
58.5,28.1,716.0,56,0,2.0,25.72425240192416,180,-0.32,0.02,91,COMPLETE
58.6,27.4,647.0,54,0,2.0,25.72425240192416,185,-0.33,-0.85,86,COMPLETE
58.2,25.8,624.0,54,0,2.0,25.72425240192416,190,-0.87,-1.26,81,COMPLETE
58.1,24.6,564.0,56,0,2.0,25.72425240192416,195,-0.32,-0.63,76,COMPLETE
57.7,24.2,546.0,56,0,2.0,25.72425240192416,200,0.01,-0.29,71,COMPLETE
57.7,23.0,523.0,53,0,2.0,25.72425240192416,205,0.14,-1.71,66,COMPLETE
58.2,21.9,439.0,55,0,2.0,25.72425240192416,210,0.37,-1.01,61,COMPLETE
57.7,22.3,436.0,57,0,2.0,25.72425240192416,215,-0.41,0.61,56,COMPLETE
57.8,23.0,444.0,55,0,2.0,25.72425240192416,220,0.05,-0.05,51,COMPLETE
57.7,22.3,380.0,53,0,2.0,25.72425240192416,225,0.3,-0.43,46,COMPLETE
58.4,23.1,324.0,55,0,2.0,25.72425240192416,230,-0.06,0.68,41,COMPLETE
57.1,22.8,281.0,57,0,2.0,25.72425240192416,235,-1.29,-1.15,36,COMPLETE
56.4,20.8,255.0,55,0,2.0,25.72425240192416,240,-0.94,-1.21,31,COMPLETE
56.0,19.8,194.0,54,0,2.0,25.72425240192416,245,-0.58,-1.08,26,COMPLETE
55.2,19.5,178.0,55,0,2.0,25.72425240192416,250,-1.19,-0.27,21,COMPLETE
53.6,19.3,161.0,53,0,2.0,25.72425240192416,255,-0.82,-0.48,16,COMPLETE
53.0,17.7,77.0,57,0,2.0,25.72425240192416,260,-0.62,-1.11,11,COMPLETE
51.2,17.3,54.0,55,0,2.0,25.72425240192416,265,-1.16,0.63,6,COMPLETE
50.1,18.2,0.0,54,0,2.0,25.72425240192416,270,-1.04,0.48,1,COMPLETE
34.5,76.0,3.0,38,1,2.3,28.97241895929693,0,0.19,0.14,241,INITIAL
39.4,74.4,48.0,48,1,2.3,28.97241895929693,5,4.38,-2.14,236,INITIAL
43.7,71.8,119.0,62,1,2.3,28.97241895929693,10,4.27,-1.86,231,ACTIVE_DRYING
47.7,71.0,171.0,85,1,2.3,28.97241895929693,15,3.95,-1.3,226,ACTIVE_DRYING
52.4,69.2,223.0,86,1,2.3,28.97241895929693,20,4.38,-1.71,221,ACTIVE_DRYING
51.1,66.0,218.0,84,0,2.3,28.97241895929693,25,-1.4,-2.59,216,ACTIVE_DRYING
50.1,64.8,304.0,85,0,2.3,28.97241895929693,30,-1.24,-0.99,211,ACTIVE_DRYING
48.6,63.0,316.0,83,0,2.3,28.97241895929693,35,-0.67,-1.41,206,ACTIVE_DRYING
48.9,62.1,329.0,72,0,2.3,28.97241895929693,40,0.43,-0.95,201,ACTIVE_DRYING
48.5,59.1,415.0,70,0,2.3,28.97241895929693,45,-0.24,-2.75,196,ACTIVE_DRYING
49.4,57.9,420.0,69,0,2.3,28.97241895929693,50,0.98,-1.79,191,ACTIVE_DRYING
50.0,56.8,468.0,72,0,2.3,28.97241895929693,55,0.45,-1.89,186,ACTIVE_DRYING
49.9,55.0,573.0,72,0,2.3,28.97241895929693,60,-0.06,-2.03,181,ACTIVE_DRYING
50.9,54.3,582.0,68,0,2.3,28.97241895929693,65,1.57,-0.89,176,ACTIVE_DRYING
50.9,53.7,610.0,69,0,2.3,28.97241895929693,70,0.56,-0.74,171,ACTIVE_DRYING
51.6,53.8,638.0,68,0,2.3,28.97241895929693,75,0.92,-1.08,166,ACTIVE_DRYING
52.8,51.8,621.0,72,0,2.3,28.97241895929693,80,0.85,-1.58,161,ACTIVE_DRYING
52.8,50.8,633.0,69,0,2.3,28.97241895929693,85,0.29,-0.95,156,ACTIVE_DRYING
53.7,49.6,687.0,70,0,2.3,28.97241895929693,90,1.08,-1.78,151,ACTIVE_DRYING
55.1,47.9,703.0,72,0,2.3,28.97241895929693,95,1.21,-1.91,146,ACTIVE_DRYING
55.6,46.0,729.0,70,0,2.3,28.97241895929693,100,0.56,-2.86,141,ACTIVE_DRYING
56.6,45.0,718.0,68,0,2.3,28.97241895929693,105,1.06,-1.69,136,ACTIVE_DRYING
57.2,43.3,768.0,55,0,2.3,28.97241895929693,110,1.15,-0.8,131,ACTIVE_DRYING
58.3,42.7,811.0,53,0,2.3,28.97241895929693,115,1.0,-0.77,126,NEAR_COMPLETE
58.4,42.4,732.0,53,0,2.3,28.97241895929693,120,-0.37,-1.11,121,NEAR_COMPLETE
58.1,41.1,777.0,53,0,2.3,28.97241895929693,125,-0.41,-1.71,116,NEAR_COMPLETE
58.3,38.3,745.0,54,0,2.3,28.97241895929693,130,0.15,-2.09,111,NEAR_COMPLETE
58.0,38.3,721.0,55,0,2.3,28.97241895929693,135,-0.59,-0.51,106,NEAR_COMPLETE
58.5,35.9,697.0,55,0,2.3,28.97241895929693,140,-0.24,-2.45,101,NEAR_COMPLETE
57.9,34.5,696.0,57,0,2.3,28.97241895929693,145,-0.42,-1.92,96,NEAR_COMPLETE
58.0,32.0,666.0,53,0,2.3,28.97241895929693,150,0.22,-2.74,91,COMPLETE
58.0,31.9,697.0,54,0,2.3,28.97241895929693,155,-0.12,-0.82,86,COMPLETE
58.1,31.2,722.0,56,0,2.3,28.97241895929693,160,0.06,-1.07,81,COMPLETE
57.6,30.1,605.0,56,0,2.3,28.97241895929693,165,0.24,-0.88,76,COMPLETE
57.9,30.0,593.0,53,0,2.3,28.97241895929693,170,0.2,-0.72,71,COMPLETE
57.8,27.5,592.0,54,0,2.3,28.97241895929693,175,-0.08,-2.64,66,COMPLETE
57.8,26.8,491.0,57,0,2.3,28.97241895929693,180,-0.12,-0.54,61,COMPLETE
58.3,26.0,497.0,55,0,2.3,28.97241895929693,185,-0.08,0.0,56,COMPLETE
58.4,25.6,435.0,57,0,2.3,28.97241895929693,190,-0.51,-0.47,51,COMPLETE
58.3,23.7,385.0,54,0,2.3,28.97241895929693,195,-0.45,-0.25,46,COMPLETE
58.0,25.4,347.0,53,0,2.3,28.97241895929693,200,-0.9,0.59,41,COMPLETE
57.4,23.4,366.0,56,0,2.3,28.97241895929693,205,-0.9,-1.17,36,COMPLETE
56.6,22.2,264.0,57,0,2.3,28.97241895929693,210,-0.51,-0.65,31,COMPLETE
56.1,21.6,257.0,54,0,2.3,28.97241895929693,215,-0.58,0.17,26,COMPLETE
55.3,22.3,259.0,53,0,2.3,28.97241895929693,220,-0.78,-0.19,21,COMPLETE
55.0,21.3,115.0,56,0,2.3,28.97241895929693,225,-0.62,-1.31,16,COMPLETE
53.1,20.1,106.0,55,0,2.3,28.97241895929693,230,-1.25,0.01,11,COMPLETE
52.4,19.4,87.0,55,0,2.3,28.97241895929693,235,-0.61,-0.33,6,COMPLETE
50.4,17.6,0.0,55,0,2.3,28.97241895929693,240,-1.86,-1.77,1,COMPLETE
35.6,73.9,0.0,38,1,2.6,30.82594593916844,0,0.03,-0.55,180,INITIAL
40.2,72.2,38.0,48,1,2.6,30.82594593916844,5,4.13,-1.66,175,INITIAL
44.9,70.3,164.0,62,1,2.6,30.82594593916844,10,3.71,-2.37,170,ACTIVE_DRYING
48.4,70.0,190.0,87,1,2.6,30.82594593916844,15,3.44,-1.12,165,ACTIVE_DRYING
47.1,67.9,222.0,86,0,2.6,30.82594593916844,20,-1.13,-2.06,160,ACTIVE_DRYING
51.1,65.6,335.0,84,1,2.6,30.82594593916844,25,4.53,-1.58,155,ACTIVE_DRYING
50.6,64.9,367.0,83,0,2.6,30.82594593916844,30,-0.23,-0.28,150,ACTIVE_DRYING
51.1,64.4,462.0,83,0,2.6,30.82594593916844,35,0.73,-1.45,145,ACTIVE_DRYING
51.7,62.6,483.0,72,0,2.6,30.82594593916844,40,0.44,-1.94,140,ACTIVE_DRYING
51.8,61.5,539.0,72,0,2.6,30.82594593916844,45,-0.14,-1.22,135,ACTIVE_DRYING
53.1,60.3,578.0,68,0,2.6,30.82594593916844,50,1.46,-1.7,130,ACTIVE_DRYING
53.0,58.4,563.0,69,0,2.6,30.82594593916844,55,0.17,-1.23,125,ACTIVE_DRYING
54.1,56.7,664.0,71,0,2.6,30.82594593916844,60,0.97,-0.53,120,ACTIVE_DRYING
54.6,55.2,661.0,72,0,2.6,30.82594593916844,65,0.51,-1.33,115,ACTIVE_DRYING
56.0,55.2,744.0,71,0,2.6,30.82594593916844,70,1.3,-0.87,110,ACTIVE_DRYING
56.8,53.6,696.0,70,0,2.6,30.82594593916844,75,0.84,-2.08,105,ACTIVE_DRYING
57.7,52.2,760.0,69,0,2.6,30.82594593916844,80,1.72,-1.73,100,ACTIVE_DRYING
58.1,51.5,733.0,71,0,2.6,30.82594593916844,85,0.14,-0.56,95,ACTIVE_DRYING
58.5,51.1,735.0,71,0,2.6,30.82594593916844,90,-0.14,-0.61,90,ACTIVE_DRYING
57.7,49.7,708.0,71,0,2.6,30.82594593916844,95,-0.59,-1.27,85,ACTIVE_DRYING
58.6,49.1,797.0,69,0,2.6,30.82594593916844,100,0.59,-1.03,80,STABILIZING
57.9,48.2,783.0,71,0,2.6,30.82594593916844,105,-0.77,-0.84,75,STABILIZING
58.0,46.5,639.0,72,0,2.6,30.82594593916844,110,0.27,-1.69,70,STABILIZING
58.4,44.7,667.0,68,0,2.6,30.82594593916844,115,-0.01,-1.5,65,STABILIZING
58.0,44.6,683.0,57,0,2.6,30.82594593916844,120,-0.45,-0.51,60,STABILIZING
57.7,43.5,578.0,57,0,2.6,30.82594593916844,125,-0.19,-1.08,55,STABILIZING
58.2,41.8,530.0,53,0,2.6,30.82594593916844,130,0.44,-1.96,50,STABILIZING
58.0,40.9,518.0,57,0,2.6,30.82594593916844,135,-0.22,-0.99,45,STABILIZING
57.9,40.2,491.0,55,0,2.6,30.82594593916844,140,-0.06,-0.97,40,STABILIZING
57.8,38.3,386.0,53,0,2.6,30.82594593916844,145,-0.4,-1.68,35,STABILIZING
58.0,37.6,380.0,55,0,2.6,30.82594593916844,150,-0.14,-0.45,30,STABILIZING
57.3,37.2,327.0,54,0,2.6,30.82594593916844,155,-0.54,-1.52,25,STABILIZING
56.8,34.7,220.0,54,0,2.6,30.82594593916844,160,-0.81,-1.77,20,STABILIZING
55.4,33.9,192.0,56,0,2.6,30.82594593916844,165,-1.87,0.25,15,NEAR_COMPLETE
53.8,33.0,101.0,54,0,2.6,30.82594593916844,170,-1.27,-0.2,10,NEAR_COMPLETE
52.8,31.3,43.0,55,0,2.6,30.82594593916844,175,-1.02,-1.98,5,NEAR_COMPLETE
50.9,30.4,0.0,57,0,2.6,30.82594593916844,180,-1.97,-0.22,0,NEAR_COMPLETE
33.4,71.6,0.0,38,1,2.9,25.679066861042617,0,-0.05,0.1,302,INITIAL
37.8,69.4,102.0,49,1,2.9,25.679066861042617,5,4.56,-1.73,297,INITIAL
42.1,68.5,17.0,62,1,2.9,25.679066861042617,10,4.37,-1.34,292,ACTIVE_DRYING
45.6,65.9,124.0,85,1,2.9,25.679066861042617,15,4.0,-2.76,287,ACTIVE_DRYING
50.2,63.3,173.0,83,1,2.9,25.679066861042617,20,4.56,-2.38,282,ACTIVE_DRYING
49.3,61.6,245.0,69,0,2.9,25.679066861042617,25,-0.72,-1.98,277,ACTIVE_DRYING
47.9,58.9,223.0,70,0,2.9,25.679066861042617,30,-0.41,-0.82,272,ACTIVE_DRYING
48.1,59.3,204.0,70,0,2.9,25.679066861042617,35,0.05,0.21,267,ACTIVE_DRYING
47.2,58.0,288.0,71,0,2.9,25.679066861042617,40,-0.65,-1.44,262,ACTIVE_DRYING
46.8,57.8,300.0,70,0,2.9,25.679066861042617,45,-0.4,-1.14,257,ACTIVE_DRYING
47.2,54.9,379.0,68,0,2.9,25.679066861042617,50,-0.14,-2.69,252,ACTIVE_DRYING
46.6,52.7,450.0,72,0,2.9,25.679066861042617,55,-0.29,-2.6,247,ACTIVE_DRYING
47.2,52.5,442.0,72,0,2.9,25.679066861042617,60,0.61,-0.43,242,ACTIVE_DRYING
47.3,50.7,471.0,68,0,2.9,25.679066861042617,65,0.68,-2.1,237,ACTIVE_DRYING
48.2,48.6,537.0,69,0,2.9,25.679066861042617,70,0.95,-1.49,232,ACTIVE_DRYING
48.8,47.2,545.0,69,0,2.9,25.679066861042617,75,0.57,-0.31,227,ACTIVE_DRYING
49.8,47.8,569.0,72,0,2.9,25.679066861042617,80,0.72,-0.23,222,ACTIVE_DRYING
50.2,46.1,595.0,69,0,2.9,25.679066861042617,85,0.46,-1.88,217,ACTIVE_DRYING
51.0,45.5,644.0,70,0,2.9,25.679066861042617,90,0.58,-1.3,212,ACTIVE_DRYING
51.8,44.3,656.0,55,0,2.9,25.679066861042617,95,1.0,-1.31,207,ACTIVE_DRYING
52.7,42.3,652.0,53,0,2.9,25.679066861042617,100,0.76,-1.62,202,ACTIVE_DRYING
54.5,41.1,703.0,57,0,2.9,25.679066861042617,105,2.12,-0.7,197,ACTIVE_DRYING
55.9,40.6,686.0,55,0,2.9,25.679066861042617,110,1.63,-0.28,192,ACTIVE_DRYING
57.3,40.7,719.0,57,0,2.9,25.679066861042617,115,1.08,-0.24,187,ACTIVE_DRYING
57.7,38.7,675.0,53,0,2.9,25.679066861042617,120,0.65,-2.09,182,NEAR_COMPLETE
58.5,37.9,749.0,56,0,2.9,25.679066861042617,125,0.27,-0.62,177,NEAR_COMPLETE
58.0,38.5,721.0,53,0,2.9,25.679066861042617,130,-0.77,-0.16,172,NEAR_COMPLETE
58.2,37.1,747.0,57,0,2.9,25.679066861042617,135,0.14,-2.21,167,NEAR_COMPLETE
57.8,36.5,758.0,57,0,2.9,25.679066861042617,140,-0.28,-1.12,162,NEAR_COMPLETE
57.9,35.6,749.0,57,0,2.9,25.679066861042617,145,0.29,-1.7,157,NEAR_COMPLETE
57.6,33.6,761.0,57,0,2.9,25.679066861042617,150,-0.07,-1.46,152,NEAR_COMPLETE
58.3,32.9,749.0,55,0,2.9,25.679066861042617,155,0.66,-0.15,147,COMPLETE
58.2,32.5,710.0,56,0,2.9,25.679066861042617,160,-0.42,-0.39,142,COMPLETE
57.7,30.9,655.0,55,0,2.9,25.679066861042617,165,-0.11,-1.67,137,COMPLETE
57.3,29.8,753.0,53,0,2.9,25.679066861042617,170,0.37,-1.2,132,COMPLETE
57.9,28.7,745.0,57,0,2.9,25.679066861042617,175,0.23,-0.42,127,COMPLETE
57.8,28.5,706.0,57,0,2.9,25.679066861042617,180,0.12,-0.83,122,COMPLETE
58.3,28.0,654.0,56,0,2.9,25.679066861042617,185,0.31,-0.94,117,COMPLETE
58.3,27.1,695.0,55,0,2.9,25.679066861042617,190,-0.25,-0.67,112,COMPLETE
57.9,26.7,599.0,53,0,2.9,25.679066861042617,195,-0.06,-0.17,107,COMPLETE
57.9,25.1,662.0,55,0,2.9,25.679066861042617,200,0.53,-1.68,102,COMPLETE
58.2,23.7,683.0,55,0,2.9,25.679066861042617,205,0.1,-0.55,97,COMPLETE
57.9,23.5,593.0,57,0,2.9,25.679066861042617,210,-0.05,-0.29,92,COMPLETE
58.0,22.2,545.0,54,0,2.9,25.679066861042617,215,0.21,-1.51,87,COMPLETE
57.7,21.7,554.0,55,0,2.9,25.679066861042617,220,-0.08,-0.71,82,COMPLETE
58.2,21.1,506.0,56,0,2.9,25.679066861042617,225,0.48,-0.65,77,COMPLETE
57.8,21.8,542.0,53,0,2.9,25.679066861042617,230,-0.22,-0.13,72,COMPLETE
57.9,21.8,480.0,54,0,2.9,25.679066861042617,235,-0.1,-1.27,67,COMPLETE
58.2,20.3,472.0,53,0,2.9,25.679066861042617,240,0.39,-0.98,62,COMPLETE
57.7,20.4,413.0,56,0,2.9,25.679066861042617,245,-0.02,-0.75,57,COMPLETE
57.1,18.8,437.0,55,0,2.9,25.679066861042617,250,0.26,-1.25,52,COMPLETE
57.8,18.0,376.0,55,0,2.9,25.679066861042617,255,0.36,-0.11,47,COMPLETE
57.1,18.2,331.0,54,0,2.9,25.679066861042617,260,-0.16,0.74,42,COMPLETE
57.2,18.2,334.0,56,0,2.9,25.679066861042617,265,0.05,-0.46,37,COMPLETE
56.2,17.6,225.0,56,0,2.9,25.679066861042617,270,-0.67,0.2,32,COMPLETE
54.6,18.9,223.0,57,0,2.9,25.679066861042617,275,-0.81,-0.12,27,COMPLETE
53.8,18.9,149.0,55,0,2.9,25.679066861042617,280,-0.18,-0.6,22,COMPLETE
53.4,18.2,163.0,56,0,2.9,25.679066861042617,285,-0.45,-0.96,17,COMPLETE
52.0,18.8,92.0,55,0,2.9,25.679066861042617,290,-1.41,0.08,12,COMPLETE
50.7,18.2,100.0,55,0,2.9,25.679066861042617,295,-0.97,-0.71,7,COMPLETE
49.2,17.9,22.0,57,0,2.9,25.679066861042617,300,-1.7,-0.38,2,COMPLETE
34.9,72.3,0.0,38,1,2.2,35.40142657187437,0,-0.04,-0.44,230,INITIAL
38.6,70.9,105.0,49,1,2.2,35.40142657187437,5,3.95,-1.45,225,INITIAL
42.6,70.9,63.0,60,1,2.2,35.40142657187437,10,3.79,-1.32,220,ACTIVE_DRYING
46.6,68.7,171.0,87,1,2.2,35.40142657187437,15,3.96,-2.23,215,ACTIVE_DRYING
50.6,68.2,258.0,83,1,2.2,35.40142657187437,20,4.22,-1.22,210,ACTIVE_DRYING
49.9,66.3,211.0,83,0,2.2,35.40142657187437,25,-0.84,-1.24,205,ACTIVE_DRYING
48.5,66.8,313.0,84,0,2.2,35.40142657187437,30,-0.96,-0.46,200,ACTIVE_DRYING
48.4,64.6,364.0,87,0,2.2,35.40142657187437,35,-0.44,-2.67,195,ACTIVE_DRYING
48.0,63.4,427.0,72,0,2.2,35.40142657187437,40,-0.11,-1.86,190,ACTIVE_DRYING
48.0,61.1,404.0,72,0,2.2,35.40142657187437,45,-0.04,-1.79,185,ACTIVE_DRYING
48.4,59.9,495.0,70,0,2.2,35.40142657187437,50,0.88,-0.98,180,ACTIVE_DRYING
49.0,58.3,487.0,69,0,2.2,35.40142657187437,55,0.77,-1.26,175,ACTIVE_DRYING
50.0,57.9,527.0,72,0,2.2,35.40142657187437,60,1.19,-0.91,170,ACTIVE_DRYING
51.2,55.9,572.0,71,0,2.2,35.40142657187437,65,0.39,-1.58,165,ACTIVE_DRYING
51.5,54.8,607.0,69,0,2.2,35.40142657187437,70,0.07,-1.24,160,ACTIVE_DRYING
52.2,53.3,671.0,72,0,2.2,35.40142657187437,75,1.17,-1.91,155,ACTIVE_DRYING
52.8,52.2,609.0,69,0,2.2,35.40142657187437,80,0.78,-1.63,150,ACTIVE_DRYING
53.8,50.8,681.0,72,0,2.2,35.40142657187437,85,0.93,-1.02,145,ACTIVE_DRYING
54.9,50.1,766.0,72,0,2.2,35.40142657187437,90,1.38,-1.08,140,ACTIVE_DRYING
56.5,48.1,735.0,72,0,2.2,35.40142657187437,95,1.83,-2.69,135,ACTIVE_DRYING
57.2,46.5,738.0,71,0,2.2,35.40142657187437,100,1.05,-1.2,130,ACTIVE_DRYING
57.9,46.6,701.0,69,0,2.2,35.40142657187437,105,0.65,-0.3,125,ACTIVE_DRYING
58.0,45.6,730.0,68,0,2.2,35.40142657187437,110,-0.03,-1.42,120,ACTIVE_DRYING
57.6,43.7,739.0,71,0,2.2,35.40142657187437,115,-0.21,-2.43,115,ACTIVE_DRYING
58.0,41.6,724.0,57,0,2.2,35.40142657187437,120,0.69,-1.3,110,ACTIVE_DRYING
57.8,41.1,769.0,54,0,2.2,35.40142657187437,125,-0.32,-0.78,105,ACTIVE_DRYING
57.8,41.1,761.0,55,0,2.2,35.40142657187437,130,0.02,-0.71,100,STABILIZING
58.2,39.7,729.0,53,0,2.2,35.40142657187437,135,0.5,-0.91,95,NEAR_COMPLETE
57.5,38.7,701.0,57,0,2.2,35.40142657187437,140,0.31,-1.51,90,NEAR_COMPLETE
57.3,37.3,654.0,54,0,2.2,35.40142657187437,145,0.15,-1.64,85,NEAR_COMPLETE
58.4,37.9,685.0,55,0,2.2,35.40142657187437,150,0.95,-0.02,80,NEAR_COMPLETE
57.7,36.1,622.0,54,0,2.2,35.40142657187437,155,-0.69,-2.0,75,NEAR_COMPLETE
58.2,35.6,624.0,57,0,2.2,35.40142657187437,160,0.04,-0.95,70,NEAR_COMPLETE
57.8,34.8,559.0,55,0,2.2,35.40142657187437,165,-0.09,-0.91,65,COMPLETE
58.1,33.4,532.0,53,0,2.2,35.40142657187437,170,0.56,-0.86,60,COMPLETE
58.0,32.2,536.0,54,0,2.2,35.40142657187437,175,0.1,-0.79,55,COMPLETE
58.1,31.6,448.0,56,0,2.2,35.40142657187437,180,-0.28,-0.06,50,COMPLETE
58.0,30.6,435.0,53,0,2.2,35.40142657187437,185,0.18,-0.87,45,COMPLETE
58.1,29.4,358.0,57,0,2.2,35.40142657187437,190,-0.25,-0.93,40,COMPLETE
57.5,29.2,388.0,54,0,2.2,35.40142657187437,195,-0.11,-0.67,35,COMPLETE
57.6,27.9,317.0,57,0,2.2,35.40142657187437,200,0.08,-0.81,30,COMPLETE
57.0,27.2,252.0,54,0,2.2,35.40142657187437,205,-0.55,-1.24,25,COMPLETE
56.4,25.0,182.0,55,0,2.2,35.40142657187437,210,-0.74,-1.68,20,COMPLETE
55.4,25.3,93.0,56,0,2.2,35.40142657187437,215,-1.25,0.12,15,COMPLETE
53.8,23.6,108.0,53,0,2.2,35.40142657187437,220,-1.26,-1.02,10,COMPLETE
52.6,24.7,60.0,56,0,2.2,35.40142657187437,225,-0.92,-0.16,5,COMPLETE
51.6,23.4,0.0,54,0,2.2,35.40142657187437,230,-1.43,-1.48,0,COMPLETE
33.4,70.0,0.0,41,1,2.8,25.367529489609414,0,0.06,-0.18,305,INITIAL
37.1,67.8,53.0,49,1,2.8,25.367529489609414,5,4.36,-1.49,300,INITIAL
41.5,66.9,22.0,58,1,2.8,25.367529489609414,10,4.28,-0.7,295,ACTIVE_DRYING
45.2,65.4,123.0,84,1,2.8,25.367529489609414,15,4.06,-1.43,290,ACTIVE_DRYING
49.2,64.7,142.0,84,1,2.8,25.367529489609414,20,3.59,-0.59,285,ACTIVE_DRYING
48.1,62.9,170.0,72,0,2.8,25.367529489609414,25,-1.37,-1.74,280,ACTIVE_DRYING
46.8,61.3,164.0,69,0,2.8,25.367529489609414,30,-0.96,-2.34,275,ACTIVE_DRYING
51.3,60.1,252.0,71,1,2.8,25.367529489609414,35,4.95,-0.77,270,ACTIVE_DRYING
50.7,58.9,279.0,68,0,2.8,25.367529489609414,40,-0.64,-0.81,265,ACTIVE_DRYING
50.0,57.9,349.0,68,0,2.8,25.367529489609414,45,-0.18,-0.99,260,ACTIVE_DRYING
50.0,56.9,335.0,71,0,2.8,25.367529489609414,50,0.14,-1.37,255,ACTIVE_DRYING
50.5,54.2,394.0,71,0,2.8,25.367529489609414,55,0.27,-2.27,250,ACTIVE_DRYING
50.0,54.1,467.0,68,0,2.8,25.367529489609414,60,0.03,-0.21,245,ACTIVE_DRYING
51.2,52.1,464.0,70,0,2.8,25.367529489609414,65,1.17,-1.94,240,ACTIVE_DRYING
51.2,51.6,464.0,72,0,2.8,25.367529489609414,70,-0.05,-0.82,235,ACTIVE_DRYING
51.5,50.0,577.0,71,0,2.8,25.367529489609414,75,0.58,-1.51,230,ACTIVE_DRYING
51.4,48.4,567.0,69,0,2.8,25.367529489609414,80,0.21,-0.32,225,ACTIVE_DRYING
52.5,48.0,597.0,72,0,2.8,25.367529489609414,85,0.91,-0.24,220,ACTIVE_DRYING
53.2,45.8,610.0,72,0,2.8,25.367529489609414,90,0.76,-1.97,215,ACTIVE_DRYING
53.8,45.3,621.0,69,0,2.8,25.367529489609414,95,1.3,-0.85,210,ACTIVE_DRYING
54.5,43.4,630.0,54,0,2.8,25.367529489609414,100,0.8,-2.0,205,ACTIVE_DRYING
56.0,42.2,629.0,53,0,2.8,25.367529489609414,105,0.99,-0.79,200,ACTIVE_DRYING
56.5,41.3,629.0,55,0,2.8,25.367529489609414,110,0.81,-0.7,195,NEAR_COMPLETE
57.6,40.1,652.0,53,0,2.8,25.367529489609414,115,1.0,-0.84,190,NEAR_COMPLETE
57.7,38.6,703.0,55,0,2.8,25.367529489609414,120,0.59,-0.96,185,NEAR_COMPLETE
58.2,37.6,679.0,54,0,2.8,25.367529489609414,125,0.58,-1.36,180,NEAR_COMPLETE
58.2,36.0,716.0,53,0,2.8,25.367529489609414,130,-0.11,-1.12,175,NEAR_COMPLETE
57.6,35.3,765.0,55,0,2.8,25.367529489609414,135,-0.22,-0.97,170,NEAR_COMPLETE
58.0,34.7,807.0,54,0,2.8,25.367529489609414,140,0.44,-0.69,165,NEAR_COMPLETE
57.8,33.7,730.0,54,0,2.8,25.367529489609414,145,0.04,-0.73,160,COMPLETE
58.3,32.6,767.0,53,0,2.8,25.367529489609414,150,0.26,-1.14,155,COMPLETE
58.1,31.9,798.0,53,0,2.8,25.367529489609414,155,-0.1,-1.15,150,COMPLETE
57.7,30.3,754.0,56,0,2.8,25.367529489609414,160,-0.54,-1.0,145,COMPLETE
57.8,30.4,751.0,54,0,2.8,25.367529489609414,165,0.26,0.39,140,COMPLETE
57.6,29.1,757.0,56,0,2.8,25.367529489609414,170,0.31,-1.47,135,COMPLETE
57.5,28.7,735.0,57,0,2.8,25.367529489609414,175,0.29,-0.37,130,COMPLETE
58.3,28.1,717.0,53,0,2.8,25.367529489609414,180,0.63,-0.64,125,COMPLETE
58.4,26.9,746.0,53,0,2.8,25.367529489609414,185,-0.22,-0.2,120,COMPLETE
57.9,27.9,658.0,53,0,2.8,25.367529489609414,190,-0.26,0.92,115,COMPLETE
58.0,24.5,675.0,56,0,2.8,25.367529489609414,195,0.39,-2.95,110,COMPLETE
57.2,24.2,702.0,56,0,2.8,25.367529489609414,200,0.19,-0.35,105,COMPLETE
57.9,23.3,646.0,57,0,2.8,25.367529489609414,205,1.09,-1.25,100,COMPLETE
57.4,22.4,595.0,54,0,2.8,25.367529489609414,210,-0.35,-0.97,95,COMPLETE
58.1,22.1,615.0,54,0,2.8,25.367529489609414,215,0.76,0.09,90,COMPLETE
57.6,20.4,611.0,54,0,2.8,25.367529489609414,220,-0.05,-1.12,85,COMPLETE
58.3,19.2,549.0,56,0,2.8,25.367529489609414,225,0.53,-0.42,80,COMPLETE
57.8,18.9,540.0,56,0,2.8,25.367529489609414,230,-0.57,-0.45,75,COMPLETE
58.4,18.3,502.0,56,0,2.8,25.367529489609414,235,0.3,-0.52,70,COMPLETE
57.8,18.7,413.0,54,0,2.8,25.367529489609414,240,-0.23,0.17,65,COMPLETE
58.0,18.1,419.0,55,0,2.8,25.367529489609414,245,0.07,-0.71,60,COMPLETE
57.9,17.7,369.0,54,0,2.8,25.367529489609414,250,-0.3,-0.2,55,COMPLETE
58.2,18.2,358.0,54,0,2.8,25.367529489609414,255,-0.28,0.24,50,COMPLETE
58.0,18.7,321.0,55,0,2.8,25.367529489609414,260,-0.73,-0.67,45,COMPLETE
57.4,18.2,334.0,54,0,2.8,25.367529489609414,265,-0.36,-0.11,40,COMPLETE
56.9,18.5,257.0,57,0,2.8,25.367529489609414,270,-0.93,0.07,35,COMPLETE
56.4,19.0,253.0,54,0,2.8,25.367529489609414,275,-0.55,-0.62,30,COMPLETE
55.3,17.6,157.0,57,0,2.8,25.367529489609414,280,-1.15,-1.41,25,COMPLETE
53.5,18.2,183.0,54,0,2.8,25.367529489609414,285,-0.78,0.62,20,COMPLETE
53.5,18.5,70.0,57,0,2.8,25.367529489609414,290,-0.35,-0.28,15,COMPLETE
52.4,18.0,102.0,56,0,2.8,25.367529489609414,295,-0.95,-0.6,10,COMPLETE
51.2,18.6,49.0,53,0,2.8,25.367529489609414,300,-0.97,0.37,5,COMPLETE
50.9,17.8,20.0,54,0,2.8,25.367529489609414,305,-0.63,-0.09,0,COMPLETE
33.9,76.3,41.0,39,1,1.9,26.183899408148193,0,0.08,0.31,333,INITIAL
37.9,72.6,38.0,51,1,1.9,26.183899408148193,5,4.33,-2.57,328,INITIAL
41.4,72.0,112.0,62,1,1.9,26.183899408148193,10,4.1,-1.34,323,ACTIVE_DRYING
45.9,70.0,125.0,83,1,1.9,26.183899408148193,15,4.98,-2.92,318,ACTIVE_DRYING
49.9,67.8,167.0,84,1,1.9,26.183899408148193,20,4.1,-2.61,313,ACTIVE_DRYING
48.2,65.1,157.0,84,0,1.9,26.183899408148193,25,-1.64,-1.72,308,ACTIVE_DRYING
48.0,64.9,191.0,86,0,1.9,26.183899408148193,30,-0.76,-0.7,303,ACTIVE_DRYING
51.8,63.3,228.0,70,1,1.9,26.183899408148193,35,4.49,-2.19,298,ACTIVE_DRYING
50.6,60.9,252.0,69,0,1.9,26.183899408148193,40,-0.41,-2.29,293,ACTIVE_DRYING
51.0,59.1,326.0,71,0,1.9,26.183899408148193,45,0.06,-2.01,288,ACTIVE_DRYING
50.4,57.7,323.0,69,0,1.9,26.183899408148193,50,-0.9,-1.12,283,ACTIVE_DRYING
50.0,55.7,386.0,70,0,1.9,26.183899408148193,55,-0.26,-0.48,278,ACTIVE_DRYING
50.0,55.3,406.0,70,0,1.9,26.183899408148193,60,-0.01,0.72,273,ACTIVE_DRYING
49.8,54.8,412.0,72,0,1.9,26.183899408148193,65,-0.29,-0.26,268,ACTIVE_DRYING
50.5,52.8,483.0,71,0,1.9,26.183899408148193,70,0.33,-2.16,263,ACTIVE_DRYING
50.4,51.6,486.0,72,0,1.9,26.183899408148193,75,-0.14,-1.74,258,ACTIVE_DRYING
51.0,47.6,513.0,72,0,1.9,26.183899408148193,80,0.28,-2.54,253,ACTIVE_DRYING
51.1,47.9,526.0,72,0,1.9,26.183899408148193,85,0.43,-0.51,248,ACTIVE_DRYING
52.5,46.4,564.0,72,0,1.9,26.183899408148193,90,1.09,-1.39,243,ACTIVE_DRYING
52.6,45.3,547.0,68,0,1.9,26.183899408148193,95,-0.06,-1.25,238,ACTIVE_DRYING
52.6,45.3,558.0,69,0,1.9,26.183899408148193,100,0.16,-0.27,233,ACTIVE_DRYING
53.8,45.0,633.0,72,0,1.9,26.183899408148193,105,1.54,-2.03,228,ACTIVE_DRYING
54.9,42.9,653.0,55,0,1.9,26.183899408148193,110,1.27,-2.23,223,ACTIVE_DRYING
56.7,40.9,680.0,56,0,1.9,26.183899408148193,115,1.7,-1.37,218,ACTIVE_DRYING
57.8,40.7,629.0,55,0,1.9,26.183899408148193,120,0.86,-0.29,213,ACTIVE_DRYING
57.6,38.8,693.0,55,0,1.9,26.183899408148193,125,-0.11,-2.1,208,ACTIVE_DRYING
58.0,39.1,662.0,56,0,1.9,26.183899408148193,130,0.5,-0.91,203,ACTIVE_DRYING
57.7,36.3,691.0,53,0,1.9,26.183899408148193,135,0.18,-2.55,198,NEAR_COMPLETE
58.4,35.9,702.0,54,0,1.9,26.183899408148193,140,0.67,-0.52,193,NEAR_COMPLETE
57.7,35.5,720.0,53,0,1.9,26.183899408148193,145,-0.3,-0.37,188,NEAR_COMPLETE
58.3,34.3,810.0,53,0,1.9,26.183899408148193,150,0.67,-2.11,183,NEAR_COMPLETE
57.7,31.9,758.0,53,0,1.9,26.183899408148193,155,-0.04,-1.8,178,NEAR_COMPLETE
57.6,31.6,748.0,53,0,1.9,26.183899408148193,160,0.71,-1.05,173,NEAR_COMPLETE
57.9,30.3,731.0,53,0,1.9,26.183899408148193,165,0.24,-1.05,168,NEAR_COMPLETE
58.7,29.0,746.0,57,0,1.9,26.183899408148193,170,-0.15,-0.85,163,COMPLETE
57.7,28.4,780.0,56,0,1.9,26.183899408148193,175,-0.78,-0.74,158,COMPLETE
57.7,26.6,743.0,56,0,1.9,26.183899408148193,180,-0.01,-1.46,153,COMPLETE
57.8,25.8,776.0,56,0,1.9,26.183899408148193,185,0.63,-0.72,148,COMPLETE
57.6,25.1,701.0,56,0,1.9,26.183899408148193,190,0.2,-0.8,143,COMPLETE
58.0,24.3,720.0,53,0,1.9,26.183899408148193,195,0.63,-0.38,138,COMPLETE
57.7,25.1,698.0,53,0,1.9,26.183899408148193,200,0.04,0.03,133,COMPLETE
58.4,24.1,703.0,57,0,1.9,26.183899408148193,205,0.27,-1.18,128,COMPLETE
58.7,23.4,696.0,53,0,1.9,26.183899408148193,210,-0.33,-0.57,123,COMPLETE
58.0,23.4,663.0,56,0,1.9,26.183899408148193,215,-0.59,-0.73,118,COMPLETE
58.3,22.7,680.0,55,0,1.9,26.183899408148193,220,-0.01,-0.7,113,COMPLETE
58.3,21.1,639.0,56,0,1.9,26.183899408148193,225,-0.45,-0.37,108,COMPLETE
57.7,20.6,611.0,57,0,1.9,26.183899408148193,230,-0.31,-0.43,103,COMPLETE
58.2,20.8,584.0,57,0,1.9,26.183899408148193,235,0.26,0.48,98,COMPLETE
57.8,20.7,580.0,55,0,1.9,26.183899408148193,240,-0.05,-1.43,93,COMPLETE
57.8,19.5,570.0,56,0,1.9,26.183899408148193,245,0.02,-1.93,88,COMPLETE
57.7,19.3,522.0,54,0,1.9,26.183899408148193,250,0.14,-0.59,83,COMPLETE
57.9,18.3,573.0,57,0,1.9,26.183899408148193,255,0.56,-0.55,78,COMPLETE
57.9,18.9,508.0,55,0,1.9,26.183899408148193,260,0.4,0.01,73,COMPLETE
57.8,18.9,443.0,55,0,1.9,26.183899408148193,265,-0.07,-0.81,68,COMPLETE
57.8,17.9,417.0,53,0,1.9,26.183899408148193,270,-0.13,-1.26,63,COMPLETE
57.0,18.2,367.0,56,0,1.9,26.183899408148193,275,-0.32,0.05,58,COMPLETE
57.3,18.7,320.0,55,0,1.9,26.183899408148193,280,0.07,-0.54,53,COMPLETE
56.7,18.1,293.0,57,0,1.9,26.183899408148193,285,-0.76,-0.21,48,COMPLETE
56.1,17.5,309.0,57,0,1.9,26.183899408148193,290,-0.56,-0.45,43,COMPLETE
55.0,18.1,284.0,57,0,1.9,26.183899408148193,295,-0.72,0.61,38,COMPLETE
53.8,18.0,232.0,57,0,1.9,26.183899408148193,300,-0.65,-0.3,33,COMPLETE
53.5,18.4,145.0,55,0,1.9,26.183899408148193,305,-0.2,-0.04,28,COMPLETE
52.9,18.4,222.0,55,0,1.9,26.183899408148193,310,-0.8,-0.87,23,COMPLETE
52.2,17.8,97.0,56,0,1.9,26.183899408148193,315,-0.54,-0.39,18,COMPLETE
50.3,17.5,35.0,55,0,1.9,26.183899408148193,320,-1.47,0.4,13,COMPLETE
49.5,17.4,85.0,56,0,1.9,26.183899408148193,325,-0.74,0.66,8,COMPLETE
48.3,17.8,0.0,55,0,1.9,26.183899408148193,330,-1.3,0.32,3,COMPLETE
33.6,74.5,4.0,39,1,1.8,25.34222122551979,0,0.05,0.29,183,INITIAL
38.2,72.9,53.0,52,1,1.8,25.34222122551979,5,4.59,-1.53,178,INITIAL
42.0,71.7,130.0,60,1,1.8,25.34222122551979,10,4.7,-1.21,173,ACTIVE_DRYING
47.1,69.3,190.0,84,1,1.8,25.34222122551979,15,5.52,-1.71,168,ACTIVE_DRYING
51.6,67.6,233.0,84,1,1.8,25.34222122551979,20,4.14,-1.79,163,ACTIVE_DRYING
50.8,66.5,308.0,83,0,1.8,25.34222122551979,25,-0.61,-2.01,158,ACTIVE_DRYING
50.5,64.9,360.0,87,0,1.8,25.34222122551979,30,-0.46,-2.11,153,ACTIVE_DRYING
50.6,61.6,444.0,72,0,1.8,25.34222122551979,35,0.13,-2.83,148,ACTIVE_DRYING
50.4,60.8,471.0,68,0,1.8,25.34222122551979,40,-0.07,-1.62,143,ACTIVE_DRYING
50.7,58.3,572.0,70,0,1.8,25.34222122551979,45,0.48,-2.5,138,ACTIVE_DRYING
50.6,57.3,555.0,68,0,1.8,25.34222122551979,50,0.15,-1.87,133,ACTIVE_DRYING
51.7,54.8,612.0,71,0,1.8,25.34222122551979,55,1.72,-1.42,128,ACTIVE_DRYING
52.5,53.0,614.0,70,0,1.8,25.34222122551979,60,0.54,-0.99,123,ACTIVE_DRYING
53.2,52.5,643.0,71,0,1.8,25.34222122551979,65,0.93,-1.15,118,ACTIVE_DRYING
54.6,51.0,658.0,70,0,1.8,25.34222122551979,70,1.35,-2.11,113,ACTIVE_DRYING
55.7,49.8,688.0,70,0,1.8,25.34222122551979,75,0.65,-1.25,108,ACTIVE_DRYING
56.3,47.4,723.0,71,0,1.8,25.34222122551979,80,0.66,-2.55,103,ACTIVE_DRYING
58.1,47.1,701.0,70,0,1.8,25.34222122551979,85,1.46,-0.66,98,ACTIVE_DRYING
57.8,45.4,776.0,72,0,1.8,25.34222122551979,90,-0.18,-2.24,93,ACTIVE_DRYING
57.7,43.9,730.0,71,0,1.8,25.34222122551979,95,0.21,-2.45,88,ACTIVE_DRYING
58.4,41.4,726.0,53,0,1.8,25.34222122551979,100,0.32,-1.08,83,ACTIVE_DRYING
57.7,41.9,697.0,54,0,1.8,25.34222122551979,105,-0.25,0.64,78,NEAR_COMPLETE
58.1,40.4,665.0,54,0,1.8,25.34222122551979,110,0.48,-1.86,73,NEAR_COMPLETE
58.4,38.7,705.0,54,0,1.8,25.34222122551979,115,-0.12,-1.46,68,NEAR_COMPLETE
58.0,39.4,726.0,54,0,1.8,25.34222122551979,120,-0.08,-0.62,63,NEAR_COMPLETE
58.0,36.6,637.0,57,0,1.8,25.34222122551979,125,0.31,-2.88,58,NEAR_COMPLETE
57.7,36.1,608.0,54,0,1.8,25.34222122551979,130,-0.27,0.15,53,NEAR_COMPLETE
58.4,35.9,543.0,53,0,1.8,25.34222122551979,135,0.19,-0.09,48,NEAR_COMPLETE
58.2,36.0,540.0,53,0,1.8,25.34222122551979,140,-0.21,-0.37,43,COMPLETE
58.0,34.7,430.0,56,0,1.8,25.34222122551979,145,-0.31,-0.72,38,COMPLETE
57.4,33.3,401.0,57,0,1.8,25.34222122551979,150,-0.29,-1.07,33,COMPLETE
57.8,33.0,346.0,56,0,1.8,25.34222122551979,155,0.41,-0.6,28,COMPLETE
56.6,31.7,281.0,57,0,1.8,25.34222122551979,160,-1.26,-0.96,23,COMPLETE
56.1,31.2,235.0,56,0,1.8,25.34222122551979,165,-0.39,-0.64,18,COMPLETE
55.2,29.9,165.0,53,0,1.8,25.34222122551979,170,-0.96,-1.08,13,COMPLETE
53.8,28.7,107.0,54,0,1.8,25.34222122551979,175,-1.52,-1.26,8,COMPLETE
51.4,28.0,34.0,56,0,1.8,25.34222122551979,180,-2.09,-0.51,3,COMPLETE
